2026-01-03 18:39:06,000 [INFO] Fetching metadata for URL: https://www.youtube.com/watch?v=rS4-dTxIHes
2026-01-03 18:39:09,208 [INFO] Metadata loaded: How to speedrun fixing typos
2026-01-03 18:39:15,782 [INFO] Starting download with args: ['https://www.youtube.com/watch?v=rS4-dTxIHes', '-P', '/home/simon', '-x', '--audio-format', 'mp3']
2026-01-03 18:39:15,791 [DEBUG] /home/simon/Documents/coding/github/ytdown/.env/bin/python3: No module named yt_dlp.__main__; 'yt_dlp' is a package and cannot be directly executed
2026-01-03 18:39:22,976 [INFO] Starting download with args: ['https://www.youtube.com/watch?v=rS4-dTxIHes', '-P', '/home/simon/Documents/coding/github/ytdown/src', '-x', '--audio-format', 'mp3']
2026-01-03 18:39:22,984 [DEBUG] /home/simon/Documents/coding/github/ytdown/.env/bin/python3: No module named yt_dlp.__main__; 'yt_dlp' is a package and cannot be directly executed
2026-01-03 18:39:23,232 [INFO] Starting download with args: ['https://www.youtube.com/watch?v=rS4-dTxIHes', '-P', '/home/simon/Documents/coding/github/ytdown/src', '-x', '--audio-format', 'mp3']
2026-01-03 18:39:23,240 [DEBUG] /home/simon/Documents/coding/github/ytdown/.env/bin/python3: No module named yt_dlp.__main__; 'yt_dlp' is a package and cannot be directly executed
2026-01-03 18:39:23,392 [INFO] Starting download with args: ['https://www.youtube.com/watch?v=rS4-dTxIHes', '-P', '/home/simon/Documents/coding/github/ytdown/src', '-x', '--audio-format', 'mp3']
2026-01-03 18:39:23,400 [DEBUG] /home/simon/Documents/coding/github/ytdown/.env/bin/python3: No module named yt_dlp.__main__; 'yt_dlp' is a package and cannot be directly executed
2026-01-03 18:39:23,541 [INFO] Starting download with args: ['https://www.youtube.com/watch?v=rS4-dTxIHes', '-P', '/home/simon/Documents/coding/github/ytdown/src', '-x', '--audio-format', 'mp3']
2026-01-03 18:39:23,549 [DEBUG] /home/simon/Documents/coding/github/ytdown/.env/bin/python3: No module named yt_dlp.__main__; 'yt_dlp' is a package and cannot be directly executed
2026-01-03 18:40:32,621 [INFO] Fetching metadata for URL: 
2026-01-03 18:40:33,383 [ERROR] Error loading metadata: ERROR: [generic] '' is not a valid URL. Set --default-search "ytsearch" (or run  yt-dlp "ytsearch:" ) to search YouTube
2026-01-03 18:40:42,265 [INFO] Fetching metadata for URL: https://www.youtube.com/watch?v=rS4-dTxIHes
2026-01-03 18:40:45,454 [INFO] Metadata loaded: How to speedrun fixing typos
2026-01-03 18:40:47,599 [INFO] Starting download with args: ['https://www.youtube.com/watch?v=rS4-dTxIHes', '-P', '/home/simon', '-f', 'bv*+ba/b', '--remux-video', 'mp4']
2026-01-03 18:40:47,607 [DEBUG] /home/simon/Documents/coding/github/ytdown/.env/bin/python3: No module named yt_dlp.__main__; 'yt_dlp' is a package and cannot be directly executed
2026-01-03 18:40:51,864 [INFO] Starting download with args: ['https://www.youtube.com/watch?v=rS4-dTxIHes', '-P', '/home/simon', '-f', 'bv*+ba/b', '--remux-video', 'mp4']
2026-01-03 18:40:51,873 [DEBUG] /home/simon/Documents/coding/github/ytdown/.env/bin/python3: No module named yt_dlp.__main__; 'yt_dlp' is a package and cannot be directly executed
2026-01-03 18:43:33,202 [INFO] Fetching metadata for URL: https://www.youtube.com/watch?v=rS4-dTxIHes
2026-01-03 18:43:36,390 [INFO] Metadata loaded: How to speedrun fixing typos
2026-01-03 18:43:43,952 [INFO] Starting download with args: ['https://www.youtube.com/watch?v=rS4-dTxIHes', '-P', '/home/simon/Documents/coding/github/ytdown/src', '-x', '--audio-format', 'mp3']
2026-01-03 18:43:44,634 [DEBUG] [youtube] Extracting URL: https://www.youtube.com/watch?v=rS4-dTxIHes
2026-01-03 18:43:44,634 [DEBUG] [youtube] rS4-dTxIHes: Downloading webpage
2026-01-03 18:43:45,665 [DEBUG] [youtube] rS4-dTxIHes: Downloading tv client config
2026-01-03 18:43:45,793 [DEBUG] [youtube] rS4-dTxIHes: Downloading tv player API JSON
2026-01-03 18:43:45,895 [DEBUG] [youtube] rS4-dTxIHes: Downloading ios player API JSON
2026-01-03 18:43:46,051 [DEBUG] [youtube] rS4-dTxIHes: Downloading player 50cc0679-player_es6_vflset_en_US_base
2026-01-03 18:43:46,496 [DEBUG] WARNING: [youtube] Falling back to generic n function search
2026-01-03 18:43:46,497 [DEBUG] player = https://www.youtube.com/s/player/50cc0679/player_es6.vflset/en_US/base.js
2026-01-03 18:43:46,506 [DEBUG] WARNING: [youtube] rS4-dTxIHes: nsig extraction failed: Some formats may be missing
2026-01-03 18:43:46,506 [DEBUG] n = H1eFkFjFqTxzCzEDFL ; player = https://www.youtube.com/s/player/50cc0679/player_es6.vflset/en_US/base.js
2026-01-03 18:43:46,506 [DEBUG] Please report this issue on  https://github.com/yt-dlp/yt-dlp/issues?q= , filling out the appropriate issue template. Confirm you are on the latest version using  yt-dlp -U
2026-01-03 18:43:46,506 [DEBUG] WARNING: [youtube] rS4-dTxIHes: Some web client https formats have been skipped as they are missing a url. YouTube is forcing SABR streaming for this client. See  https://github.com/yt-dlp/yt-dlp/issues/12482  for more details
2026-01-03 18:43:46,507 [DEBUG] [youtube] rS4-dTxIHes: Downloading m3u8 information
2026-01-03 18:43:46,814 [DEBUG] [info] rS4-dTxIHes: Downloading 1 format(s): 234
2026-01-03 18:43:46,822 [DEBUG] [hlsnative] Downloading m3u8 manifest
2026-01-03 18:43:47,067 [DEBUG] [hlsnative] Total fragments: 244
2026-01-03 18:43:47,067 [DEBUG] [download] Destination: /home/simon/Documents/coding/github/ytdown/src/How to speedrun fixing typos [rS4-dTxIHes].mp4
2026-01-03 18:43:47,372 [DEBUG] 
2026-01-03 18:43:47,373 [DEBUG] [download] 100.0% of ~   1.00KiB at   1009.18B/s ETA Unknown (frag 0/244)
2026-01-03 18:43:47,373 [DEBUG] [download]   1.2% of ~ 244.00KiB at   1009.18B/s ETA Unknown (frag 0/244)
2026-01-03 18:43:47,374 [DEBUG] [download]   1.0% of ~ 732.00KiB at   1009.18B/s ETA Unknown (frag 0/244)
2026-01-03 18:43:47,377 [DEBUG] [download]   0.9% of ~   1.67MiB at   1009.18B/s ETA Unknown (frag 0/244)
2026-01-03 18:43:47,387 [DEBUG] [download]   0.8% of ~   3.57MiB at   1009.18B/s ETA Unknown (frag 0/244)
2026-01-03 18:43:47,387 [DEBUG] [download]   0.8% of ~   7.39MiB at   1009.18B/s ETA Unknown (frag 0/244)
2026-01-03 18:43:47,450 [DEBUG] [download]   0.2% of ~  28.65MiB at   1009.18B/s ETA Unknown (frag 1/244)
2026-01-03 18:43:47,451 [DEBUG] [download]   0.8% of ~   7.16MiB at   48.62KiB/s ETA Unknown (frag 1/244)
2026-01-03 18:43:47,451 [DEBUG] [download]   0.8% of ~   7.28MiB at   48.62KiB/s ETA Unknown (frag 1/244)
2026-01-03 18:43:47,453 [DEBUG] [download]   0.9% of ~   7.52MiB at   48.62KiB/s ETA Unknown (frag 1/244)
2026-01-03 18:43:47,456 [DEBUG] [download]   0.9% of ~   8.00MiB at   48.62KiB/s ETA Unknown (frag 1/244)
2026-01-03 18:43:47,461 [DEBUG] [download]   1.0% of ~   8.95MiB at   48.62KiB/s ETA Unknown (frag 1/244)
2026-01-03 18:43:47,491 [DEBUG] [download]   1.1% of ~  10.86MiB at   48.62KiB/s ETA Unknown (frag 1/244)
2026-01-03 18:43:47,492 [DEBUG] [download]   0.9% of ~  14.67MiB at   48.62KiB/s ETA Unknown (frag 1/244)
2026-01-03 18:43:47,606 [DEBUG] [download]   0.5% of ~  26.17MiB at   48.62KiB/s ETA Unknown (frag 2/244)
2026-01-03 18:43:47,606 [DEBUG] [download]   1.2% of ~  11.11MiB at  112.60KiB/s ETA Unknown (frag 2/244)
2026-01-03 18:43:47,607 [DEBUG] [download]   1.2% of ~  11.19MiB at  112.60KiB/s ETA Unknown (frag 2/244)
2026-01-03 18:43:47,608 [DEBUG] [download]   1.3% of ~  11.35MiB at  112.60KiB/s ETA Unknown (frag 2/244)
2026-01-03 18:43:47,613 [DEBUG] [download]   1.3% of ~  11.67MiB at  112.60KiB/s ETA Unknown (frag 2/244)
2026-01-03 18:43:47,615 [DEBUG] [download]   1.4% of ~  12.30MiB at  112.60KiB/s ETA Unknown (frag 2/244)
2026-01-03 18:43:47,616 [DEBUG] [download]   1.4% of ~  13.57MiB at  112.60KiB/s ETA Unknown (frag 2/244)
2026-01-03 18:43:47,682 [DEBUG] [download]   1.0% of ~  20.01MiB at  112.60KiB/s ETA Unknown (frag 3/244)
2026-01-03 18:43:47,682 [DEBUG] [download]   1.6% of ~  11.67MiB at  174.98KiB/s ETA Unknown (frag 3/244)
2026-01-03 18:43:47,684 [DEBUG] [download]   1.7% of ~  11.73MiB at  174.98KiB/s ETA Unknown (frag 3/244)
2026-01-03 18:43:47,685 [DEBUG] [download]   1.7% of ~  11.85MiB at  174.98KiB/s ETA Unknown (frag 3/244)
2026-01-03 18:43:47,692 [DEBUG] [download]   1.7% of ~  12.09MiB at  174.98KiB/s ETA Unknown (frag 3/244)
2026-01-03 18:43:47,696 [DEBUG] [download]   1.8% of ~  12.56MiB at  174.98KiB/s ETA Unknown (frag 3/244)
2026-01-03 18:43:47,698 [DEBUG] [download]   1.9% of ~  13.52MiB at  174.98KiB/s ETA Unknown (frag 3/244)
2026-01-03 18:43:47,698 [DEBUG] [download]   1.9% of ~  15.42MiB at  174.98KiB/s ETA Unknown (frag 3/244)
2026-01-03 18:43:47,757 [DEBUG] [download]   1.2% of ~  23.32MiB at  174.98KiB/s ETA Unknown (frag 4/244)
2026-01-03 18:43:47,758 [DEBUG] [download]   2.1% of ~  14.00MiB at  250.66KiB/s ETA Unknown (frag 4/244)
2026-01-03 18:43:47,758 [DEBUG] [download]   2.1% of ~  14.04MiB at  250.66KiB/s ETA Unknown (frag 4/244)
2026-01-03 18:43:47,762 [DEBUG] [download]   2.1% of ~  14.14MiB at  250.66KiB/s ETA Unknown (frag 4/244)
2026-01-03 18:43:47,763 [DEBUG] [download]   2.1% of ~  14.33MiB at  250.66KiB/s ETA Unknown (frag 4/244)
2026-01-03 18:43:47,769 [DEBUG] [download]   2.2% of ~  14.71MiB at  250.66KiB/s ETA Unknown (frag 4/244)
2026-01-03 18:43:47,772 [DEBUG] [download]   2.3% of ~  15.47MiB at  250.66KiB/s ETA Unknown (frag 4/244)
2026-01-03 18:43:47,772 [DEBUG] [download]   2.3% of ~  17.00MiB at  250.66KiB/s ETA Unknown (frag 4/244)
2026-01-03 18:43:47,826 [DEBUG] [download]   1.6% of ~  24.58MiB at  250.66KiB/s ETA Unknown (frag 5/244)
2026-01-03 18:43:47,826 [DEBUG] [download]   2.5% of ~  16.08MiB at  336.02KiB/s ETA Unknown (frag 5/244)
2026-01-03 18:43:47,827 [DEBUG] [download]   2.5% of ~  16.11MiB at  336.02KiB/s ETA Unknown (frag 5/244)
2026-01-03 18:43:47,829 [DEBUG] [download]   2.5% of ~  16.19MiB at  336.02KiB/s ETA Unknown (frag 5/244)
2026-01-03 18:43:47,833 [DEBUG] [download]   2.5% of ~  16.35MiB at  336.02KiB/s ETA Unknown (frag 5/244)
2026-01-03 18:43:47,836 [DEBUG] [download]   2.6% of ~  16.67MiB at  336.02KiB/s ETA Unknown (frag 5/244)
2026-01-03 18:43:47,839 [DEBUG] [download]   2.6% of ~  17.31MiB at  336.02KiB/s ETA Unknown (frag 5/244)
2026-01-03 18:43:47,840 [DEBUG] [download]   2.6% of ~  18.58MiB at  336.02KiB/s ETA Unknown (frag 5/244)
2026-01-03 18:43:47,902 [DEBUG] [download]   2.1% of ~  23.53MiB at  336.02KiB/s ETA Unknown (frag 6/244)
2026-01-03 18:43:47,903 [DEBUG] [download]   2.9% of ~  16.97MiB at  414.76KiB/s ETA Unknown (frag 6/244)
2026-01-03 18:43:47,903 [DEBUG] [download]   2.9% of ~  17.01MiB at  414.76KiB/s ETA Unknown (frag 6/244)
2026-01-03 18:43:47,904 [DEBUG] [download]   2.9% of ~  17.07MiB at  414.76KiB/s ETA Unknown (frag 6/244)
2026-01-03 18:43:47,906 [DEBUG] [download]   2.9% of ~  17.21MiB at  414.76KiB/s ETA Unknown (frag 6/244)
2026-01-03 18:43:47,908 [DEBUG] [download]   3.0% of ~  17.48MiB at  414.76KiB/s ETA Unknown (frag 6/244)
2026-01-03 18:43:47,909 [DEBUG] [download]   3.0% of ~  18.03MiB at  414.76KiB/s ETA Unknown (frag 6/244)
2026-01-03 18:43:47,974 [DEBUG] [download]   2.6% of ~  20.19MiB at  414.76KiB/s ETA Unknown (frag 7/244)
2026-01-03 18:43:47,975 [DEBUG] [download]   3.3% of ~  16.26MiB at  471.35KiB/s ETA Unknown (frag 7/244)
2026-01-03 18:43:47,975 [DEBUG] [download]   3.3% of ~  16.29MiB at  471.35KiB/s ETA Unknown (frag 7/244)
2026-01-03 18:43:47,977 [DEBUG] [download]   3.3% of ~  16.35MiB at  471.35KiB/s ETA Unknown (frag 7/244)
2026-01-03 18:43:47,980 [DEBUG] [download]   3.3% of ~  16.47MiB at  471.35KiB/s ETA Unknown (frag 7/244)
2026-01-03 18:43:47,983 [DEBUG] [download]   3.4% of ~  16.71MiB at  471.35KiB/s ETA Unknown (frag 7/244)
2026-01-03 18:43:47,989 [DEBUG] [download]   3.5% of ~  17.18MiB at  471.35KiB/s ETA Unknown (frag 7/244)
2026-01-03 18:43:47,990 [DEBUG] [download]   3.4% of ~  18.14MiB at  471.35KiB/s ETA Unknown (frag 7/244)
2026-01-03 18:43:48,050 [DEBUG] [download]   2.9% of ~  21.80MiB at  471.35KiB/s ETA Unknown (frag 8/244)
2026-01-03 18:43:48,050 [DEBUG] [download]   3.7% of ~  16.91MiB at  525.38KiB/s ETA Unknown (frag 8/244)
2026-01-03 18:43:48,051 [DEBUG] [download]   3.7% of ~  16.94MiB at  525.38KiB/s ETA Unknown (frag 8/244)
2026-01-03 18:43:48,053 [DEBUG] [download]   3.7% of ~  16.99MiB at  525.38KiB/s ETA Unknown (frag 8/244)
2026-01-03 18:43:48,055 [DEBUG] [download]   3.7% of ~  17.10MiB at  525.38KiB/s ETA Unknown (frag 8/244)
2026-01-03 18:43:48,060 [DEBUG] [download]   3.8% of ~  17.31MiB at  525.38KiB/s ETA Unknown (frag 8/244)
2026-01-03 18:43:48,063 [DEBUG] [download]   3.9% of ~  17.73MiB at  525.38KiB/s ETA Unknown (frag 8/244)
2026-01-03 18:43:48,064 [DEBUG] [download]   3.8% of ~  18.58MiB at  525.38KiB/s ETA Unknown (frag 8/244)
2026-01-03 18:43:48,146 [DEBUG] [download]   3.3% of ~  21.64MiB at  525.38KiB/s ETA Unknown (frag 9/244)
2026-01-03 18:43:48,146 [DEBUG] [download]   4.1% of ~  17.35MiB at  570.66KiB/s ETA 00:25 (frag 9/244)
2026-01-03 18:43:48,147 [DEBUG] [download]   4.1% of ~  17.37MiB at  570.66KiB/s ETA 00:25 (frag 9/244)
2026-01-03 18:43:48,149 [DEBUG] [download]   4.1% of ~  17.42MiB at  570.66KiB/s ETA 00:25 (frag 9/244)
2026-01-03 18:43:48,158 [DEBUG] [download]   4.1% of ~  17.52MiB at  570.66KiB/s ETA 00:25 (frag 9/244)
2026-01-03 18:43:48,160 [DEBUG] [download]   4.2% of ~  17.71MiB at  570.66KiB/s ETA 00:25 (frag 9/244)
2026-01-03 18:43:48,162 [DEBUG] [download]   4.3% of ~  18.09MiB at  570.66KiB/s ETA 00:25 (frag 9/244)
2026-01-03 18:43:48,162 [DEBUG] [download]   4.2% of ~  18.85MiB at  570.66KiB/s ETA 00:25 (frag 9/244)
2026-01-03 18:43:48,278 [DEBUG] [download]   3.7% of ~  21.67MiB at  570.66KiB/s ETA 00:25 (frag 10/244)
2026-01-03 18:43:48,278 [DEBUG] [download]   4.5% of ~  17.74MiB at  602.66KiB/s ETA 00:25 (frag 10/244)
2026-01-03 18:43:48,279 [DEBUG] [download]   4.5% of ~  17.76MiB at  602.66KiB/s ETA 00:25 (frag 10/244)
2026-01-03 18:43:48,284 [DEBUG] [download]   4.5% of ~  17.80MiB at  602.66KiB/s ETA 00:25 (frag 10/244)
2026-01-03 18:43:48,287 [DEBUG] [download]   4.6% of ~  17.89MiB at  602.66KiB/s ETA 00:25 (frag 10/244)
2026-01-03 18:43:48,289 [DEBUG] [download]   4.6% of ~  18.06MiB at  602.66KiB/s ETA 00:25 (frag 10/244)
2026-01-03 18:43:48,291 [DEBUG] [download]   4.7% of ~  18.41MiB at  602.66KiB/s ETA 00:25 (frag 10/244)
2026-01-03 18:43:48,292 [DEBUG] [download]   4.6% of ~  19.10MiB at  602.66KiB/s ETA 00:25 (frag 10/244)
2026-01-03 18:43:48,354 [DEBUG] [download]   4.1% of ~  21.28MiB at  602.66KiB/s ETA 00:25 (frag 11/244)
2026-01-03 18:43:48,354 [DEBUG] [download]   4.9% of ~  17.88MiB at  632.14KiB/s ETA 00:25 (frag 11/244)
2026-01-03 18:43:48,355 [DEBUG] [download]   4.9% of ~  17.90MiB at  632.14KiB/s ETA 00:25 (frag 11/244)
2026-01-03 18:43:48,356 [DEBUG] [download]   4.9% of ~  17.94MiB at  632.14KiB/s ETA 00:25 (frag 11/244)
2026-01-03 18:43:48,360 [DEBUG] [download]   5.0% of ~  18.02MiB at  632.14KiB/s ETA 00:25 (frag 11/244)
2026-01-03 18:43:48,362 [DEBUG] [download]   5.0% of ~  18.18MiB at  632.14KiB/s ETA 00:25 (frag 11/244)
2026-01-03 18:43:48,363 [DEBUG] [download]   5.0% of ~  18.50MiB at  632.14KiB/s ETA 00:25 (frag 11/244)
2026-01-03 18:43:48,430 [DEBUG] [download]   4.7% of ~  19.78MiB at  632.14KiB/s ETA 00:25 (frag 12/244)
2026-01-03 18:43:48,431 [DEBUG] [download]   5.3% of ~  17.38MiB at  651.51KiB/s ETA 00:25 (frag 12/244)
2026-01-03 18:43:48,432 [DEBUG] [download]   5.3% of ~  17.40MiB at  651.51KiB/s ETA 00:25 (frag 12/244)
2026-01-03 18:43:48,433 [DEBUG] [download]   5.4% of ~  17.44MiB at  651.51KiB/s ETA 00:25 (frag 12/244)
2026-01-03 18:43:48,437 [DEBUG] [download]   5.4% of ~  17.51MiB at  651.51KiB/s ETA 00:25 (frag 12/244)
2026-01-03 18:43:48,442 [DEBUG] [download]   5.4% of ~  17.66MiB at  651.51KiB/s ETA 00:25 (frag 12/244)
2026-01-03 18:43:48,462 [DEBUG] [download]   5.5% of ~  17.95MiB at  651.51KiB/s ETA 00:25 (frag 12/244)
2026-01-03 18:43:48,463 [DEBUG] [download]   5.6% of ~  18.54MiB at  651.51KiB/s ETA 00:25 (frag 12/244)
2026-01-03 18:43:48,503 [DEBUG] [download]   4.8% of ~  21.47MiB at  651.51KiB/s ETA 00:25 (frag 13/244)
2026-01-03 18:43:48,503 [DEBUG] [download]   5.7% of ~  18.04MiB at  677.84KiB/s ETA 00:24 (frag 13/244)
2026-01-03 18:43:48,504 [DEBUG] [download]   5.7% of ~  18.06MiB at  677.84KiB/s ETA 00:24 (frag 13/244)
2026-01-03 18:43:48,506 [DEBUG] [download]   5.8% of ~  18.09MiB at  677.84KiB/s ETA 00:24 (frag 13/244)
2026-01-03 18:43:48,510 [DEBUG] [download]   5.8% of ~  18.16MiB at  677.84KiB/s ETA 00:24 (frag 13/244)
2026-01-03 18:43:48,512 [DEBUG] [download]   5.8% of ~  18.30MiB at  677.84KiB/s ETA 00:24 (frag 13/244)
2026-01-03 18:43:48,512 [DEBUG] [download]   5.8% of ~  18.57MiB at  677.84KiB/s ETA 00:24 (frag 13/244)
2026-01-03 18:43:48,603 [DEBUG] [download]   5.5% of ~  19.75MiB at  677.84KiB/s ETA 00:24 (frag 14/244)
2026-01-03 18:43:48,603 [DEBUG] [download]   6.2% of ~  17.63MiB at  691.61KiB/s ETA 00:24 (frag 14/244)
2026-01-03 18:43:48,604 [DEBUG] [download]   6.2% of ~  17.65MiB at  691.61KiB/s ETA 00:24 (frag 14/244)
2026-01-03 18:43:48,609 [DEBUG] [download]   6.2% of ~  17.68MiB at  691.61KiB/s ETA 00:24 (frag 14/244)
2026-01-03 18:43:48,611 [DEBUG] [download]   6.2% of ~  17.74MiB at  691.61KiB/s ETA 00:24 (frag 14/244)
2026-01-03 18:43:48,615 [DEBUG] [download]   6.2% of ~  17.87MiB at  691.61KiB/s ETA 00:24 (frag 14/244)
2026-01-03 18:43:48,615 [DEBUG] [download]   6.3% of ~  18.13MiB at  691.61KiB/s ETA 00:24 (frag 14/244)
2026-01-03 18:43:48,616 [DEBUG] [download]   6.2% of ~  18.63MiB at  691.61KiB/s ETA 00:24 (frag 14/244)
2026-01-03 18:43:48,734 [DEBUG] [download]   5.8% of ~  20.06MiB at  691.61KiB/s ETA 00:24 (frag 15/244)
2026-01-03 18:43:48,735 [DEBUG] [download]   6.6% of ~  17.67MiB at  697.88KiB/s ETA 00:24 (frag 15/244)
2026-01-03 18:43:48,735 [DEBUG] [download]   6.6% of ~  17.68MiB at  697.88KiB/s ETA 00:24 (frag 15/244)
2026-01-03 18:43:48,739 [DEBUG] [download]   6.6% of ~  17.71MiB at  697.88KiB/s ETA 00:24 (frag 15/244)
2026-01-03 18:43:48,741 [DEBUG] [download]   6.6% of ~  17.77MiB at  697.88KiB/s ETA 00:24 (frag 15/244)
2026-01-03 18:43:48,744 [DEBUG] [download]   6.6% of ~  17.89MiB at  697.88KiB/s ETA 00:24 (frag 15/244)
2026-01-03 18:43:48,745 [DEBUG] [download]   6.7% of ~  18.13MiB at  697.88KiB/s ETA 00:24 (frag 15/244)
2026-01-03 18:43:48,810 [DEBUG] [download]   6.3% of ~  19.45MiB at  697.88KiB/s ETA 00:24 (frag 16/244)
2026-01-03 18:43:48,810 [DEBUG] [download]   7.0% of ~  17.47MiB at  703.25KiB/s ETA 00:24 (frag 16/244)
2026-01-03 18:43:48,811 [DEBUG] [download]   7.0% of ~  17.48MiB at  703.25KiB/s ETA 00:24 (frag 16/244)
2026-01-03 18:43:48,813 [DEBUG] [download]   7.0% of ~  17.51MiB at  703.25KiB/s ETA 00:24 (frag 16/244)
2026-01-03 18:43:48,815 [DEBUG] [download]   7.0% of ~  17.56MiB at  703.25KiB/s ETA 00:24 (frag 16/244)
2026-01-03 18:43:48,820 [DEBUG] [download]   7.1% of ~  17.68MiB at  703.25KiB/s ETA 00:24 (frag 16/244)
2026-01-03 18:43:48,823 [DEBUG] [download]   7.1% of ~  17.90MiB at  703.25KiB/s ETA 00:24 (frag 16/244)
2026-01-03 18:43:48,823 [DEBUG] [download]   7.1% of ~  18.35MiB at  703.25KiB/s ETA 00:24 (frag 16/244)
2026-01-03 18:43:48,882 [DEBUG] [download]   6.5% of ~  19.93MiB at  703.25KiB/s ETA 00:24 (frag 17/244)
2026-01-03 18:43:48,882 [DEBUG] [download]   7.4% of ~  17.66MiB at  713.02KiB/s ETA 00:24 (frag 17/244)
2026-01-03 18:43:48,883 [DEBUG] [download]   7.4% of ~  17.67MiB at  713.02KiB/s ETA 00:24 (frag 17/244)
2026-01-03 18:43:48,885 [DEBUG] [download]   7.4% of ~  17.70MiB at  713.02KiB/s ETA 00:24 (frag 17/244)
2026-01-03 18:43:48,888 [DEBUG] [download]   7.4% of ~  17.75MiB at  713.02KiB/s ETA 00:24 (frag 17/244)
2026-01-03 18:43:48,890 [DEBUG] [download]   7.5% of ~  17.86MiB at  713.02KiB/s ETA 00:24 (frag 17/244)
2026-01-03 18:43:48,891 [DEBUG] [download]   7.5% of ~  18.07MiB at  713.02KiB/s ETA 00:24 (frag 17/244)
2026-01-03 18:43:48,958 [DEBUG] [download]   7.1% of ~  18.97MiB at  713.02KiB/s ETA 00:24 (frag 18/244)
2026-01-03 18:43:48,959 [DEBUG] [download]   7.8% of ~  17.35MiB at  718.83KiB/s ETA 00:24 (frag 18/244)
2026-01-03 18:43:48,959 [DEBUG] [download]   7.8% of ~  17.36MiB at  718.83KiB/s ETA 00:24 (frag 18/244)
2026-01-03 18:43:48,961 [DEBUG] [download]   7.8% of ~  17.39MiB at  718.83KiB/s ETA 00:24 (frag 18/244)
2026-01-03 18:43:48,965 [DEBUG] [download]   7.8% of ~  17.44MiB at  718.83KiB/s ETA 00:24 (frag 18/244)
2026-01-03 18:43:48,969 [DEBUG] [download]   7.9% of ~  17.54MiB at  718.83KiB/s ETA 00:24 (frag 18/244)
2026-01-03 18:43:48,973 [DEBUG] [download]   8.0% of ~  17.74MiB at  718.83KiB/s ETA 00:24 (frag 18/244)
2026-01-03 18:43:48,974 [DEBUG] [download]   8.0% of ~  18.14MiB at  718.83KiB/s ETA 00:24 (frag 18/244)
2026-01-03 18:43:49,030 [DEBUG] [download]   7.3% of ~  20.02MiB at  718.83KiB/s ETA 00:24 (frag 19/244)
2026-01-03 18:43:49,031 [DEBUG] [download]   8.2% of ~  17.75MiB at  731.11KiB/s ETA 00:23 (frag 19/244)
2026-01-03 18:43:49,036 [DEBUG] [download]   8.2% of ~  17.76MiB at  731.11KiB/s ETA 00:23 (frag 19/244)
2026-01-03 18:43:49,037 [DEBUG] [download]   8.2% of ~  17.79MiB at  731.11KiB/s ETA 00:23 (frag 19/244)
2026-01-03 18:43:49,041 [DEBUG] [download]   8.2% of ~  17.84MiB at  731.11KiB/s ETA 00:23 (frag 19/244)
2026-01-03 18:43:49,044 [DEBUG] [download]   8.3% of ~  17.93MiB at  731.11KiB/s ETA 00:23 (frag 19/244)
2026-01-03 18:43:49,044 [DEBUG] [download]   8.3% of ~  18.12MiB at  731.11KiB/s ETA 00:23 (frag 19/244)
2026-01-03 18:43:49,106 [DEBUG] [download]   7.9% of ~  19.13MiB at  731.11KiB/s ETA 00:23 (frag 20/244)
2026-01-03 18:43:49,107 [DEBUG] [download]   8.6% of ~  17.56MiB at  739.69KiB/s ETA 00:23 (frag 20/244)
2026-01-03 18:43:49,107 [DEBUG] [download]   8.6% of ~  17.57MiB at  739.69KiB/s ETA 00:23 (frag 20/244)
2026-01-03 18:43:49,109 [DEBUG] [download]   8.6% of ~  17.60MiB at  739.69KiB/s ETA 00:23 (frag 20/244)
2026-01-03 18:43:49,112 [DEBUG] [download]   8.7% of ~  17.64MiB at  739.69KiB/s ETA 00:23 (frag 20/244)
2026-01-03 18:43:49,115 [DEBUG] [download]   8.7% of ~  17.73MiB at  739.69KiB/s ETA 00:23 (frag 20/244)
2026-01-03 18:43:49,116 [DEBUG] [download]   8.8% of ~  17.91MiB at  739.69KiB/s ETA 00:23 (frag 20/244)
2026-01-03 18:43:49,182 [DEBUG] [download]   8.3% of ~  18.87MiB at  739.69KiB/s ETA 00:23 (frag 21/244)
2026-01-03 18:43:49,183 [DEBUG] [download]   9.0% of ~  17.39MiB at  745.68KiB/s ETA 00:23 (frag 21/244)
2026-01-03 18:43:49,183 [DEBUG] [download]   9.0% of ~  17.40MiB at  745.68KiB/s ETA 00:23 (frag 21/244)
2026-01-03 18:43:49,185 [DEBUG] [download]   9.0% of ~  17.42MiB at  745.68KiB/s ETA 00:23 (frag 21/244)
2026-01-03 18:43:49,191 [DEBUG] [download]   9.1% of ~  17.46MiB at  745.68KiB/s ETA 00:23 (frag 21/244)
2026-01-03 18:43:49,193 [DEBUG] [download]   9.1% of ~  17.55MiB at  745.68KiB/s ETA 00:23 (frag 21/244)
2026-01-03 18:43:49,194 [DEBUG] [download]   9.2% of ~  17.72MiB at  745.68KiB/s ETA 00:23 (frag 21/244)
2026-01-03 18:43:49,194 [DEBUG] [download]   9.0% of ~  18.07MiB at  745.68KiB/s ETA 00:23 (frag 21/244)
2026-01-03 18:43:49,258 [DEBUG] [download]   8.7% of ~  18.86MiB at  745.68KiB/s ETA 00:23 (frag 22/244)
2026-01-03 18:43:49,259 [DEBUG] [download]   9.4% of ~  17.33MiB at  751.26KiB/s ETA 00:23 (frag 22/244)
2026-01-03 18:43:49,259 [DEBUG] [download]   9.4% of ~  17.34MiB at  751.26KiB/s ETA 00:23 (frag 22/244)
2026-01-03 18:43:49,264 [DEBUG] [download]   9.4% of ~  17.36MiB at  751.26KiB/s ETA 00:23 (frag 22/244)
2026-01-03 18:43:49,265 [DEBUG] [download]   9.5% of ~  17.41MiB at  751.26KiB/s ETA 00:23 (frag 22/244)
2026-01-03 18:43:49,268 [DEBUG] [download]   9.5% of ~  17.49MiB at  751.26KiB/s ETA 00:23 (frag 22/244)
2026-01-03 18:43:49,268 [DEBUG] [download]   9.6% of ~  17.65MiB at  751.26KiB/s ETA 00:23 (frag 22/244)
2026-01-03 18:43:49,330 [DEBUG] [download]   9.1% of ~  18.56MiB at  751.26KiB/s ETA 00:23 (frag 23/244)
2026-01-03 18:43:49,331 [DEBUG] [download]   9.8% of ~  17.20MiB at  755.68KiB/s ETA 00:22 (frag 23/244)
2026-01-03 18:43:49,331 [DEBUG] [download]   9.8% of ~  17.21MiB at  755.68KiB/s ETA 00:22 (frag 23/244)
2026-01-03 18:43:49,334 [DEBUG] [download]   9.9% of ~  17.23MiB at  755.68KiB/s ETA 00:22 (frag 23/244)
2026-01-03 18:43:49,336 [DEBUG] [download]   9.9% of ~  17.27MiB at  755.68KiB/s ETA 00:22 (frag 23/244)
2026-01-03 18:43:49,341 [DEBUG] [download]   9.9% of ~  17.35MiB at  755.68KiB/s ETA 00:22 (frag 23/244)
2026-01-03 18:43:49,341 [DEBUG] [download]  10.0% of ~  17.50MiB at  755.68KiB/s ETA 00:22 (frag 23/244)
2026-01-03 18:43:49,342 [DEBUG] [download]   9.9% of ~  17.82MiB at  755.68KiB/s ETA 00:22 (frag 23/244)
2026-01-03 18:43:49,422 [DEBUG] [download]   9.5% of ~  18.54MiB at  755.68KiB/s ETA 00:22 (frag 24/244)
2026-01-03 18:43:49,423 [DEBUG] [download]  10.3% of ~  17.15MiB at  758.42KiB/s ETA 00:22 (frag 24/244)
2026-01-03 18:43:49,429 [DEBUG] [download]  10.3% of ~  17.16MiB at  758.42KiB/s ETA 00:22 (frag 24/244)
2026-01-03 18:43:49,429 [DEBUG] [download]  10.3% of ~  17.18MiB at  758.42KiB/s ETA 00:22 (frag 24/244)
2026-01-03 18:43:49,429 [DEBUG] [download]  10.3% of ~  17.22MiB at  758.42KiB/s ETA 00:22 (frag 24/244)
2026-01-03 18:43:49,433 [DEBUG] [download]  10.3% of ~  17.30MiB at  758.42KiB/s ETA 00:22 (frag 24/244)
2026-01-03 18:43:49,434 [DEBUG] [download]  10.4% of ~  17.45MiB at  758.42KiB/s ETA 00:22 (frag 24/244)
2026-01-03 18:43:49,435 [DEBUG] [download]  10.4% of ~  17.75MiB at  758.42KiB/s ETA 00:22 (frag 24/244)
2026-01-03 18:43:49,479 [DEBUG] [download]   9.8% of ~  18.84MiB at  758.42KiB/s ETA 00:22 (frag 25/244)
2026-01-03 18:43:49,480 [DEBUG] [download]  10.7% of ~  17.30MiB at  765.89KiB/s ETA 00:22 (frag 25/244)
2026-01-03 18:43:49,480 [DEBUG] [download]  10.7% of ~  17.31MiB at  765.89KiB/s ETA 00:22 (frag 25/244)
2026-01-03 18:43:49,482 [DEBUG] [download]  10.7% of ~  17.33MiB at  765.89KiB/s ETA 00:22 (frag 25/244)
2026-01-03 18:43:49,539 [DEBUG] [download]  10.7% of ~  17.37MiB at  765.89KiB/s ETA 00:22 (frag 25/244)
2026-01-03 18:43:49,545 [DEBUG] [download]  10.7% of ~  17.44MiB at  769.09KiB/s ETA 00:22 (frag 25/244)
2026-01-03 18:43:49,548 [DEBUG] [download]  10.8% of ~  17.59MiB at  769.09KiB/s ETA 00:22 (frag 25/244)
2026-01-03 18:43:49,549 [DEBUG] [download]  10.8% of ~  17.88MiB at  769.09KiB/s ETA 00:22 (frag 25/244)
2026-01-03 18:43:49,610 [DEBUG] [download]  10.2% of ~  18.88MiB at  769.09KiB/s ETA 00:22 (frag 26/244)
2026-01-03 18:43:49,611 [DEBUG] [download]  11.1% of ~  17.42MiB at  771.42KiB/s ETA 00:22 (frag 26/244)
2026-01-03 18:43:49,618 [DEBUG] [download]  11.1% of ~  17.43MiB at  771.42KiB/s ETA 00:22 (frag 26/244)
2026-01-03 18:43:49,620 [DEBUG] [download]  11.1% of ~  17.45MiB at  771.42KiB/s ETA 00:22 (frag 26/244)
2026-01-03 18:43:49,625 [DEBUG] [download]  11.1% of ~  17.48MiB at  771.42KiB/s ETA 00:22 (frag 26/244)
2026-01-03 18:43:49,637 [DEBUG] [download]  11.2% of ~  17.56MiB at  771.42KiB/s ETA 00:22 (frag 26/244)
2026-01-03 18:43:49,642 [DEBUG] [download]  11.2% of ~  17.70MiB at  771.42KiB/s ETA 00:22 (frag 26/244)
2026-01-03 18:43:49,643 [DEBUG] [download]  11.2% of ~  17.98MiB at  771.42KiB/s ETA 00:22 (frag 26/244)
2026-01-03 18:43:49,704 [DEBUG] [download]  10.6% of ~  18.99MiB at  771.42KiB/s ETA 00:22 (frag 27/244)
2026-01-03 18:43:49,704 [DEBUG] [download]  11.5% of ~  17.56MiB at  774.91KiB/s ETA 00:21 (frag 27/244)
2026-01-03 18:43:49,706 [DEBUG] [download]  11.5% of ~  17.56MiB at  774.91KiB/s ETA 00:21 (frag 27/244)
2026-01-03 18:43:49,707 [DEBUG] [download]  11.5% of ~  17.58MiB at  774.91KiB/s ETA 00:21 (frag 27/244)
2026-01-03 18:43:49,710 [DEBUG] [download]  11.5% of ~  17.62MiB at  774.91KiB/s ETA 00:21 (frag 27/244)
2026-01-03 18:43:49,715 [DEBUG] [download]  11.6% of ~  17.68MiB at  774.91KiB/s ETA 00:21 (frag 27/244)
2026-01-03 18:43:49,717 [DEBUG] [download]  11.7% of ~  17.82MiB at  774.91KiB/s ETA 00:21 (frag 27/244)
2026-01-03 18:43:49,717 [DEBUG] [download]  11.6% of ~  18.09MiB at  774.91KiB/s ETA 00:21 (frag 27/244)
2026-01-03 18:43:49,778 [DEBUG] [download]  11.0% of ~  18.99MiB at  774.91KiB/s ETA 00:21 (frag 28/244)
2026-01-03 18:43:49,779 [DEBUG] [download]  11.9% of ~  17.64MiB at  780.23KiB/s ETA 00:21 (frag 28/244)
2026-01-03 18:43:49,789 [DEBUG] [download]  11.9% of ~  17.65MiB at  780.23KiB/s ETA 00:21 (frag 28/244)
2026-01-03 18:43:49,791 [DEBUG] [download]  11.9% of ~  17.67MiB at  780.23KiB/s ETA 00:21 (frag 28/244)
2026-01-03 18:43:49,800 [DEBUG] [download]  11.9% of ~  17.70MiB at  780.23KiB/s ETA 00:21 (frag 28/244)
2026-01-03 18:43:49,803 [DEBUG] [download]  12.0% of ~  17.77MiB at  780.23KiB/s ETA 00:21 (frag 28/244)
2026-01-03 18:43:49,805 [DEBUG] [download]  12.1% of ~  17.90MiB at  780.23KiB/s ETA 00:21 (frag 28/244)
2026-01-03 18:43:49,806 [DEBUG] [download]  12.1% of ~  18.16MiB at  780.23KiB/s ETA 00:21 (frag 28/244)
2026-01-03 18:43:49,886 [DEBUG] [download]  11.3% of ~  19.41MiB at  780.23KiB/s ETA 00:21 (frag 29/244)
2026-01-03 18:43:49,886 [DEBUG] [download]  12.3% of ~  17.91MiB at  786.33KiB/s ETA 00:21 (frag 29/244)
2026-01-03 18:43:49,887 [DEBUG] [download]  12.3% of ~  17.92MiB at  786.33KiB/s ETA 00:21 (frag 29/244)
2026-01-03 18:43:49,892 [DEBUG] [download]  12.3% of ~  17.93MiB at  786.33KiB/s ETA 00:21 (frag 29/244)
2026-01-03 18:43:49,894 [DEBUG] [download]  12.3% of ~  17.97MiB at  786.33KiB/s ETA 00:21 (frag 29/244)
2026-01-03 18:43:49,901 [DEBUG] [download]  12.4% of ~  18.03MiB at  786.33KiB/s ETA 00:21 (frag 29/244)
2026-01-03 18:43:49,903 [DEBUG] [download]  12.5% of ~  18.16MiB at  786.33KiB/s ETA 00:21 (frag 29/244)
2026-01-03 18:43:49,903 [DEBUG] [download]  12.5% of ~  18.41MiB at  786.33KiB/s ETA 00:21 (frag 29/244)
2026-01-03 18:43:50,006 [DEBUG] [download]  11.8% of ~  19.53MiB at  786.33KiB/s ETA 00:21 (frag 30/244)
2026-01-03 18:43:50,006 [DEBUG] [download]  12.7% of ~  18.12MiB at  791.16KiB/s ETA 00:21 (frag 30/244)
2026-01-03 18:43:50,012 [DEBUG] [download]  12.7% of ~  18.12MiB at  791.16KiB/s ETA 00:21 (frag 30/244)
2026-01-03 18:43:50,012 [DEBUG] [download]  12.7% of ~  18.14MiB at  791.16KiB/s ETA 00:21 (frag 30/244)
2026-01-03 18:43:50,013 [DEBUG] [download]  12.7% of ~  18.17MiB at  791.16KiB/s ETA 00:21 (frag 30/244)
2026-01-03 18:43:50,018 [DEBUG] [download]  12.8% of ~  18.23MiB at  791.16KiB/s ETA 00:21 (frag 30/244)
2026-01-03 18:43:50,022 [DEBUG] [download]  12.9% of ~  18.35MiB at  791.16KiB/s ETA 00:21 (frag 30/244)
2026-01-03 18:43:50,023 [DEBUG] [download]  13.0% of ~  18.60MiB at  791.16KiB/s ETA 00:21 (frag 30/244)
2026-01-03 18:43:50,086 [DEBUG] [download]  12.2% of ~  19.82MiB at  791.16KiB/s ETA 00:21 (frag 31/244)
2026-01-03 18:43:50,087 [DEBUG] [download]  13.1% of ~  18.38MiB at  826.62KiB/s ETA 00:21 (frag 31/244)
2026-01-03 18:43:50,087 [DEBUG] [download]  13.1% of ~  18.38MiB at  826.62KiB/s ETA 00:21 (frag 31/244)
2026-01-03 18:43:50,088 [DEBUG] [download]  13.1% of ~  18.40MiB at  826.62KiB/s ETA 00:21 (frag 31/244)
2026-01-03 18:43:50,093 [DEBUG] [download]  13.2% of ~  18.43MiB at  826.62KiB/s ETA 00:21 (frag 31/244)
2026-01-03 18:43:50,097 [DEBUG] [download]  13.2% of ~  18.49MiB at  826.62KiB/s ETA 00:21 (frag 31/244)
2026-01-03 18:43:50,099 [DEBUG] [download]  13.3% of ~  18.61MiB at  826.62KiB/s ETA 00:21 (frag 31/244)
2026-01-03 18:43:50,100 [DEBUG] [download]  13.3% of ~  18.85MiB at  826.62KiB/s ETA 00:21 (frag 31/244)
2026-01-03 18:43:50,159 [DEBUG] [download]  12.6% of ~  19.94MiB at  826.62KiB/s ETA 00:21 (frag 32/244)
2026-01-03 18:43:50,159 [DEBUG] [download]  13.5% of ~  18.58MiB at  855.65KiB/s ETA 00:20 (frag 32/244)
2026-01-03 18:43:50,160 [DEBUG] [download]  13.5% of ~  18.59MiB at  855.65KiB/s ETA 00:20 (frag 32/244)
2026-01-03 18:43:50,163 [DEBUG] [download]  13.5% of ~  18.60MiB at  855.65KiB/s ETA 00:20 (frag 32/244)
2026-01-03 18:43:50,165 [DEBUG] [download]  13.6% of ~  18.63MiB at  855.65KiB/s ETA 00:20 (frag 32/244)
2026-01-03 18:43:50,171 [DEBUG] [download]  13.6% of ~  18.69MiB at  855.65KiB/s ETA 00:20 (frag 32/244)
2026-01-03 18:43:50,174 [DEBUG] [download]  13.7% of ~  18.80MiB at  855.65KiB/s ETA 00:20 (frag 32/244)
2026-01-03 18:43:50,175 [DEBUG] [download]  13.8% of ~  19.03MiB at  855.65KiB/s ETA 00:20 (frag 32/244)
2026-01-03 18:43:50,235 [DEBUG] [download]  13.0% of ~  20.16MiB at  855.65KiB/s ETA 00:20 (frag 33/244)
2026-01-03 18:43:50,235 [DEBUG] [download]  13.9% of ~  18.80MiB at  880.05KiB/s ETA 00:20 (frag 33/244)
2026-01-03 18:43:50,239 [DEBUG] [download]  13.9% of ~  18.81MiB at  880.05KiB/s ETA 00:20 (frag 33/244)
2026-01-03 18:43:50,239 [DEBUG] [download]  14.0% of ~  18.82MiB at  880.05KiB/s ETA 00:20 (frag 33/244)
2026-01-03 18:43:50,241 [DEBUG] [download]  14.0% of ~  18.85MiB at  880.05KiB/s ETA 00:20 (frag 33/244)
2026-01-03 18:43:50,244 [DEBUG] [download]  14.0% of ~  18.90MiB at  880.05KiB/s ETA 00:20 (frag 33/244)
2026-01-03 18:43:50,244 [DEBUG] [download]  14.0% of ~  19.02MiB at  880.05KiB/s ETA 00:20 (frag 33/244)
2026-01-03 18:43:50,307 [DEBUG] [download]  13.7% of ~  19.47MiB at  880.05KiB/s ETA 00:20 (frag 34/244)
2026-01-03 18:43:50,307 [DEBUG] [download]  14.3% of ~  18.59MiB at  895.15KiB/s ETA 00:20 (frag 34/244)
2026-01-03 18:43:50,308 [DEBUG] [download]  14.4% of ~  18.59MiB at  895.15KiB/s ETA 00:20 (frag 34/244)
2026-01-03 18:43:50,311 [DEBUG] [download]  14.4% of ~  18.61MiB at  895.15KiB/s ETA 00:20 (frag 34/244)
2026-01-03 18:43:50,314 [DEBUG] [download]  14.4% of ~  18.63MiB at  895.15KiB/s ETA 00:20 (frag 34/244)
2026-01-03 18:43:50,329 [DEBUG] [download]  14.4% of ~  18.69MiB at  895.15KiB/s ETA 00:20 (frag 34/244)
2026-01-03 18:43:50,331 [DEBUG] [download]  14.5% of ~  18.80MiB at  895.15KiB/s ETA 00:20 (frag 34/244)
2026-01-03 18:43:50,332 [DEBUG] [download]  14.6% of ~  19.02MiB at  895.15KiB/s ETA 00:20 (frag 34/244)
2026-01-03 18:43:50,382 [DEBUG] [download]  13.8% of ~  20.10MiB at  895.15KiB/s ETA 00:20 (frag 35/244)
2026-01-03 18:43:50,383 [DEBUG] [download]  14.8% of ~  18.81MiB at  911.22KiB/s ETA 00:19 (frag 35/244)
2026-01-03 18:43:50,383 [DEBUG] [download]  14.8% of ~  18.81MiB at  911.22KiB/s ETA 00:19 (frag 35/244)
2026-01-03 18:43:50,384 [DEBUG] [download]  14.8% of ~  18.83MiB at  911.22KiB/s ETA 00:19 (frag 35/244)
2026-01-03 18:43:50,384 [DEBUG] [download]  14.8% of ~  18.85MiB at  911.22KiB/s ETA 00:19 (frag 35/244)
2026-01-03 18:43:50,388 [DEBUG] [download]  14.8% of ~  18.91MiB at  911.22KiB/s ETA 00:19 (frag 35/244)
2026-01-03 18:43:50,399 [DEBUG] [download]  14.9% of ~  19.01MiB at  911.22KiB/s ETA 00:19 (frag 35/244)
2026-01-03 18:43:50,399 [DEBUG] [download]  15.0% of ~  19.22MiB at  911.22KiB/s ETA 00:19 (frag 35/244)
2026-01-03 18:43:50,458 [DEBUG] [download]  14.2% of ~  20.19MiB at  911.22KiB/s ETA 00:19 (frag 36/244)
2026-01-03 18:43:50,458 [DEBUG] [download]  15.2% of ~  18.97MiB at  933.02KiB/s ETA 00:19 (frag 36/244)
2026-01-03 18:43:50,459 [DEBUG] [download]  15.2% of ~  18.98MiB at  933.02KiB/s ETA 00:19 (frag 36/244)
2026-01-03 18:43:50,461 [DEBUG] [download]  15.2% of ~  18.99MiB at  933.02KiB/s ETA 00:19 (frag 36/244)
2026-01-03 18:43:50,461 [DEBUG] [download]  15.2% of ~  19.02MiB at  933.02KiB/s ETA 00:19 (frag 36/244)
2026-01-03 18:43:50,465 [DEBUG] [download]  15.2% of ~  19.07MiB at  933.02KiB/s ETA 00:19 (frag 36/244)
2026-01-03 18:43:50,466 [DEBUG] [download]  15.3% of ~  19.17MiB at  933.02KiB/s ETA 00:19 (frag 36/244)
2026-01-03 18:43:50,534 [DEBUG] [download]  14.9% of ~  19.72MiB at  933.02KiB/s ETA 00:19 (frag 37/244)
2026-01-03 18:43:50,534 [DEBUG] [download]  15.6% of ~  18.84MiB at  946.53KiB/s ETA 00:19 (frag 37/244)
2026-01-03 18:43:50,539 [DEBUG] [download]  15.6% of ~  18.84MiB at  946.53KiB/s ETA 00:19 (frag 37/244)
2026-01-03 18:43:50,539 [DEBUG] [download]  15.6% of ~  18.85MiB at  946.53KiB/s ETA 00:19 (frag 37/244)
2026-01-03 18:43:50,539 [DEBUG] [download]  15.6% of ~  18.88MiB at  946.53KiB/s ETA 00:19 (frag 37/244)
2026-01-03 18:43:50,541 [DEBUG] [download]  15.7% of ~  18.93MiB at  946.53KiB/s ETA 00:19 (frag 37/244)
2026-01-03 18:43:50,541 [DEBUG] [download]  15.7% of ~  19.03MiB at  946.53KiB/s ETA 00:19 (frag 37/244)
2026-01-03 18:43:50,542 [DEBUG] [download]  15.6% of ~  19.23MiB at  946.53KiB/s ETA 00:19 (frag 37/244)
2026-01-03 18:43:50,606 [DEBUG] [download]  15.2% of ~  19.68MiB at  946.53KiB/s ETA 00:19 (frag 38/244)
2026-01-03 18:43:50,606 [DEBUG] [download]  16.0% of ~  18.76MiB at  955.69KiB/s ETA 00:18 (frag 38/244)
2026-01-03 18:43:50,611 [DEBUG] [download]  16.0% of ~  18.77MiB at  955.69KiB/s ETA 00:18 (frag 38/244)
2026-01-03 18:43:50,611 [DEBUG] [download]  16.0% of ~  18.78MiB at  955.69KiB/s ETA 00:18 (frag 38/244)
2026-01-03 18:43:50,611 [DEBUG] [download]  16.0% of ~  18.81MiB at  955.69KiB/s ETA 00:18 (frag 38/244)
2026-01-03 18:43:50,614 [DEBUG] [download]  16.1% of ~  18.85MiB at  955.69KiB/s ETA 00:18 (frag 38/244)
2026-01-03 18:43:50,621 [DEBUG] [download]  16.1% of ~  18.95MiB at  955.69KiB/s ETA 00:18 (frag 38/244)
2026-01-03 18:43:50,621 [DEBUG] [download]  16.2% of ~  19.15MiB at  955.69KiB/s ETA 00:18 (frag 38/244)
2026-01-03 18:43:50,702 [DEBUG] [download]  15.5% of ~  20.00MiB at  955.69KiB/s ETA 00:18 (frag 39/244)
2026-01-03 18:43:50,702 [DEBUG] [download]  16.4% of ~  18.90MiB at  962.32KiB/s ETA 00:18 (frag 39/244)
2026-01-03 18:43:50,703 [DEBUG] [download]  16.4% of ~  18.90MiB at  962.32KiB/s ETA 00:18 (frag 39/244)
2026-01-03 18:43:50,707 [DEBUG] [download]  16.4% of ~  18.92MiB at  962.32KiB/s ETA 00:18 (frag 39/244)
2026-01-03 18:43:50,707 [DEBUG] [download]  16.4% of ~  18.94MiB at  962.32KiB/s ETA 00:18 (frag 39/244)
2026-01-03 18:43:50,713 [DEBUG] [download]  16.5% of ~  18.99MiB at  962.32KiB/s ETA 00:18 (frag 39/244)
2026-01-03 18:43:50,716 [DEBUG] [download]  16.6% of ~  19.08MiB at  962.32KiB/s ETA 00:18 (frag 39/244)
2026-01-03 18:43:50,717 [DEBUG] [download]  16.6% of ~  19.27MiB at  962.32KiB/s ETA 00:18 (frag 39/244)
2026-01-03 18:43:50,754 [DEBUG] [download]  15.9% of ~  20.23MiB at  962.32KiB/s ETA 00:18 (frag 40/244)
2026-01-03 18:43:50,755 [DEBUG] [download]  16.8% of ~  19.09MiB at  972.96KiB/s ETA 00:18 (frag 40/244)
2026-01-03 18:43:50,756 [DEBUG] [download]  16.8% of ~  19.09MiB at  972.96KiB/s ETA 00:18 (frag 40/244)
2026-01-03 18:43:50,757 [DEBUG] [download]  16.8% of ~  19.10MiB at  972.96KiB/s ETA 00:18 (frag 40/244)
2026-01-03 18:43:50,760 [DEBUG] [download]  16.8% of ~  19.13MiB at  972.96KiB/s ETA 00:18 (frag 40/244)
2026-01-03 18:43:50,766 [DEBUG] [download]  16.9% of ~  19.17MiB at  972.96KiB/s ETA 00:18 (frag 40/244)
2026-01-03 18:43:50,768 [DEBUG] [download]  17.0% of ~  19.27MiB at  972.96KiB/s ETA 00:18 (frag 40/244)
2026-01-03 18:43:50,769 [DEBUG] [download]  16.9% of ~  19.45MiB at  972.96KiB/s ETA 00:18 (frag 40/244)
2026-01-03 18:43:50,834 [DEBUG] [download]  16.4% of ~  20.11MiB at  972.96KiB/s ETA 00:18 (frag 41/244)
2026-01-03 18:43:50,835 [DEBUG] [download]  17.2% of ~  19.13MiB at  975.08KiB/s ETA 00:18 (frag 41/244)
2026-01-03 18:43:50,839 [DEBUG] [download]  17.2% of ~  19.14MiB at  975.08KiB/s ETA 00:18 (frag 41/244)
2026-01-03 18:43:50,839 [DEBUG] [download]  17.2% of ~  19.15MiB at  975.08KiB/s ETA 00:18 (frag 41/244)
2026-01-03 18:43:50,839 [DEBUG] [download]  17.3% of ~  19.17MiB at  975.08KiB/s ETA 00:18 (frag 41/244)
2026-01-03 18:43:50,841 [DEBUG] [download]  17.3% of ~  19.21MiB at  975.08KiB/s ETA 00:18 (frag 41/244)
2026-01-03 18:43:50,842 [DEBUG] [download]  17.4% of ~  19.31MiB at  975.08KiB/s ETA 00:18 (frag 41/244)
2026-01-03 18:43:50,843 [DEBUG] [download]  17.3% of ~  19.49MiB at  975.08KiB/s ETA 00:18 (frag 41/244)
2026-01-03 18:43:50,906 [DEBUG] [download]  16.8% of ~  20.04MiB at  975.08KiB/s ETA 00:18 (frag 42/244)
2026-01-03 18:43:50,907 [DEBUG] [download]  17.6% of ~  19.13MiB at  979.89KiB/s ETA 00:18 (frag 42/244)
2026-01-03 18:43:50,913 [DEBUG] [download]  17.6% of ~  19.14MiB at  979.89KiB/s ETA 00:18 (frag 42/244)
2026-01-03 18:43:50,914 [DEBUG] [download]  17.6% of ~  19.15MiB at  979.89KiB/s ETA 00:18 (frag 42/244)
2026-01-03 18:43:50,919 [DEBUG] [download]  17.7% of ~  19.17MiB at  979.89KiB/s ETA 00:18 (frag 42/244)
2026-01-03 18:43:50,923 [DEBUG] [download]  17.7% of ~  19.21MiB at  979.89KiB/s ETA 00:18 (frag 42/244)
2026-01-03 18:43:50,926 [DEBUG] [download]  17.8% of ~  19.30MiB at  979.89KiB/s ETA 00:18 (frag 42/244)
2026-01-03 18:43:50,926 [DEBUG] [download]  17.8% of ~  19.48MiB at  979.89KiB/s ETA 00:18 (frag 42/244)
2026-01-03 18:43:50,983 [DEBUG] [download]  17.1% of ~  20.22MiB at  979.89KiB/s ETA 00:18 (frag 43/244)
2026-01-03 18:43:50,983 [DEBUG] [download]  18.0% of ~  19.23MiB at  983.73KiB/s ETA 00:17 (frag 43/244)
2026-01-03 18:43:50,984 [DEBUG] [download]  18.0% of ~  19.23MiB at  983.73KiB/s ETA 00:17 (frag 43/244)
2026-01-03 18:43:50,985 [DEBUG] [download]  18.1% of ~  19.24MiB at  983.73KiB/s ETA 00:17 (frag 43/244)
2026-01-03 18:43:50,989 [DEBUG] [download]  18.1% of ~  19.27MiB at  983.73KiB/s ETA 00:17 (frag 43/244)
2026-01-03 18:43:50,992 [DEBUG] [download]  18.1% of ~  19.31MiB at  983.73KiB/s ETA 00:17 (frag 43/244)
2026-01-03 18:43:50,993 [DEBUG] [download]  18.2% of ~  19.40MiB at  983.73KiB/s ETA 00:17 (frag 43/244)
2026-01-03 18:43:50,993 [DEBUG] [download]  18.1% of ~  19.57MiB at  983.73KiB/s ETA 00:17 (frag 43/244)
2026-01-03 18:43:51,058 [DEBUG] [download]  17.7% of ~  20.00MiB at  983.73KiB/s ETA 00:17 (frag 44/244)
2026-01-03 18:43:51,058 [DEBUG] [download]  18.4% of ~  19.18MiB at  986.67KiB/s ETA 00:17 (frag 44/244)
2026-01-03 18:43:51,059 [DEBUG] [download]  18.5% of ~  19.18MiB at  986.67KiB/s ETA 00:17 (frag 44/244)
2026-01-03 18:43:51,061 [DEBUG] [download]  18.5% of ~  19.19MiB at  986.67KiB/s ETA 00:17 (frag 44/244)
2026-01-03 18:43:51,066 [DEBUG] [download]  18.5% of ~  19.21MiB at  986.67KiB/s ETA 00:17 (frag 44/244)
2026-01-03 18:43:51,070 [DEBUG] [download]  18.5% of ~  19.26MiB at  986.67KiB/s ETA 00:17 (frag 44/244)
2026-01-03 18:43:51,072 [DEBUG] [download]  18.6% of ~  19.34MiB at  986.67KiB/s ETA 00:17 (frag 44/244)
2026-01-03 18:43:51,073 [DEBUG] [download]  18.6% of ~  19.51MiB at  986.67KiB/s ETA 00:17 (frag 44/244)
2026-01-03 18:43:51,134 [DEBUG] [download]  18.0% of ~  20.21MiB at  986.67KiB/s ETA 00:17 (frag 45/244)
2026-01-03 18:43:51,135 [DEBUG] [download]  18.9% of ~  19.27MiB at  990.96KiB/s ETA 00:17 (frag 45/244)
2026-01-03 18:43:51,135 [DEBUG] [download]  18.9% of ~  19.27MiB at  990.96KiB/s ETA 00:17 (frag 45/244)
2026-01-03 18:43:51,137 [DEBUG] [download]  18.9% of ~  19.28MiB at  990.96KiB/s ETA 00:17 (frag 45/244)
2026-01-03 18:43:51,141 [DEBUG] [download]  18.9% of ~  19.30MiB at  990.96KiB/s ETA 00:17 (frag 45/244)
2026-01-03 18:43:51,146 [DEBUG] [download]  18.9% of ~  19.34MiB at  990.96KiB/s ETA 00:17 (frag 45/244)
2026-01-03 18:43:51,146 [DEBUG] [download]  19.0% of ~  19.43MiB at  990.96KiB/s ETA 00:17 (frag 45/244)
2026-01-03 18:43:51,147 [DEBUG] [download]  18.9% of ~  19.59MiB at  990.96KiB/s ETA 00:17 (frag 45/244)
2026-01-03 18:43:51,206 [DEBUG] [download]  18.5% of ~  20.04MiB at  990.96KiB/s ETA 00:17 (frag 46/244)
2026-01-03 18:43:51,207 [DEBUG] [download]  19.3% of ~  19.24MiB at  998.52KiB/s ETA 00:17 (frag 46/244)
2026-01-03 18:43:51,211 [DEBUG] [download]  19.3% of ~  19.24MiB at  998.52KiB/s ETA 00:17 (frag 46/244)
2026-01-03 18:43:51,212 [DEBUG] [download]  19.3% of ~  19.25MiB at  998.52KiB/s ETA 00:17 (frag 46/244)
2026-01-03 18:43:51,215 [DEBUG] [download]  19.3% of ~  19.27MiB at  998.52KiB/s ETA 00:17 (frag 46/244)
2026-01-03 18:43:51,219 [DEBUG] [download]  19.3% of ~  19.31MiB at  998.52KiB/s ETA 00:17 (frag 46/244)
2026-01-03 18:43:51,220 [DEBUG] [download]  19.4% of ~  19.39MiB at  998.52KiB/s ETA 00:17 (frag 46/244)
2026-01-03 18:43:51,279 [DEBUG] [download]  19.0% of ~  19.76MiB at  998.52KiB/s ETA 00:17 (frag 47/244)
2026-01-03 18:43:51,280 [DEBUG] [download]  19.7% of ~  19.09MiB at 1001.05KiB/s ETA 00:17 (frag 47/244)
2026-01-03 18:43:51,280 [DEBUG] [download]  19.7% of ~  19.10MiB at 1001.05KiB/s ETA 00:17 (frag 47/244)
2026-01-03 18:43:51,284 [DEBUG] [download]  19.7% of ~  19.11MiB at 1001.05KiB/s ETA 00:17 (frag 47/244)
2026-01-03 18:43:51,285 [DEBUG] [download]  19.7% of ~  19.13MiB at 1001.05KiB/s ETA 00:17 (frag 47/244)
2026-01-03 18:43:51,293 [DEBUG] [download]  19.8% of ~  19.17MiB at 1001.05KiB/s ETA 00:17 (frag 47/244)
2026-01-03 18:43:51,295 [DEBUG] [download]  19.8% of ~  19.25MiB at 1001.05KiB/s ETA 00:17 (frag 47/244)
2026-01-03 18:43:51,296 [DEBUG] [download]  19.9% of ~  19.41MiB at 1001.05KiB/s ETA 00:17 (frag 47/244)
2026-01-03 18:43:51,359 [DEBUG] [download]  19.2% of ~  20.08MiB at 1001.05KiB/s ETA 00:17 (frag 48/244)
2026-01-03 18:43:51,359 [DEBUG] [download]  20.1% of ~  19.19MiB at 1007.82KiB/s ETA 00:17 (frag 48/244)
2026-01-03 18:43:51,360 [DEBUG] [download]  20.1% of ~  19.19MiB at 1007.82KiB/s ETA 00:17 (frag 48/244)
2026-01-03 18:43:51,361 [DEBUG] [download]  20.1% of ~  19.20MiB at 1007.82KiB/s ETA 00:17 (frag 48/244)
2026-01-03 18:43:51,365 [DEBUG] [download]  20.1% of ~  19.22MiB at 1007.82KiB/s ETA 00:17 (frag 48/244)
2026-01-03 18:43:51,830 [DEBUG] [download]  20.2% of ~  19.26MiB at 1007.82KiB/s ETA 00:17 (frag 48/244)
2026-01-03 18:43:51,832 [DEBUG] [download]  20.2% of ~  19.34MiB at  977.52KiB/s ETA 00:17 (frag 48/244)
2026-01-03 18:43:51,833 [DEBUG] [download]  20.2% of ~  19.49MiB at  977.52KiB/s ETA 00:17 (frag 48/244)
2026-01-03 18:43:51,918 [DEBUG] [download]  19.6% of ~  20.12MiB at  977.52KiB/s ETA 00:17 (frag 49/244)
2026-01-03 18:43:51,918 [DEBUG] [download]  20.5% of ~  19.26MiB at  953.67KiB/s ETA 00:17 (frag 49/244)
2026-01-03 18:43:51,919 [DEBUG] [download]  20.5% of ~  19.26MiB at  953.67KiB/s ETA 00:17 (frag 49/244)
2026-01-03 18:43:51,919 [DEBUG] [download]  20.5% of ~  19.27MiB at  953.67KiB/s ETA 00:17 (frag 49/244)
2026-01-03 18:43:51,920 [DEBUG] [download]  20.5% of ~  19.29MiB at  953.67KiB/s ETA 00:17 (frag 49/244)
2026-01-03 18:43:51,921 [DEBUG] [download]  20.6% of ~  19.33MiB at  953.67KiB/s ETA 00:17 (frag 49/244)
2026-01-03 18:43:51,943 [DEBUG] [download]  20.7% of ~  19.41MiB at  953.67KiB/s ETA 00:17 (frag 49/244)
2026-01-03 18:43:51,944 [DEBUG] [download]  20.6% of ~  19.56MiB at  953.67KiB/s ETA 00:17 (frag 49/244)
2026-01-03 18:43:51,999 [DEBUG] [download]  20.1% of ~  20.11MiB at  953.67KiB/s ETA 00:17 (frag 50/244)
2026-01-03 18:43:52,000 [DEBUG] [download]  20.9% of ~  19.30MiB at  934.42KiB/s ETA 00:17 (frag 50/244)
2026-01-03 18:43:52,000 [DEBUG] [download]  20.9% of ~  19.31MiB at  934.42KiB/s ETA 00:17 (frag 50/244)
2026-01-03 18:43:52,001 [DEBUG] [download]  20.9% of ~  19.31MiB at  934.42KiB/s ETA 00:17 (frag 50/244)
2026-01-03 18:43:52,005 [DEBUG] [download]  20.9% of ~  19.33MiB at  934.42KiB/s ETA 00:17 (frag 50/244)
2026-01-03 18:43:52,009 [DEBUG] [download]  21.0% of ~  19.37MiB at  934.42KiB/s ETA 00:17 (frag 50/244)
2026-01-03 18:43:52,018 [DEBUG] [download]  21.1% of ~  19.45MiB at  934.42KiB/s ETA 00:17 (frag 50/244)
2026-01-03 18:43:52,018 [DEBUG] [download]  21.1% of ~  19.60MiB at  934.42KiB/s ETA 00:17 (frag 50/244)
2026-01-03 18:43:52,074 [DEBUG] [download]  20.4% of ~  20.34MiB at  934.42KiB/s ETA 00:17 (frag 51/244)
2026-01-03 18:43:52,074 [DEBUG] [download]  21.3% of ~  19.44MiB at  926.53KiB/s ETA 00:17 (frag 51/244)
2026-01-03 18:43:52,077 [DEBUG] [download]  21.3% of ~  19.44MiB at  926.53KiB/s ETA 00:17 (frag 51/244)
2026-01-03 18:43:52,078 [DEBUG] [download]  21.3% of ~  19.45MiB at  926.53KiB/s ETA 00:17 (frag 51/244)
2026-01-03 18:43:52,079 [DEBUG] [download]  21.4% of ~  19.47MiB at  926.53KiB/s ETA 00:17 (frag 51/244)
2026-01-03 18:43:52,081 [DEBUG] [download]  21.4% of ~  19.51MiB at  926.53KiB/s ETA 00:17 (frag 51/244)
2026-01-03 18:43:52,082 [DEBUG] [download]  21.4% of ~  19.58MiB at  926.53KiB/s ETA 00:17 (frag 51/244)
2026-01-03 18:43:52,147 [DEBUG] [download]  21.1% of ~  19.91MiB at  926.53KiB/s ETA 00:17 (frag 52/244)
2026-01-03 18:43:52,148 [DEBUG] [download]  21.7% of ~  19.30MiB at  920.56KiB/s ETA 00:17 (frag 52/244)
2026-01-03 18:43:52,149 [DEBUG] [download]  21.7% of ~  19.31MiB at  920.56KiB/s ETA 00:17 (frag 52/244)
2026-01-03 18:43:52,150 [DEBUG] [download]  21.7% of ~  19.32MiB at  920.56KiB/s ETA 00:17 (frag 52/244)
2026-01-03 18:43:52,153 [DEBUG] [download]  21.8% of ~  19.33MiB at  920.56KiB/s ETA 00:17 (frag 52/244)
2026-01-03 18:43:52,159 [DEBUG] [download]  21.8% of ~  19.37MiB at  920.56KiB/s ETA 00:17 (frag 52/244)
2026-01-03 18:43:52,160 [DEBUG] [download]  21.9% of ~  19.44MiB at  920.56KiB/s ETA 00:17 (frag 52/244)
2026-01-03 18:43:52,160 [DEBUG] [download]  21.8% of ~  19.58MiB at  920.56KiB/s ETA 00:17 (frag 52/244)
2026-01-03 18:43:52,226 [DEBUG] [download]  21.4% of ~  19.97MiB at  920.56KiB/s ETA 00:17 (frag 53/244)
2026-01-03 18:43:52,227 [DEBUG] [download]  22.1% of ~  19.27MiB at  916.70KiB/s ETA 00:17 (frag 53/244)
2026-01-03 18:43:52,227 [DEBUG] [download]  22.1% of ~  19.28MiB at  916.70KiB/s ETA 00:17 (frag 53/244)
2026-01-03 18:43:52,232 [DEBUG] [download]  22.2% of ~  19.28MiB at  916.70KiB/s ETA 00:17 (frag 53/244)
2026-01-03 18:43:52,233 [DEBUG] [download]  22.2% of ~  19.30MiB at  916.70KiB/s ETA 00:17 (frag 53/244)
2026-01-03 18:43:52,235 [DEBUG] [download]  22.2% of ~  19.34MiB at  916.70KiB/s ETA 00:17 (frag 53/244)
2026-01-03 18:43:52,236 [DEBUG] [download]  22.3% of ~  19.41MiB at  916.70KiB/s ETA 00:17 (frag 53/244)
2026-01-03 18:43:52,303 [DEBUG] [download]  21.9% of ~  19.77MiB at  916.70KiB/s ETA 00:17 (frag 54/244)
2026-01-03 18:43:52,303 [DEBUG] [download]  22.5% of ~  19.17MiB at  913.38KiB/s ETA 00:17 (frag 54/244)
2026-01-03 18:43:52,304 [DEBUG] [download]  22.6% of ~  19.17MiB at  913.38KiB/s ETA 00:17 (frag 54/244)
2026-01-03 18:43:52,309 [DEBUG] [download]  22.6% of ~  19.18MiB at  913.38KiB/s ETA 00:17 (frag 54/244)
2026-01-03 18:43:52,310 [DEBUG] [download]  22.6% of ~  19.20MiB at  913.38KiB/s ETA 00:17 (frag 54/244)
2026-01-03 18:43:52,315 [DEBUG] [download]  22.6% of ~  19.23MiB at  913.38KiB/s ETA 00:17 (frag 54/244)
2026-01-03 18:43:52,320 [DEBUG] [download]  22.7% of ~  19.30MiB at  913.38KiB/s ETA 00:17 (frag 54/244)
2026-01-03 18:43:52,321 [DEBUG] [download]  22.8% of ~  19.44MiB at  913.38KiB/s ETA 00:17 (frag 54/244)
2026-01-03 18:43:52,375 [DEBUG] [download]  22.0% of ~  20.11MiB at  913.38KiB/s ETA 00:17 (frag 55/244)
2026-01-03 18:43:52,375 [DEBUG] [download]  23.0% of ~  19.29MiB at  917.14KiB/s ETA 00:17 (frag 55/244)
2026-01-03 18:43:52,376 [DEBUG] [download]  23.0% of ~  19.29MiB at  917.14KiB/s ETA 00:17 (frag 55/244)
2026-01-03 18:43:52,379 [DEBUG] [download]  23.0% of ~  19.30MiB at  917.14KiB/s ETA 00:17 (frag 55/244)
2026-01-03 18:43:52,380 [DEBUG] [download]  23.0% of ~  19.32MiB at  917.14KiB/s ETA 00:17 (frag 55/244)
2026-01-03 18:43:52,387 [DEBUG] [download]  23.0% of ~  19.35MiB at  917.14KiB/s ETA 00:17 (frag 55/244)
2026-01-03 18:43:52,388 [DEBUG] [download]  23.1% of ~  19.42MiB at  917.14KiB/s ETA 00:17 (frag 55/244)
2026-01-03 18:43:52,389 [DEBUG] [download]  23.1% of ~  19.56MiB at  917.14KiB/s ETA 00:17 (frag 55/244)
2026-01-03 18:43:52,450 [DEBUG] [download]  22.5% of ~  20.06MiB at  917.14KiB/s ETA 00:17 (frag 56/244)
2026-01-03 18:43:52,451 [DEBUG] [download]  23.4% of ~  19.33MiB at  918.28KiB/s ETA 00:16 (frag 56/244)
2026-01-03 18:43:52,451 [DEBUG] [download]  23.4% of ~  19.33MiB at  918.28KiB/s ETA 00:16 (frag 56/244)
2026-01-03 18:43:52,458 [DEBUG] [download]  23.4% of ~  19.34MiB at  918.28KiB/s ETA 00:16 (frag 56/244)
2026-01-03 18:43:52,459 [DEBUG] [download]  23.4% of ~  19.36MiB at  918.28KiB/s ETA 00:16 (frag 56/244)
2026-01-03 18:43:52,464 [DEBUG] [download]  23.4% of ~  19.39MiB at  918.28KiB/s ETA 00:16 (frag 56/244)
2026-01-03 18:43:52,466 [DEBUG] [download]  23.5% of ~  19.46MiB at  918.28KiB/s ETA 00:16 (frag 56/244)
2026-01-03 18:43:52,466 [DEBUG] [download]  23.6% of ~  19.59MiB at  918.28KiB/s ETA 00:16 (frag 56/244)
2026-01-03 18:43:52,577 [DEBUG] [download]  22.8% of ~  20.26MiB at  918.28KiB/s ETA 00:16 (frag 57/244)
2026-01-03 18:43:52,577 [DEBUG] [download]  23.8% of ~  19.46MiB at  922.05KiB/s ETA 00:16 (frag 57/244)
2026-01-03 18:43:52,580 [DEBUG] [download]  23.8% of ~  19.46MiB at  922.05KiB/s ETA 00:16 (frag 57/244)
2026-01-03 18:43:52,580 [DEBUG] [download]  23.8% of ~  19.47MiB at  922.05KiB/s ETA 00:16 (frag 57/244)
2026-01-03 18:43:52,580 [DEBUG] [download]  23.8% of ~  19.49MiB at  922.05KiB/s ETA 00:16 (frag 57/244)
2026-01-03 18:43:52,581 [DEBUG] [download]  23.9% of ~  19.52MiB at  922.05KiB/s ETA 00:16 (frag 57/244)
2026-01-03 18:43:52,586 [DEBUG] [download]  23.9% of ~  19.58MiB at  922.05KiB/s ETA 00:16 (frag 57/244)
2026-01-03 18:43:52,586 [DEBUG] [download]  24.0% of ~  19.72MiB at  922.05KiB/s ETA 00:16 (frag 57/244)
2026-01-03 18:43:52,673 [DEBUG] [download]  23.3% of ~  20.29MiB at  922.05KiB/s ETA 00:16 (frag 58/244)
2026-01-03 18:43:52,674 [DEBUG] [download]  24.2% of ~  19.53MiB at  925.66KiB/s ETA 00:16 (frag 58/244)
2026-01-03 18:43:52,674 [DEBUG] [download]  24.2% of ~  19.54MiB at  925.66KiB/s ETA 00:16 (frag 58/244)
2026-01-03 18:43:52,674 [DEBUG] [download]  24.2% of ~  19.55MiB at  925.66KiB/s ETA 00:16 (frag 58/244)
2026-01-03 18:43:52,676 [DEBUG] [download]  24.2% of ~  19.56MiB at  925.66KiB/s ETA 00:16 (frag 58/244)
2026-01-03 18:43:52,681 [DEBUG] [download]  24.3% of ~  19.59MiB at  925.66KiB/s ETA 00:16 (frag 58/244)
2026-01-03 18:43:52,690 [DEBUG] [download]  24.3% of ~  19.66MiB at  925.66KiB/s ETA 00:16 (frag 58/244)
2026-01-03 18:43:52,690 [DEBUG] [download]  24.4% of ~  19.79MiB at  925.66KiB/s ETA 00:16 (frag 58/244)
2026-01-03 18:43:52,754 [DEBUG] [download]  23.7% of ~  20.39MiB at  925.66KiB/s ETA 00:16 (frag 59/244)
2026-01-03 18:43:52,754 [DEBUG] [download]  24.6% of ~  19.63MiB at  929.83KiB/s ETA 00:16 (frag 59/244)
2026-01-03 18:43:52,755 [DEBUG] [download]  24.6% of ~  19.63MiB at  929.83KiB/s ETA 00:16 (frag 59/244)
2026-01-03 18:43:52,755 [DEBUG] [download]  24.6% of ~  19.64MiB at  929.83KiB/s ETA 00:16 (frag 59/244)
2026-01-03 18:43:52,756 [DEBUG] [download]  24.6% of ~  19.66MiB at  929.83KiB/s ETA 00:16 (frag 59/244)
2026-01-03 18:43:52,760 [DEBUG] [download]  24.7% of ~  19.69MiB at  929.83KiB/s ETA 00:16 (frag 59/244)
2026-01-03 18:43:52,767 [DEBUG] [download]  24.7% of ~  19.75MiB at  929.83KiB/s ETA 00:16 (frag 59/244)
2026-01-03 18:43:52,768 [DEBUG] [download]  24.7% of ~  19.88MiB at  929.83KiB/s ETA 00:16 (frag 59/244)
2026-01-03 18:43:53,052 [DEBUG] [download]  24.2% of ~  20.32MiB at  929.83KiB/s ETA 00:16 (frag 60/244)
2026-01-03 18:43:53,053 [DEBUG] [download]  25.0% of ~  19.65MiB at  909.95KiB/s ETA 00:16 (frag 60/244)
2026-01-03 18:43:53,053 [DEBUG] [download]  25.0% of ~  19.65MiB at  909.95KiB/s ETA 00:16 (frag 60/244)
2026-01-03 18:43:53,054 [DEBUG] [download]  25.0% of ~  19.66MiB at  909.95KiB/s ETA 00:16 (frag 60/244)
2026-01-03 18:43:53,056 [DEBUG] [download]  25.0% of ~  19.67MiB at  909.95KiB/s ETA 00:16 (frag 60/244)
2026-01-03 18:43:53,057 [DEBUG] [download]  25.1% of ~  19.70MiB at  909.95KiB/s ETA 00:16 (frag 60/244)
2026-01-03 18:43:53,063 [DEBUG] [download]  25.2% of ~  19.77MiB at  909.95KiB/s ETA 00:16 (frag 60/244)
2026-01-03 18:43:53,064 [DEBUG] [download]  25.2% of ~  19.89MiB at  909.95KiB/s ETA 00:16 (frag 60/244)
2026-01-03 18:43:53,217 [DEBUG] [download]  24.5% of ~  20.51MiB at  909.95KiB/s ETA 00:16 (frag 61/244)
2026-01-03 18:43:53,217 [DEBUG] [download]  25.4% of ~  19.75MiB at  884.20KiB/s ETA 00:16 (frag 61/244)
2026-01-03 18:43:53,218 [DEBUG] [download]  25.4% of ~  19.76MiB at  884.20KiB/s ETA 00:16 (frag 61/244)
2026-01-03 18:43:53,218 [DEBUG] [download]  25.4% of ~  19.77MiB at  884.20KiB/s ETA 00:16 (frag 61/244)
2026-01-03 18:43:53,222 [DEBUG] [download]  25.4% of ~  19.78MiB at  884.20KiB/s ETA 00:16 (frag 61/244)
2026-01-03 18:43:53,227 [DEBUG] [download]  25.5% of ~  19.81MiB at  884.20KiB/s ETA 00:16 (frag 61/244)
2026-01-03 18:43:53,231 [DEBUG] [download]  25.6% of ~  19.87MiB at  884.20KiB/s ETA 00:16 (frag 61/244)
2026-01-03 18:43:53,231 [DEBUG] [download]  25.5% of ~  20.00MiB at  884.20KiB/s ETA 00:16 (frag 61/244)
2026-01-03 18:43:53,296 [DEBUG] [download]  25.0% of ~  20.45MiB at  884.20KiB/s ETA 00:16 (frag 62/244)
2026-01-03 18:43:53,296 [DEBUG] [download]  25.8% of ~  19.78MiB at  869.84KiB/s ETA 00:17 (frag 62/244)
2026-01-03 18:43:53,296 [DEBUG] [download]  25.8% of ~  19.78MiB at  869.84KiB/s ETA 00:17 (frag 62/244)
2026-01-03 18:43:53,297 [DEBUG] [download]  25.8% of ~  19.79MiB at  869.84KiB/s ETA 00:17 (frag 62/244)
2026-01-03 18:43:53,297 [DEBUG] [download]  25.9% of ~  19.81MiB at  869.84KiB/s ETA 00:17 (frag 62/244)
2026-01-03 18:43:53,302 [DEBUG] [download]  25.9% of ~  19.84MiB at  869.84KiB/s ETA 00:17 (frag 62/244)
2026-01-03 18:43:53,305 [DEBUG] [download]  26.0% of ~  19.90MiB at  869.84KiB/s ETA 00:17 (frag 62/244)
2026-01-03 18:43:53,305 [DEBUG] [download]  25.9% of ~  20.02MiB at  869.84KiB/s ETA 00:17 (frag 62/244)
2026-01-03 18:43:53,368 [DEBUG] [download]  25.5% of ~  20.36MiB at  869.84KiB/s ETA 00:17 (frag 63/244)
2026-01-03 18:43:53,368 [DEBUG] [download]  26.2% of ~  19.76MiB at  856.56KiB/s ETA 00:17 (frag 63/244)
2026-01-03 18:43:53,369 [DEBUG] [download]  26.2% of ~  19.76MiB at  856.56KiB/s ETA 00:17 (frag 63/244)
2026-01-03 18:43:53,373 [DEBUG] [download]  26.2% of ~  19.77MiB at  856.56KiB/s ETA 00:17 (frag 63/244)
2026-01-03 18:43:53,377 [DEBUG] [download]  26.3% of ~  19.78MiB at  856.56KiB/s ETA 00:17 (frag 63/244)
2026-01-03 18:43:53,380 [DEBUG] [download]  26.3% of ~  19.81MiB at  856.56KiB/s ETA 00:17 (frag 63/244)
2026-01-03 18:43:53,387 [DEBUG] [download]  26.4% of ~  19.87MiB at  856.56KiB/s ETA 00:17 (frag 63/244)
2026-01-03 18:43:53,387 [DEBUG] [download]  26.4% of ~  19.99MiB at  856.56KiB/s ETA 00:17 (frag 63/244)
2026-01-03 18:43:53,441 [DEBUG] [download]  25.7% of ~  20.53MiB at  856.56KiB/s ETA 00:17 (frag 64/244)
2026-01-03 18:43:53,442 [DEBUG] [download]  26.6% of ~  19.84MiB at  847.45KiB/s ETA 00:17 (frag 64/244)
2026-01-03 18:43:53,445 [DEBUG] [download]  26.6% of ~  19.84MiB at  847.45KiB/s ETA 00:17 (frag 64/244)
2026-01-03 18:43:53,445 [DEBUG] [download]  26.7% of ~  19.85MiB at  847.45KiB/s ETA 00:17 (frag 64/244)
2026-01-03 18:43:53,450 [DEBUG] [download]  26.7% of ~  19.86MiB at  847.45KiB/s ETA 00:17 (frag 64/244)
2026-01-03 18:43:53,450 [DEBUG] [download]  26.7% of ~  19.89MiB at  847.45KiB/s ETA 00:17 (frag 64/244)
2026-01-03 18:43:53,450 [DEBUG] [download]  26.8% of ~  19.95MiB at  847.45KiB/s ETA 00:17 (frag 64/244)
2026-01-03 18:43:53,450 [DEBUG] [download]  26.6% of ~  20.07MiB at  847.45KiB/s ETA 00:17 (frag 64/244)
2026-01-03 18:43:53,515 [DEBUG] [download]  26.3% of ~  20.31MiB at  847.45KiB/s ETA 00:17 (frag 65/244)
2026-01-03 18:43:53,515 [DEBUG] [download]  27.1% of ~  19.77MiB at  841.91KiB/s ETA 00:17 (frag 65/244)
2026-01-03 18:43:53,516 [DEBUG] [download]  27.1% of ~  19.77MiB at  841.91KiB/s ETA 00:17 (frag 65/244)
2026-01-03 18:43:53,516 [DEBUG] [download]  27.1% of ~  19.78MiB at  841.91KiB/s ETA 00:17 (frag 65/244)
2026-01-03 18:43:53,521 [DEBUG] [download]  27.1% of ~  19.79MiB at  841.91KiB/s ETA 00:17 (frag 65/244)
2026-01-03 18:43:53,522 [DEBUG] [download]  27.1% of ~  19.82MiB at  841.91KiB/s ETA 00:17 (frag 65/244)
2026-01-03 18:43:53,523 [DEBUG] [download]  27.2% of ~  19.88MiB at  841.91KiB/s ETA 00:17 (frag 65/244)
2026-01-03 18:43:53,588 [DEBUG] [download]  26.8% of ~  20.17MiB at  841.91KiB/s ETA 00:17 (frag 66/244)
2026-01-03 18:43:53,589 [DEBUG] [download]  27.5% of ~  19.67MiB at  836.82KiB/s ETA 00:17 (frag 66/244)
2026-01-03 18:43:53,589 [DEBUG] [download]  27.5% of ~  19.67MiB at  836.82KiB/s ETA 00:17 (frag 66/244)
2026-01-03 18:43:53,589 [DEBUG] [download]  27.5% of ~  19.68MiB at  836.82KiB/s ETA 00:17 (frag 66/244)
2026-01-03 18:43:53,593 [DEBUG] [download]  27.5% of ~  19.70MiB at  836.82KiB/s ETA 00:17 (frag 66/244)
2026-01-03 18:43:53,595 [DEBUG] [download]  27.5% of ~  19.72MiB at  836.82KiB/s ETA 00:17 (frag 66/244)
2026-01-03 18:43:53,601 [DEBUG] [download]  27.6% of ~  19.78MiB at  836.82KiB/s ETA 00:17 (frag 66/244)
2026-01-03 18:43:53,601 [DEBUG] [download]  27.6% of ~  19.89MiB at  836.82KiB/s ETA 00:17 (frag 66/244)
2026-01-03 18:43:53,664 [DEBUG] [download]  27.1% of ~  20.27MiB at  836.82KiB/s ETA 00:17 (frag 67/244)
2026-01-03 18:43:53,664 [DEBUG] [download]  27.9% of ~  19.68MiB at  833.14KiB/s ETA 00:17 (frag 67/244)
2026-01-03 18:43:53,669 [DEBUG] [download]  27.9% of ~  19.68MiB at  833.14KiB/s ETA 00:17 (frag 67/244)
2026-01-03 18:43:53,670 [DEBUG] [download]  27.9% of ~  19.69MiB at  833.14KiB/s ETA 00:17 (frag 67/244)
2026-01-03 18:43:53,671 [DEBUG] [download]  27.9% of ~  19.70MiB at  833.14KiB/s ETA 00:17 (frag 67/244)
2026-01-03 18:43:53,673 [DEBUG] [download]  27.9% of ~  19.73MiB at  833.14KiB/s ETA 00:17 (frag 67/244)
2026-01-03 18:43:53,674 [DEBUG] [download]  28.0% of ~  19.78MiB at  833.14KiB/s ETA 00:17 (frag 67/244)
2026-01-03 18:43:53,674 [DEBUG] [download]  27.9% of ~  19.90MiB at  833.14KiB/s ETA 00:17 (frag 67/244)
2026-01-03 18:43:53,753 [DEBUG] [download]  27.6% of ~  20.13MiB at  833.14KiB/s ETA 00:17 (frag 68/244)
2026-01-03 18:43:53,753 [DEBUG] [download]  28.3% of ~  19.61MiB at  822.86KiB/s ETA 00:17 (frag 68/244)
2026-01-03 18:43:53,754 [DEBUG] [download]  28.3% of ~  19.62MiB at  822.86KiB/s ETA 00:17 (frag 68/244)
2026-01-03 18:43:53,754 [DEBUG] [download]  28.3% of ~  19.62MiB at  822.86KiB/s ETA 00:17 (frag 68/244)
2026-01-03 18:43:53,755 [DEBUG] [download]  28.3% of ~  19.64MiB at  822.86KiB/s ETA 00:17 (frag 68/244)
2026-01-03 18:43:53,755 [DEBUG] [download]  28.4% of ~  19.67MiB at  822.86KiB/s ETA 00:17 (frag 68/244)
2026-01-03 18:43:53,756 [DEBUG] [download]  28.4% of ~  19.72MiB at  822.86KiB/s ETA 00:17 (frag 68/244)
2026-01-03 18:43:53,940 [DEBUG] [download]  28.0% of ~  19.94MiB at  822.86KiB/s ETA 00:17 (frag 69/244)
2026-01-03 18:43:53,941 [DEBUG] [download]  28.7% of ~  19.50MiB at  796.87KiB/s ETA 00:17 (frag 69/244)
2026-01-03 18:43:53,941 [DEBUG] [download]  28.7% of ~  19.50MiB at  796.87KiB/s ETA 00:17 (frag 69/244)
2026-01-03 18:43:53,941 [DEBUG] [download]  28.7% of ~  19.51MiB at  796.87KiB/s ETA 00:17 (frag 69/244)
2026-01-03 18:43:53,944 [DEBUG] [download]  28.7% of ~  19.52MiB at  796.87KiB/s ETA 00:17 (frag 69/244)
2026-01-03 18:43:53,949 [DEBUG] [download]  28.8% of ~  19.55MiB at  796.87KiB/s ETA 00:17 (frag 69/244)
2026-01-03 18:43:53,949 [DEBUG] [download]  28.8% of ~  19.60MiB at  796.87KiB/s ETA 00:17 (frag 69/244)
2026-01-03 18:43:53,950 [DEBUG] [download]  28.7% of ~  19.71MiB at  796.87KiB/s ETA 00:17 (frag 69/244)
2026-01-03 18:43:54,125 [DEBUG] [download]  28.4% of ~  19.96MiB at  796.87KiB/s ETA 00:17 (frag 70/244)
2026-01-03 18:43:54,126 [DEBUG] [download]  29.1% of ~  19.45MiB at  766.07KiB/s ETA 00:17 (frag 70/244)
2026-01-03 18:43:54,126 [DEBUG] [download]  29.1% of ~  19.45MiB at  766.07KiB/s ETA 00:17 (frag 70/244)
2026-01-03 18:43:54,129 [DEBUG] [download]  29.1% of ~  19.46MiB at  766.07KiB/s ETA 00:17 (frag 70/244)
2026-01-03 18:43:54,130 [DEBUG] [download]  29.1% of ~  19.47MiB at  766.07KiB/s ETA 00:17 (frag 70/244)
2026-01-03 18:43:54,137 [DEBUG] [download]  29.2% of ~  19.50MiB at  766.07KiB/s ETA 00:17 (frag 70/244)
2026-01-03 18:43:54,138 [DEBUG] [download]  29.3% of ~  19.56MiB at  766.07KiB/s ETA 00:17 (frag 70/244)
2026-01-03 18:43:54,138 [DEBUG] [download]  29.2% of ~  19.66MiB at  766.07KiB/s ETA 00:17 (frag 70/244)
2026-01-03 18:43:54,201 [DEBUG] [download]  28.7% of ~  19.99MiB at  766.07KiB/s ETA 00:17 (frag 71/244)
2026-01-03 18:43:54,201 [DEBUG] [download]  29.5% of ~  19.45MiB at  744.88KiB/s ETA 00:18 (frag 71/244)
2026-01-03 18:43:54,201 [DEBUG] [download]  29.5% of ~  19.45MiB at  744.88KiB/s ETA 00:18 (frag 71/244)
2026-01-03 18:43:54,202 [DEBUG] [download]  29.5% of ~  19.46MiB at  744.88KiB/s ETA 00:18 (frag 71/244)
2026-01-03 18:43:54,205 [DEBUG] [download]  29.5% of ~  19.47MiB at  744.88KiB/s ETA 00:18 (frag 71/244)
2026-01-03 18:43:54,208 [DEBUG] [download]  29.6% of ~  19.50MiB at  744.88KiB/s ETA 00:18 (frag 71/244)
2026-01-03 18:43:54,214 [DEBUG] [download]  29.7% of ~  19.55MiB at  744.88KiB/s ETA 00:18 (frag 71/244)
2026-01-03 18:43:54,215 [DEBUG] [download]  29.7% of ~  19.66MiB at  744.88KiB/s ETA 00:18 (frag 71/244)
2026-01-03 18:43:54,275 [DEBUG] [download]  29.0% of ~  20.18MiB at  744.88KiB/s ETA 00:18 (frag 72/244)
2026-01-03 18:43:54,275 [DEBUG] [download]  29.9% of ~  19.54MiB at  735.83KiB/s ETA 00:18 (frag 72/244)
2026-01-03 18:43:54,276 [DEBUG] [download]  29.9% of ~  19.55MiB at  735.83KiB/s ETA 00:18 (frag 72/244)
2026-01-03 18:43:54,276 [DEBUG] [download]  29.9% of ~  19.55MiB at  735.83KiB/s ETA 00:18 (frag 72/244)
2026-01-03 18:43:54,285 [DEBUG] [download]  30.0% of ~  19.57MiB at  735.83KiB/s ETA 00:18 (frag 72/244)
2026-01-03 18:43:54,287 [DEBUG] [download]  30.0% of ~  19.59MiB at  735.83KiB/s ETA 00:18 (frag 72/244)
2026-01-03 18:43:54,287 [DEBUG] [download]  30.1% of ~  19.64MiB at  735.83KiB/s ETA 00:18 (frag 72/244)
2026-01-03 18:43:54,349 [DEBUG] [download]  29.6% of ~  19.92MiB at  735.83KiB/s ETA 00:18 (frag 73/244)
2026-01-03 18:43:54,350 [DEBUG] [download]  30.3% of ~  19.46MiB at  725.66KiB/s ETA 00:18 (frag 73/244)
2026-01-03 18:43:54,350 [DEBUG] [download]  30.3% of ~  19.47MiB at  725.66KiB/s ETA 00:18 (frag 73/244)
2026-01-03 18:43:54,351 [DEBUG] [download]  30.3% of ~  19.47MiB at  725.66KiB/s ETA 00:18 (frag 73/244)
2026-01-03 18:43:54,353 [DEBUG] [download]  30.4% of ~  19.49MiB at  725.66KiB/s ETA 00:18 (frag 73/244)
2026-01-03 18:43:54,694 [DEBUG] [download]  30.4% of ~  19.51MiB at  725.66KiB/s ETA 00:18 (frag 73/244)
2026-01-03 18:43:54,699 [DEBUG] [download]  30.5% of ~  19.56MiB at  727.88KiB/s ETA 00:18 (frag 73/244)
2026-01-03 18:43:54,700 [DEBUG] [download]  30.6% of ~  19.67MiB at  727.88KiB/s ETA 00:18 (frag 73/244)
2026-01-03 18:43:54,749 [DEBUG] [download]  29.8% of ~  20.18MiB at  727.88KiB/s ETA 00:18 (frag 74/244)
2026-01-03 18:43:54,750 [DEBUG] [download]  30.7% of ~  19.56MiB at  730.40KiB/s ETA 00:18 (frag 74/244)
2026-01-03 18:43:54,750 [DEBUG] [download]  30.7% of ~  19.56MiB at  730.40KiB/s ETA 00:18 (frag 74/244)
2026-01-03 18:43:54,751 [DEBUG] [download]  30.8% of ~  19.57MiB at  730.40KiB/s ETA 00:18 (frag 74/244)
2026-01-03 18:43:54,752 [DEBUG] [download]  30.8% of ~  19.58MiB at  730.40KiB/s ETA 00:18 (frag 74/244)
2026-01-03 18:43:54,753 [DEBUG] [download]  30.8% of ~  19.61MiB at  730.40KiB/s ETA 00:18 (frag 74/244)
2026-01-03 18:43:54,760 [DEBUG] [download]  30.9% of ~  19.66MiB at  730.40KiB/s ETA 00:18 (frag 74/244)
2026-01-03 18:43:54,761 [DEBUG] [download]  30.9% of ~  19.76MiB at  730.40KiB/s ETA 00:18 (frag 74/244)
2026-01-03 18:43:54,822 [DEBUG] [download]  30.2% of ~  20.23MiB at  730.40KiB/s ETA 00:18 (frag 75/244)
2026-01-03 18:43:54,823 [DEBUG] [download]  31.2% of ~  19.64MiB at  737.37KiB/s ETA 00:18 (frag 75/244)
2026-01-03 18:43:54,828 [DEBUG] [download]  31.2% of ~  19.64MiB at  737.37KiB/s ETA 00:18 (frag 75/244)
2026-01-03 18:43:54,828 [DEBUG] [download]  31.2% of ~  19.64MiB at  737.37KiB/s ETA 00:18 (frag 75/244)
2026-01-03 18:43:54,828 [DEBUG] [download]  31.2% of ~  19.66MiB at  737.37KiB/s ETA 00:18 (frag 75/244)
2026-01-03 18:43:54,831 [DEBUG] [download]  31.2% of ~  19.68MiB at  737.37KiB/s ETA 00:18 (frag 75/244)
2026-01-03 18:43:54,834 [DEBUG] [download]  31.3% of ~  19.73MiB at  737.37KiB/s ETA 00:18 (frag 75/244)
2026-01-03 18:43:54,834 [DEBUG] [download]  31.4% of ~  19.83MiB at  737.37KiB/s ETA 00:18 (frag 75/244)
2026-01-03 18:43:54,898 [DEBUG] [download]  30.6% of ~  20.31MiB at  737.37KiB/s ETA 00:18 (frag 76/244)
2026-01-03 18:43:54,898 [DEBUG] [download]  31.6% of ~  19.71MiB at  750.53KiB/s ETA 00:18 (frag 76/244)
2026-01-03 18:43:54,899 [DEBUG] [download]  31.6% of ~  19.71MiB at  750.53KiB/s ETA 00:18 (frag 76/244)
2026-01-03 18:43:54,902 [DEBUG] [download]  31.6% of ~  19.72MiB at  750.53KiB/s ETA 00:18 (frag 76/244)
2026-01-03 18:43:54,903 [DEBUG] [download]  31.6% of ~  19.73MiB at  750.53KiB/s ETA 00:18 (frag 76/244)
2026-01-03 18:43:54,907 [DEBUG] [download]  31.6% of ~  19.76MiB at  750.53KiB/s ETA 00:18 (frag 76/244)
2026-01-03 18:43:54,908 [DEBUG] [download]  31.7% of ~  19.81MiB at  750.53KiB/s ETA 00:18 (frag 76/244)
2026-01-03 18:43:54,908 [DEBUG] [download]  31.7% of ~  19.91MiB at  750.53KiB/s ETA 00:18 (frag 76/244)
2026-01-03 18:43:54,970 [DEBUG] [download]  31.1% of ~  20.25MiB at  750.53KiB/s ETA 00:18 (frag 77/244)
2026-01-03 18:43:54,970 [DEBUG] [download]  32.0% of ~  19.72MiB at  760.21KiB/s ETA 00:18 (frag 77/244)
2026-01-03 18:43:54,971 [DEBUG] [download]  32.0% of ~  19.73MiB at  760.21KiB/s ETA 00:18 (frag 77/244)
2026-01-03 18:43:54,973 [DEBUG] [download]  32.0% of ~  19.73MiB at  760.21KiB/s ETA 00:18 (frag 77/244)
2026-01-03 18:43:54,976 [DEBUG] [download]  32.0% of ~  19.74MiB at  760.21KiB/s ETA 00:18 (frag 77/244)
2026-01-03 18:43:54,980 [DEBUG] [download]  32.0% of ~  19.77MiB at  760.21KiB/s ETA 00:18 (frag 77/244)
2026-01-03 18:43:54,981 [DEBUG] [download]  32.1% of ~  19.82MiB at  760.21KiB/s ETA 00:18 (frag 77/244)
2026-01-03 18:43:54,981 [DEBUG] [download]  32.0% of ~  19.92MiB at  760.21KiB/s ETA 00:18 (frag 77/244)
2026-01-03 18:43:55,042 [DEBUG] [download]  31.6% of ~  20.21MiB at  760.21KiB/s ETA 00:18 (frag 78/244)
2026-01-03 18:43:55,043 [DEBUG] [download]  32.4% of ~  19.71MiB at  763.91KiB/s ETA 00:18 (frag 78/244)
2026-01-03 18:43:55,044 [DEBUG] [download]  32.4% of ~  19.72MiB at  763.91KiB/s ETA 00:18 (frag 78/244)
2026-01-03 18:43:55,046 [DEBUG] [download]  32.4% of ~  19.72MiB at  763.91KiB/s ETA 00:18 (frag 78/244)
2026-01-03 18:43:55,047 [DEBUG] [download]  32.4% of ~  19.73MiB at  763.91KiB/s ETA 00:18 (frag 78/244)
2026-01-03 18:43:55,048 [DEBUG] [download]  32.5% of ~  19.76MiB at  763.91KiB/s ETA 00:18 (frag 78/244)
2026-01-03 18:43:55,049 [DEBUG] [download]  32.5% of ~  19.81MiB at  763.91KiB/s ETA 00:18 (frag 78/244)
2026-01-03 18:43:55,115 [DEBUG] [download]  32.1% of ~  20.00MiB at  763.91KiB/s ETA 00:18 (frag 79/244)
2026-01-03 18:43:55,115 [DEBUG] [download]  32.8% of ~  19.61MiB at  766.28KiB/s ETA 00:18 (frag 79/244)
2026-01-03 18:43:55,117 [DEBUG] [download]  32.8% of ~  19.61MiB at  766.28KiB/s ETA 00:18 (frag 79/244)
2026-01-03 18:43:55,118 [DEBUG] [download]  32.8% of ~  19.62MiB at  766.28KiB/s ETA 00:18 (frag 79/244)
2026-01-03 18:43:55,122 [DEBUG] [download]  32.8% of ~  19.63MiB at  766.28KiB/s ETA 00:18 (frag 79/244)
2026-01-03 18:43:55,125 [DEBUG] [download]  32.9% of ~  19.66MiB at  766.28KiB/s ETA 00:18 (frag 79/244)
2026-01-03 18:43:55,127 [DEBUG] [download]  32.9% of ~  19.70MiB at  766.28KiB/s ETA 00:18 (frag 79/244)
2026-01-03 18:43:55,128 [DEBUG] [download]  32.9% of ~  19.80MiB at  766.28KiB/s ETA 00:18 (frag 79/244)
2026-01-03 18:43:55,190 [DEBUG] [download]  32.3% of ~  20.16MiB at  766.28KiB/s ETA 00:18 (frag 80/244)
2026-01-03 18:43:55,190 [DEBUG] [download]  33.2% of ~  19.64MiB at  770.15KiB/s ETA 00:18 (frag 80/244)
2026-01-03 18:43:55,191 [DEBUG] [download]  33.2% of ~  19.64MiB at  770.15KiB/s ETA 00:18 (frag 80/244)
2026-01-03 18:43:55,192 [DEBUG] [download]  33.2% of ~  19.65MiB at  770.15KiB/s ETA 00:18 (frag 80/244)
2026-01-03 18:43:55,193 [DEBUG] [download]  33.2% of ~  19.66MiB at  770.15KiB/s ETA 00:18 (frag 80/244)
2026-01-03 18:43:55,195 [DEBUG] [download]  33.3% of ~  19.68MiB at  770.15KiB/s ETA 00:18 (frag 80/244)
2026-01-03 18:43:55,196 [DEBUG] [download]  33.4% of ~  19.73MiB at  770.15KiB/s ETA 00:18 (frag 80/244)
2026-01-03 18:43:55,196 [DEBUG] [download]  33.2% of ~  19.83MiB at  770.15KiB/s ETA 00:18 (frag 80/244)
2026-01-03 18:43:55,305 [DEBUG] [download]  32.9% of ~  20.05MiB at  770.15KiB/s ETA 00:18 (frag 81/244)
2026-01-03 18:43:55,306 [DEBUG] [download]  33.6% of ~  19.60MiB at  765.58KiB/s ETA 00:18 (frag 81/244)
2026-01-03 18:43:55,306 [DEBUG] [download]  33.6% of ~  19.61MiB at  765.58KiB/s ETA 00:18 (frag 81/244)
2026-01-03 18:43:55,307 [DEBUG] [download]  33.6% of ~  19.61MiB at  765.58KiB/s ETA 00:18 (frag 81/244)
2026-01-03 18:43:55,307 [DEBUG] [download]  33.6% of ~  19.62MiB at  765.58KiB/s ETA 00:18 (frag 81/244)
2026-01-03 18:43:55,418 [DEBUG] [download]  33.7% of ~  19.65MiB at  765.58KiB/s ETA 00:18 (frag 81/244)
2026-01-03 18:43:55,419 [DEBUG] [download]  33.7% of ~  19.69MiB at  755.17KiB/s ETA 00:18 (frag 81/244)
2026-01-03 18:43:55,585 [DEBUG] [download]  33.4% of ~  19.88MiB at  755.17KiB/s ETA 00:18 (frag 82/244)
2026-01-03 18:43:55,586 [DEBUG] [download]  34.0% of ~  19.51MiB at  730.26KiB/s ETA 00:18 (frag 82/244)
2026-01-03 18:43:55,586 [DEBUG] [download]  34.0% of ~  19.51MiB at  730.26KiB/s ETA 00:18 (frag 82/244)
2026-01-03 18:43:55,587 [DEBUG] [download]  34.0% of ~  19.51MiB at  730.26KiB/s ETA 00:18 (frag 82/244)
2026-01-03 18:43:55,588 [DEBUG] [download]  34.1% of ~  19.53MiB at  730.26KiB/s ETA 00:18 (frag 82/244)
2026-01-03 18:43:55,589 [DEBUG] [download]  34.1% of ~  19.55MiB at  730.26KiB/s ETA 00:18 (frag 82/244)
2026-01-03 18:43:55,597 [DEBUG] [download]  34.2% of ~  19.59MiB at  730.26KiB/s ETA 00:18 (frag 82/244)
2026-01-03 18:43:55,597 [DEBUG] [download]  34.2% of ~  19.69MiB at  730.26KiB/s ETA 00:18 (frag 82/244)
2026-01-03 18:43:55,663 [DEBUG] [download]  33.5% of ~  20.14MiB at  730.26KiB/s ETA 00:18 (frag 83/244)
2026-01-03 18:43:55,664 [DEBUG] [download]  34.4% of ~  19.58MiB at  718.62KiB/s ETA 00:18 (frag 83/244)
2026-01-03 18:43:55,665 [DEBUG] [download]  34.4% of ~  19.59MiB at  718.62KiB/s ETA 00:18 (frag 83/244)
2026-01-03 18:43:55,665 [DEBUG] [download]  34.4% of ~  19.59MiB at  718.62KiB/s ETA 00:18 (frag 83/244)
2026-01-03 18:43:55,665 [DEBUG] [download]  34.5% of ~  19.60MiB at  718.62KiB/s ETA 00:18 (frag 83/244)
2026-01-03 18:43:55,667 [DEBUG] [download]  34.5% of ~  19.63MiB at  718.62KiB/s ETA 00:18 (frag 83/244)
2026-01-03 18:43:55,667 [DEBUG] [download]  34.6% of ~  19.67MiB at  718.62KiB/s ETA 00:18 (frag 83/244)
2026-01-03 18:43:55,747 [DEBUG] [download]  34.1% of ~  19.92MiB at  718.62KiB/s ETA 00:18 (frag 84/244)
2026-01-03 18:43:55,747 [DEBUG] [download]  34.8% of ~  19.52MiB at  705.50KiB/s ETA 00:18 (frag 84/244)
2026-01-03 18:43:55,747 [DEBUG] [download]  34.8% of ~  19.52MiB at  705.50KiB/s ETA 00:18 (frag 84/244)
2026-01-03 18:43:55,748 [DEBUG] [download]  34.9% of ~  19.53MiB at  705.50KiB/s ETA 00:18 (frag 84/244)
2026-01-03 18:43:55,749 [DEBUG] [download]  34.9% of ~  19.54MiB at  705.50KiB/s ETA 00:18 (frag 84/244)
2026-01-03 18:43:55,752 [DEBUG] [download]  34.9% of ~  19.56MiB at  705.50KiB/s ETA 00:18 (frag 84/244)
2026-01-03 18:43:55,753 [DEBUG] [download]  35.0% of ~  19.61MiB at  705.50KiB/s ETA 00:18 (frag 84/244)
2026-01-03 18:43:55,753 [DEBUG] [download]  35.0% of ~  19.70MiB at  705.50KiB/s ETA 00:18 (frag 84/244)
2026-01-03 18:43:55,826 [DEBUG] [download]  34.4% of ~  20.02MiB at  705.50KiB/s ETA 00:18 (frag 85/244)
2026-01-03 18:43:55,826 [DEBUG] [download]  35.3% of ~  19.54MiB at  712.75KiB/s ETA 00:18 (frag 85/244)
2026-01-03 18:43:55,826 [DEBUG] [download]  35.3% of ~  19.54MiB at  712.75KiB/s ETA 00:18 (frag 85/244)
2026-01-03 18:43:55,827 [DEBUG] [download]  35.3% of ~  19.55MiB at  712.75KiB/s ETA 00:18 (frag 85/244)
2026-01-03 18:43:55,828 [DEBUG] [download]  35.3% of ~  19.56MiB at  712.75KiB/s ETA 00:18 (frag 85/244)
2026-01-03 18:43:55,831 [DEBUG] [download]  35.3% of ~  19.58MiB at  712.75KiB/s ETA 00:18 (frag 85/244)
2026-01-03 18:43:55,831 [DEBUG] [download]  35.4% of ~  19.63MiB at  712.75KiB/s ETA 00:18 (frag 85/244)
2026-01-03 18:43:55,832 [DEBUG] [download]  35.4% of ~  19.72MiB at  712.75KiB/s ETA 00:18 (frag 85/244)
2026-01-03 18:43:55,886 [DEBUG] [download]  34.8% of ~  20.01MiB at  712.75KiB/s ETA 00:18 (frag 86/244)
2026-01-03 18:43:55,892 [DEBUG] [download]  35.7% of ~  19.55MiB at  722.23KiB/s ETA 00:18 (frag 86/244)
2026-01-03 18:43:55,893 [DEBUG] [download]  35.7% of ~  19.55MiB at  722.23KiB/s ETA 00:18 (frag 86/244)
2026-01-03 18:43:55,894 [DEBUG] [download]  35.7% of ~  19.56MiB at  722.23KiB/s ETA 00:18 (frag 86/244)
2026-01-03 18:43:55,897 [DEBUG] [download]  35.7% of ~  19.57MiB at  722.23KiB/s ETA 00:18 (frag 86/244)
2026-01-03 18:43:55,899 [DEBUG] [download]  35.7% of ~  19.59MiB at  722.23KiB/s ETA 00:18 (frag 86/244)
2026-01-03 18:43:55,903 [DEBUG] [download]  35.8% of ~  19.64MiB at  722.23KiB/s ETA 00:18 (frag 86/244)
2026-01-03 18:43:55,903 [DEBUG] [download]  35.9% of ~  19.72MiB at  722.23KiB/s ETA 00:18 (frag 86/244)
2026-01-03 18:43:55,969 [DEBUG] [download]  35.1% of ~  20.13MiB at  722.23KiB/s ETA 00:18 (frag 87/244)
2026-01-03 18:43:55,970 [DEBUG] [download]  36.1% of ~  19.62MiB at  733.40KiB/s ETA 00:18 (frag 87/244)
2026-01-03 18:43:55,970 [DEBUG] [download]  36.1% of ~  19.62MiB at  733.40KiB/s ETA 00:18 (frag 87/244)
2026-01-03 18:43:55,971 [DEBUG] [download]  36.1% of ~  19.63MiB at  733.40KiB/s ETA 00:18 (frag 87/244)
2026-01-03 18:43:55,973 [DEBUG] [download]  36.1% of ~  19.64MiB at  733.40KiB/s ETA 00:18 (frag 87/244)
2026-01-03 18:43:55,976 [DEBUG] [download]  36.1% of ~  19.66MiB at  733.40KiB/s ETA 00:18 (frag 87/244)
2026-01-03 18:43:55,977 [DEBUG] [download]  36.2% of ~  19.70MiB at  733.40KiB/s ETA 00:18 (frag 87/244)
2026-01-03 18:43:55,977 [DEBUG] [download]  36.3% of ~  19.79MiB at  733.40KiB/s ETA 00:18 (frag 87/244)
2026-01-03 18:43:56,033 [DEBUG] [download]  35.5% of ~  20.21MiB at  733.40KiB/s ETA 00:18 (frag 88/244)
2026-01-03 18:43:56,034 [DEBUG] [download]  36.5% of ~  19.69MiB at  747.43KiB/s ETA 00:17 (frag 88/244)
2026-01-03 18:43:56,034 [DEBUG] [download]  36.5% of ~  19.69MiB at  747.43KiB/s ETA 00:17 (frag 88/244)
2026-01-03 18:43:56,036 [DEBUG] [download]  36.5% of ~  19.70MiB at  747.43KiB/s ETA 00:17 (frag 88/244)
2026-01-03 18:43:56,037 [DEBUG] [download]  36.5% of ~  19.71MiB at  747.43KiB/s ETA 00:17 (frag 88/244)
2026-01-03 18:43:56,038 [DEBUG] [download]  36.6% of ~  19.73MiB at  747.43KiB/s ETA 00:17 (frag 88/244)
2026-01-03 18:43:56,050 [DEBUG] [download]  36.6% of ~  19.77MiB at  747.43KiB/s ETA 00:17 (frag 88/244)
2026-01-03 18:43:56,050 [DEBUG] [download]  36.6% of ~  19.86MiB at  747.43KiB/s ETA 00:17 (frag 88/244)
2026-01-03 18:43:56,105 [DEBUG] [download]  36.0% of ~  20.18MiB at  747.43KiB/s ETA 00:17 (frag 89/244)
2026-01-03 18:43:56,106 [DEBUG] [download]  36.9% of ~  19.72MiB at  762.81KiB/s ETA 00:17 (frag 89/244)
2026-01-03 18:43:56,109 [DEBUG] [download]  36.9% of ~  19.72MiB at  762.81KiB/s ETA 00:17 (frag 89/244)
2026-01-03 18:43:56,110 [DEBUG] [download]  36.9% of ~  19.72MiB at  762.81KiB/s ETA 00:17 (frag 89/244)
2026-01-03 18:43:56,111 [DEBUG] [download]  36.9% of ~  19.73MiB at  762.81KiB/s ETA 00:17 (frag 89/244)
2026-01-03 18:43:56,113 [DEBUG] [download]  37.0% of ~  19.76MiB at  762.81KiB/s ETA 00:17 (frag 89/244)
2026-01-03 18:43:56,117 [DEBUG] [download]  37.0% of ~  19.80MiB at  762.81KiB/s ETA 00:17 (frag 89/244)
2026-01-03 18:43:56,118 [DEBUG] [download]  37.0% of ~  19.88MiB at  762.81KiB/s ETA 00:17 (frag 89/244)
2026-01-03 18:43:56,181 [DEBUG] [download]  36.5% of ~  20.18MiB at  762.81KiB/s ETA 00:17 (frag 90/244)
2026-01-03 18:43:56,182 [DEBUG] [download]  37.3% of ~  19.73MiB at  776.31KiB/s ETA 00:17 (frag 90/244)
2026-01-03 18:43:56,182 [DEBUG] [download]  37.3% of ~  19.73MiB at  776.31KiB/s ETA 00:17 (frag 90/244)
2026-01-03 18:43:56,183 [DEBUG] [download]  37.3% of ~  19.74MiB at  776.31KiB/s ETA 00:17 (frag 90/244)
2026-01-03 18:43:56,184 [DEBUG] [download]  37.3% of ~  19.75MiB at  776.31KiB/s ETA 00:17 (frag 90/244)
2026-01-03 18:43:56,190 [DEBUG] [download]  37.4% of ~  19.77MiB at  776.31KiB/s ETA 00:17 (frag 90/244)
2026-01-03 18:43:56,190 [DEBUG] [download]  37.4% of ~  19.81MiB at  776.31KiB/s ETA 00:17 (frag 90/244)
2026-01-03 18:43:56,258 [DEBUG] [download]  37.0% of ~  20.00MiB at  776.31KiB/s ETA 00:17 (frag 91/244)
2026-01-03 18:43:56,258 [DEBUG] [download]  37.7% of ~  19.65MiB at  782.13KiB/s ETA 00:17 (frag 91/244)
2026-01-03 18:43:56,259 [DEBUG] [download]  37.7% of ~  19.65MiB at  782.13KiB/s ETA 00:17 (frag 91/244)
2026-01-03 18:43:56,260 [DEBUG] [download]  37.7% of ~  19.66MiB at  782.13KiB/s ETA 00:17 (frag 91/244)
2026-01-03 18:43:56,260 [DEBUG] [download]  37.7% of ~  19.67MiB at  782.13KiB/s ETA 00:17 (frag 91/244)
2026-01-03 18:43:56,268 [DEBUG] [download]  37.8% of ~  19.69MiB at  782.13KiB/s ETA 00:17 (frag 91/244)
2026-01-03 18:43:56,274 [DEBUG] [download]  37.9% of ~  19.73MiB at  782.13KiB/s ETA 00:17 (frag 91/244)
2026-01-03 18:43:56,274 [DEBUG] [download]  37.9% of ~  19.81MiB at  782.13KiB/s ETA 00:17 (frag 91/244)
2026-01-03 18:43:56,329 [DEBUG] [download]  37.2% of ~  20.15MiB at  782.13KiB/s ETA 00:17 (frag 92/244)
2026-01-03 18:43:56,330 [DEBUG] [download]  38.1% of ~  19.69MiB at  788.35KiB/s ETA 00:17 (frag 92/244)
2026-01-03 18:43:56,330 [DEBUG] [download]  38.1% of ~  19.69MiB at  788.35KiB/s ETA 00:17 (frag 92/244)
2026-01-03 18:43:56,331 [DEBUG] [download]  38.1% of ~  19.70MiB at  788.35KiB/s ETA 00:17 (frag 92/244)
2026-01-03 18:43:56,333 [DEBUG] [download]  38.2% of ~  19.71MiB at  788.35KiB/s ETA 00:17 (frag 92/244)
2026-01-03 18:43:56,337 [DEBUG] [download]  38.2% of ~  19.73MiB at  788.35KiB/s ETA 00:17 (frag 92/244)
2026-01-03 18:43:56,338 [DEBUG] [download]  38.3% of ~  19.77MiB at  788.35KiB/s ETA 00:17 (frag 92/244)
2026-01-03 18:43:56,338 [DEBUG] [download]  38.2% of ~  19.85MiB at  788.35KiB/s ETA 00:17 (frag 92/244)
2026-01-03 18:43:56,410 [DEBUG] [download]  37.8% of ~  20.05MiB at  788.35KiB/s ETA 00:17 (frag 93/244)
2026-01-03 18:43:56,410 [DEBUG] [download]  38.5% of ~  19.66MiB at  788.82KiB/s ETA 00:17 (frag 93/244)
2026-01-03 18:43:56,410 [DEBUG] [download]  38.5% of ~  19.66MiB at  788.82KiB/s ETA 00:17 (frag 93/244)
2026-01-03 18:43:56,411 [DEBUG] [download]  38.5% of ~  19.67MiB at  788.82KiB/s ETA 00:17 (frag 93/244)
2026-01-03 18:43:56,412 [DEBUG] [download]  38.6% of ~  19.68MiB at  788.82KiB/s ETA 00:17 (frag 93/244)
2026-01-03 18:43:56,414 [DEBUG] [download]  38.6% of ~  19.70MiB at  788.82KiB/s ETA 00:17 (frag 93/244)
2026-01-03 18:43:56,414 [DEBUG] [download]  38.7% of ~  19.74MiB at  788.82KiB/s ETA 00:17 (frag 93/244)
2026-01-03 18:43:56,415 [DEBUG] [download]  38.5% of ~  19.82MiB at  788.82KiB/s ETA 00:17 (frag 93/244)
2026-01-03 18:43:56,481 [DEBUG] [download]  38.2% of ~  20.00MiB at  788.82KiB/s ETA 00:17 (frag 94/244)
2026-01-03 18:43:56,482 [DEBUG] [download]  38.9% of ~  19.62MiB at  789.55KiB/s ETA 00:16 (frag 94/244)
2026-01-03 18:43:56,482 [DEBUG] [download]  38.9% of ~  19.62MiB at  789.55KiB/s ETA 00:16 (frag 94/244)
2026-01-03 18:43:56,484 [DEBUG] [download]  39.0% of ~  19.63MiB at  789.55KiB/s ETA 00:16 (frag 94/244)
2026-01-03 18:43:56,484 [DEBUG] [download]  39.0% of ~  19.64MiB at  789.55KiB/s ETA 00:16 (frag 94/244)
2026-01-03 18:43:56,486 [DEBUG] [download]  39.0% of ~  19.66MiB at  789.55KiB/s ETA 00:16 (frag 94/244)
2026-01-03 18:43:56,489 [DEBUG] [download]  39.1% of ~  19.70MiB at  789.55KiB/s ETA 00:16 (frag 94/244)
2026-01-03 18:43:56,490 [DEBUG] [download]  39.0% of ~  19.78MiB at  789.55KiB/s ETA 00:16 (frag 94/244)
2026-01-03 18:43:56,554 [DEBUG] [download]  38.6% of ~  19.99MiB at  789.55KiB/s ETA 00:16 (frag 95/244)
2026-01-03 18:43:56,554 [DEBUG] [download]  39.3% of ~  19.60MiB at  791.80KiB/s ETA 00:16 (frag 95/244)
2026-01-03 18:43:56,555 [DEBUG] [download]  39.4% of ~  19.60MiB at  791.80KiB/s ETA 00:16 (frag 95/244)
2026-01-03 18:43:56,555 [DEBUG] [download]  39.4% of ~  19.60MiB at  791.80KiB/s ETA 00:16 (frag 95/244)
2026-01-03 18:43:56,561 [DEBUG] [download]  39.4% of ~  19.61MiB at  791.80KiB/s ETA 00:16 (frag 95/244)
2026-01-03 18:43:56,563 [DEBUG] [download]  39.4% of ~  19.63MiB at  791.80KiB/s ETA 00:16 (frag 95/244)
2026-01-03 18:43:56,563 [DEBUG] [download]  39.5% of ~  19.67MiB at  791.80KiB/s ETA 00:16 (frag 95/244)
2026-01-03 18:43:56,630 [DEBUG] [download]  39.1% of ~  19.86MiB at  791.80KiB/s ETA 00:16 (frag 96/244)
2026-01-03 18:43:56,630 [DEBUG] [download]  39.8% of ~  19.52MiB at  790.28KiB/s ETA 00:16 (frag 96/244)
2026-01-03 18:43:56,630 [DEBUG] [download]  39.8% of ~  19.53MiB at  790.28KiB/s ETA 00:16 (frag 96/244)
2026-01-03 18:43:56,633 [DEBUG] [download]  39.8% of ~  19.53MiB at  790.28KiB/s ETA 00:16 (frag 96/244)
2026-01-03 18:43:56,634 [DEBUG] [download]  39.8% of ~  19.54MiB at  790.28KiB/s ETA 00:16 (frag 96/244)
2026-01-03 18:43:56,636 [DEBUG] [download]  39.8% of ~  19.56MiB at  790.28KiB/s ETA 00:16 (frag 96/244)
2026-01-03 18:43:56,650 [DEBUG] [download]  39.9% of ~  19.60MiB at  790.28KiB/s ETA 00:16 (frag 96/244)
2026-01-03 18:43:56,651 [DEBUG] [download]  39.9% of ~  19.68MiB at  790.28KiB/s ETA 00:16 (frag 96/244)
2026-01-03 18:43:56,701 [DEBUG] [download]  39.3% of ~  20.01MiB at  790.28KiB/s ETA 00:16 (frag 97/244)
2026-01-03 18:43:56,702 [DEBUG] [download]  40.2% of ~  19.57MiB at  794.08KiB/s ETA 00:16 (frag 97/244)
2026-01-03 18:43:56,703 [DEBUG] [download]  40.2% of ~  19.57MiB at  794.08KiB/s ETA 00:16 (frag 97/244)
2026-01-03 18:43:56,703 [DEBUG] [download]  40.2% of ~  19.57MiB at  794.08KiB/s ETA 00:16 (frag 97/244)
2026-01-03 18:43:56,704 [DEBUG] [download]  40.2% of ~  19.58MiB at  794.08KiB/s ETA 00:16 (frag 97/244)
2026-01-03 18:43:56,709 [DEBUG] [download]  40.2% of ~  19.60MiB at  794.08KiB/s ETA 00:16 (frag 97/244)
2026-01-03 18:43:56,710 [DEBUG] [download]  40.3% of ~  19.64MiB at  794.08KiB/s ETA 00:16 (frag 97/244)
2026-01-03 18:43:57,017 [DEBUG] [download]  39.9% of ~  19.80MiB at  794.08KiB/s ETA 00:16 (frag 98/244)
2026-01-03 18:43:57,018 [DEBUG] [download]  40.6% of ~  19.49MiB at  794.45KiB/s ETA 00:16 (frag 98/244)
2026-01-03 18:43:57,018 [DEBUG] [download]  40.6% of ~  19.49MiB at  794.45KiB/s ETA 00:16 (frag 98/244)
2026-01-03 18:43:57,019 [DEBUG] [download]  40.6% of ~  19.49MiB at  794.45KiB/s ETA 00:16 (frag 98/244)
2026-01-03 18:43:57,027 [DEBUG] [download]  40.6% of ~  19.50MiB at  794.45KiB/s ETA 00:16 (frag 98/244)
2026-01-03 18:43:57,093 [DEBUG] [download]  40.7% of ~  19.52MiB at  794.45KiB/s ETA 00:16 (frag 98/244)
2026-01-03 18:43:57,096 [DEBUG] [download]  40.7% of ~  19.56MiB at  794.91KiB/s ETA 00:16 (frag 98/244)
2026-01-03 18:43:57,096 [DEBUG] [download]  40.8% of ~  19.64MiB at  794.91KiB/s ETA 00:16 (frag 98/244)
2026-01-03 18:43:57,153 [DEBUG] [download]  40.0% of ~  20.02MiB at  794.91KiB/s ETA 00:16 (frag 99/244)
2026-01-03 18:43:57,153 [DEBUG] [download]  41.0% of ~  19.55MiB at  793.11KiB/s ETA 00:16 (frag 99/244)
2026-01-03 18:43:57,154 [DEBUG] [download]  41.0% of ~  19.56MiB at  793.11KiB/s ETA 00:16 (frag 99/244)
2026-01-03 18:43:57,154 [DEBUG] [download]  41.0% of ~  19.56MiB at  793.11KiB/s ETA 00:16 (frag 99/244)
2026-01-03 18:43:57,156 [DEBUG] [download]  41.0% of ~  19.57MiB at  793.11KiB/s ETA 00:16 (frag 99/244)
2026-01-03 18:43:57,179 [DEBUG] [download]  41.1% of ~  19.59MiB at  793.11KiB/s ETA 00:16 (frag 99/244)
2026-01-03 18:43:57,179 [DEBUG] [download]  41.1% of ~  19.63MiB at  793.11KiB/s ETA 00:16 (frag 99/244)
2026-01-03 18:43:57,180 [DEBUG] [download]  41.0% of ~  19.70MiB at  793.11KiB/s ETA 00:16 (frag 99/244)
2026-01-03 18:43:57,235 [DEBUG] [download]  40.6% of ~  19.90MiB at  793.11KiB/s ETA 00:16 (frag 100/244)
2026-01-03 18:43:57,236 [DEBUG] [download]  41.4% of ~  19.53MiB at  787.43KiB/s ETA 00:15 (frag 100/244)
2026-01-03 18:43:57,236 [DEBUG] [download]  41.4% of ~  19.53MiB at  787.43KiB/s ETA 00:15 (frag 100/244)
2026-01-03 18:43:57,237 [DEBUG] [download]  41.4% of ~  19.54MiB at  787.43KiB/s ETA 00:15 (frag 100/244)
2026-01-03 18:43:57,240 [DEBUG] [download]  41.4% of ~  19.55MiB at  787.43KiB/s ETA 00:15 (frag 100/244)
2026-01-03 18:43:57,242 [DEBUG] [download]  41.5% of ~  19.57MiB at  787.43KiB/s ETA 00:15 (frag 100/244)
2026-01-03 18:43:57,243 [DEBUG] [download]  41.6% of ~  19.60MiB at  787.43KiB/s ETA 00:15 (frag 100/244)
2026-01-03 18:43:57,244 [DEBUG] [download]  41.4% of ~  19.68MiB at  787.43KiB/s ETA 00:15 (frag 100/244)
2026-01-03 18:43:57,301 [DEBUG] [download]  41.0% of ~  19.88MiB at  787.43KiB/s ETA 00:15 (frag 101/244)
2026-01-03 18:43:57,302 [DEBUG] [download]  41.8% of ~  19.51MiB at  785.75KiB/s ETA 00:15 (frag 101/244)
2026-01-03 18:43:57,305 [DEBUG] [download]  41.8% of ~  19.52MiB at  785.75KiB/s ETA 00:15 (frag 101/244)
2026-01-03 18:43:57,306 [DEBUG] [download]  41.8% of ~  19.52MiB at  785.75KiB/s ETA 00:15 (frag 101/244)
2026-01-03 18:43:57,307 [DEBUG] [download]  41.8% of ~  19.53MiB at  785.75KiB/s ETA 00:15 (frag 101/244)
2026-01-03 18:43:57,309 [DEBUG] [download]  41.9% of ~  19.55MiB at  785.75KiB/s ETA 00:15 (frag 101/244)
2026-01-03 18:43:57,318 [DEBUG] [download]  42.0% of ~  19.59MiB at  785.75KiB/s ETA 00:15 (frag 101/244)
2026-01-03 18:43:57,318 [DEBUG] [download]  42.0% of ~  19.66MiB at  785.75KiB/s ETA 00:15 (frag 101/244)
2026-01-03 18:43:57,381 [DEBUG] [download]  41.3% of ~  20.01MiB at  785.75KiB/s ETA 00:15 (frag 102/244)
2026-01-03 18:43:57,382 [DEBUG] [download]  42.2% of ~  19.57MiB at  812.70KiB/s ETA 00:15 (frag 102/244)
2026-01-03 18:43:57,382 [DEBUG] [download]  42.2% of ~  19.57MiB at  812.70KiB/s ETA 00:15 (frag 102/244)
2026-01-03 18:43:57,383 [DEBUG] [download]  42.2% of ~  19.58MiB at  812.70KiB/s ETA 00:15 (frag 102/244)
2026-01-03 18:43:57,384 [DEBUG] [download]  42.3% of ~  19.59MiB at  812.70KiB/s ETA 00:15 (frag 102/244)
2026-01-03 18:43:57,387 [DEBUG] [download]  42.3% of ~  19.61MiB at  812.70KiB/s ETA 00:15 (frag 102/244)
2026-01-03 18:43:57,393 [DEBUG] [download]  42.4% of ~  19.64MiB at  812.70KiB/s ETA 00:15 (frag 102/244)
2026-01-03 18:43:57,393 [DEBUG] [download]  42.4% of ~  19.72MiB at  812.70KiB/s ETA 00:15 (frag 102/244)
2026-01-03 18:43:57,453 [DEBUG] [download]  41.7% of ~  20.06MiB at  812.70KiB/s ETA 00:15 (frag 103/244)
2026-01-03 18:43:57,454 [DEBUG] [download]  42.6% of ~  19.62MiB at  836.18KiB/s ETA 00:15 (frag 103/244)
2026-01-03 18:43:57,454 [DEBUG] [download]  42.6% of ~  19.63MiB at  836.18KiB/s ETA 00:15 (frag 103/244)
2026-01-03 18:43:57,457 [DEBUG] [download]  42.6% of ~  19.63MiB at  836.18KiB/s ETA 00:15 (frag 103/244)
2026-01-03 18:43:57,458 [DEBUG] [download]  42.7% of ~  19.64MiB at  836.18KiB/s ETA 00:15 (frag 103/244)
2026-01-03 18:43:57,473 [DEBUG] [download]  42.7% of ~  19.66MiB at  836.18KiB/s ETA 00:15 (frag 103/244)
2026-01-03 18:43:57,474 [DEBUG] [download]  42.8% of ~  19.70MiB at  836.18KiB/s ETA 00:15 (frag 103/244)
2026-01-03 18:43:57,475 [DEBUG] [download]  42.7% of ~  19.77MiB at  836.18KiB/s ETA 00:15 (frag 103/244)
2026-01-03 18:43:57,525 [DEBUG] [download]  42.2% of ~  20.01MiB at  836.18KiB/s ETA 00:15 (frag 104/244)
2026-01-03 18:43:57,526 [DEBUG] [download]  43.0% of ~  19.63MiB at  854.70KiB/s ETA 00:15 (frag 104/244)
2026-01-03 18:43:57,529 [DEBUG] [download]  43.0% of ~  19.63MiB at  854.70KiB/s ETA 00:15 (frag 104/244)
2026-01-03 18:43:57,529 [DEBUG] [download]  43.1% of ~  19.63MiB at  854.70KiB/s ETA 00:15 (frag 104/244)
2026-01-03 18:43:57,533 [DEBUG] [download]  43.1% of ~  19.64MiB at  854.70KiB/s ETA 00:15 (frag 104/244)
2026-01-03 18:43:57,535 [DEBUG] [download]  43.1% of ~  19.66MiB at  854.70KiB/s ETA 00:15 (frag 104/244)
2026-01-03 18:43:57,536 [DEBUG] [download]  43.2% of ~  19.70MiB at  854.70KiB/s ETA 00:15 (frag 104/244)
2026-01-03 18:43:57,598 [DEBUG] [download]  42.8% of ~  19.89MiB at  854.70KiB/s ETA 00:15 (frag 105/244)
2026-01-03 18:43:57,599 [DEBUG] [download]  43.4% of ~  19.57MiB at  866.85KiB/s ETA 00:14 (frag 105/244)
2026-01-03 18:43:57,599 [DEBUG] [download]  43.5% of ~  19.57MiB at  866.85KiB/s ETA 00:14 (frag 105/244)
2026-01-03 18:43:57,601 [DEBUG] [download]  43.5% of ~  19.58MiB at  866.85KiB/s ETA 00:14 (frag 105/244)
2026-01-03 18:43:57,605 [DEBUG] [download]  43.5% of ~  19.59MiB at  866.85KiB/s ETA 00:14 (frag 105/244)
2026-01-03 18:43:57,612 [DEBUG] [download]  43.5% of ~  19.61MiB at  866.85KiB/s ETA 00:14 (frag 105/244)
2026-01-03 18:43:57,615 [DEBUG] [download]  43.6% of ~  19.64MiB at  866.85KiB/s ETA 00:14 (frag 105/244)
2026-01-03 18:43:57,616 [DEBUG] [download]  43.6% of ~  19.71MiB at  866.85KiB/s ETA 00:14 (frag 105/244)
2026-01-03 18:43:57,674 [DEBUG] [download]  43.0% of ~  19.97MiB at  866.85KiB/s ETA 00:14 (frag 106/244)
2026-01-03 18:43:57,674 [DEBUG] [download]  43.9% of ~  19.59MiB at  877.49KiB/s ETA 00:14 (frag 106/244)
2026-01-03 18:43:57,674 [DEBUG] [download]  43.9% of ~  19.59MiB at  877.49KiB/s ETA 00:14 (frag 106/244)
2026-01-03 18:43:57,675 [DEBUG] [download]  43.9% of ~  19.59MiB at  877.49KiB/s ETA 00:14 (frag 106/244)
2026-01-03 18:43:57,680 [DEBUG] [download]  43.9% of ~  19.60MiB at  877.49KiB/s ETA 00:14 (frag 106/244)
2026-01-03 18:43:57,682 [DEBUG] [download]  43.9% of ~  19.62MiB at  877.49KiB/s ETA 00:14 (frag 106/244)
2026-01-03 18:43:57,683 [DEBUG] [download]  44.0% of ~  19.66MiB at  877.49KiB/s ETA 00:14 (frag 106/244)
2026-01-03 18:43:57,751 [DEBUG] [download]  43.6% of ~  19.83MiB at  877.49KiB/s ETA 00:14 (frag 107/244)
2026-01-03 18:43:57,751 [DEBUG] [download]  44.3% of ~  19.53MiB at  879.29KiB/s ETA 00:14 (frag 107/244)
2026-01-03 18:43:57,752 [DEBUG] [download]  44.3% of ~  19.53MiB at  879.29KiB/s ETA 00:14 (frag 107/244)
2026-01-03 18:43:57,752 [DEBUG] [download]  44.3% of ~  19.53MiB at  879.29KiB/s ETA 00:14 (frag 107/244)
2026-01-03 18:43:57,754 [DEBUG] [download]  44.3% of ~  19.54MiB at  879.29KiB/s ETA 00:14 (frag 107/244)
2026-01-03 18:43:57,762 [DEBUG] [download]  44.3% of ~  19.56MiB at  879.29KiB/s ETA 00:14 (frag 107/244)
2026-01-03 18:43:57,776 [DEBUG] [download]  44.4% of ~  19.59MiB at  879.29KiB/s ETA 00:14 (frag 107/244)
2026-01-03 18:43:57,776 [DEBUG] [download]  44.5% of ~  19.66MiB at  879.29KiB/s ETA 00:14 (frag 107/244)
2026-01-03 18:43:57,824 [DEBUG] [download]  43.7% of ~  20.02MiB at  879.29KiB/s ETA 00:14 (frag 108/244)
2026-01-03 18:43:57,825 [DEBUG] [download]  44.7% of ~  19.59MiB at  881.24KiB/s ETA 00:14 (frag 108/244)
2026-01-03 18:43:57,831 [DEBUG] [download]  44.7% of ~  19.59MiB at  881.24KiB/s ETA 00:14 (frag 108/244)
2026-01-03 18:43:57,831 [DEBUG] [download]  44.7% of ~  19.60MiB at  881.24KiB/s ETA 00:14 (frag 108/244)
2026-01-03 18:43:57,833 [DEBUG] [download]  44.7% of ~  19.61MiB at  881.24KiB/s ETA 00:14 (frag 108/244)
2026-01-03 18:43:57,838 [DEBUG] [download]  44.8% of ~  19.62MiB at  881.24KiB/s ETA 00:14 (frag 108/244)
2026-01-03 18:43:57,842 [DEBUG] [download]  44.8% of ~  19.66MiB at  881.24KiB/s ETA 00:14 (frag 108/244)
2026-01-03 18:43:57,842 [DEBUG] [download]  44.9% of ~  19.73MiB at  881.24KiB/s ETA 00:14 (frag 108/244)
2026-01-03 18:43:57,899 [DEBUG] [download]  44.1% of ~  20.08MiB at  881.24KiB/s ETA 00:14 (frag 109/244)
2026-01-03 18:43:57,899 [DEBUG] [download]  45.1% of ~  19.65MiB at  884.86KiB/s ETA 00:14 (frag 109/244)
2026-01-03 18:43:57,900 [DEBUG] [download]  45.1% of ~  19.66MiB at  884.86KiB/s ETA 00:14 (frag 109/244)
2026-01-03 18:43:57,901 [DEBUG] [download]  45.1% of ~  19.66MiB at  884.86KiB/s ETA 00:14 (frag 109/244)
2026-01-03 18:43:57,903 [DEBUG] [download]  45.1% of ~  19.67MiB at  884.86KiB/s ETA 00:14 (frag 109/244)
2026-01-03 18:43:57,910 [DEBUG] [download]  45.2% of ~  19.69MiB at  884.86KiB/s ETA 00:14 (frag 109/244)
2026-01-03 18:43:57,911 [DEBUG] [download]  45.2% of ~  19.72MiB at  884.86KiB/s ETA 00:14 (frag 109/244)
2026-01-03 18:43:57,911 [DEBUG] [download]  45.2% of ~  19.79MiB at  884.86KiB/s ETA 00:14 (frag 109/244)
2026-01-03 18:43:57,974 [DEBUG] [download]  44.7% of ~  20.00MiB at  884.86KiB/s ETA 00:14 (frag 110/244)
2026-01-03 18:43:57,975 [DEBUG] [download]  45.5% of ~  19.65MiB at  887.18KiB/s ETA 00:13 (frag 110/244)
2026-01-03 18:43:57,975 [DEBUG] [download]  45.5% of ~  19.65MiB at  887.18KiB/s ETA 00:13 (frag 110/244)
2026-01-03 18:43:57,976 [DEBUG] [download]  45.5% of ~  19.65MiB at  887.18KiB/s ETA 00:13 (frag 110/244)
2026-01-03 18:43:57,980 [DEBUG] [download]  45.5% of ~  19.66MiB at  887.18KiB/s ETA 00:13 (frag 110/244)
2026-01-03 18:43:57,984 [DEBUG] [download]  45.6% of ~  19.68MiB at  887.18KiB/s ETA 00:13 (frag 110/244)
2026-01-03 18:43:57,985 [DEBUG] [download]  45.7% of ~  19.71MiB at  887.18KiB/s ETA 00:13 (frag 110/244)
2026-01-03 18:43:57,986 [DEBUG] [download]  45.6% of ~  19.78MiB at  887.18KiB/s ETA 00:13 (frag 110/244)
2026-01-03 18:43:58,054 [DEBUG] [download]  45.1% of ~  19.98MiB at  887.18KiB/s ETA 00:13 (frag 111/244)
2026-01-03 18:43:58,055 [DEBUG] [download]  45.9% of ~  19.64MiB at  891.04KiB/s ETA 00:13 (frag 111/244)
2026-01-03 18:43:58,055 [DEBUG] [download]  45.9% of ~  19.64MiB at  891.04KiB/s ETA 00:13 (frag 111/244)
2026-01-03 18:43:58,057 [DEBUG] [download]  45.9% of ~  19.64MiB at  891.04KiB/s ETA 00:13 (frag 111/244)
2026-01-03 18:43:58,060 [DEBUG] [download]  45.9% of ~  19.65MiB at  891.04KiB/s ETA 00:13 (frag 111/244)
2026-01-03 18:43:58,064 [DEBUG] [download]  46.0% of ~  19.67MiB at  891.04KiB/s ETA 00:13 (frag 111/244)
2026-01-03 18:43:58,065 [DEBUG] [download]  46.1% of ~  19.70MiB at  891.04KiB/s ETA 00:13 (frag 111/244)
2026-01-03 18:43:58,066 [DEBUG] [download]  46.1% of ~  19.77MiB at  891.04KiB/s ETA 00:13 (frag 111/244)
2026-01-03 18:43:58,129 [DEBUG] [download]  45.4% of ~  20.09MiB at  891.04KiB/s ETA 00:13 (frag 112/244)
2026-01-03 18:43:58,130 [DEBUG] [download]  46.3% of ~  19.69MiB at  895.13KiB/s ETA 00:13 (frag 112/244)
2026-01-03 18:43:58,130 [DEBUG] [download]  46.3% of ~  19.69MiB at  895.13KiB/s ETA 00:13 (frag 112/244)
2026-01-03 18:43:58,132 [DEBUG] [download]  46.3% of ~  19.69MiB at  895.13KiB/s ETA 00:13 (frag 112/244)
2026-01-03 18:43:58,132 [DEBUG] [download]  46.4% of ~  19.70MiB at  895.13KiB/s ETA 00:13 (frag 112/244)
2026-01-03 18:43:58,137 [DEBUG] [download]  46.4% of ~  19.72MiB at  895.13KiB/s ETA 00:13 (frag 112/244)
2026-01-03 18:43:58,137 [DEBUG] [download]  46.5% of ~  19.75MiB at  895.13KiB/s ETA 00:13 (frag 112/244)
2026-01-03 18:43:58,354 [DEBUG] [download]  46.0% of ~  19.94MiB at  895.13KiB/s ETA 00:13 (frag 113/244)
2026-01-03 18:43:58,354 [DEBUG] [download]  46.7% of ~  19.64MiB at  892.54KiB/s ETA 00:13 (frag 113/244)
2026-01-03 18:43:58,354 [DEBUG] [download]  46.7% of ~  19.64MiB at  892.54KiB/s ETA 00:13 (frag 113/244)
2026-01-03 18:43:58,355 [DEBUG] [download]  46.7% of ~  19.64MiB at  892.54KiB/s ETA 00:13 (frag 113/244)
2026-01-03 18:43:58,369 [DEBUG] [download]  46.8% of ~  19.65MiB at  892.54KiB/s ETA 00:13 (frag 113/244)
2026-01-03 18:43:58,373 [DEBUG] [download]  46.8% of ~  19.67MiB at  892.54KiB/s ETA 00:13 (frag 113/244)
2026-01-03 18:43:58,376 [DEBUG] [download]  46.9% of ~  19.70MiB at  892.54KiB/s ETA 00:13 (frag 113/244)
2026-01-03 18:43:58,376 [DEBUG] [download]  46.9% of ~  19.77MiB at  892.54KiB/s ETA 00:13 (frag 113/244)
2026-01-03 18:43:58,518 [DEBUG] [download]  46.2% of ~  20.08MiB at  892.54KiB/s ETA 00:13 (frag 114/244)
2026-01-03 18:43:58,518 [DEBUG] [download]  47.1% of ~  19.68MiB at  901.64KiB/s ETA 00:13 (frag 114/244)
2026-01-03 18:43:58,519 [DEBUG] [download]  47.1% of ~  19.69MiB at  901.64KiB/s ETA 00:13 (frag 114/244)
2026-01-03 18:43:58,520 [DEBUG] [download]  47.2% of ~  19.69MiB at  901.64KiB/s ETA 00:13 (frag 114/244)
2026-01-03 18:43:58,525 [DEBUG] [download]  47.2% of ~  19.70MiB at  901.64KiB/s ETA 00:13 (frag 114/244)
2026-01-03 18:43:58,531 [DEBUG] [download]  47.2% of ~  19.72MiB at  901.64KiB/s ETA 00:13 (frag 114/244)
2026-01-03 18:43:58,537 [DEBUG] [download]  47.3% of ~  19.75MiB at  901.64KiB/s ETA 00:13 (frag 114/244)
2026-01-03 18:43:58,538 [DEBUG] [download]  47.4% of ~  19.82MiB at  901.64KiB/s ETA 00:13 (frag 114/244)
2026-01-03 18:43:58,597 [DEBUG] [download]  46.6% of ~  20.15MiB at  901.64KiB/s ETA 00:13 (frag 115/244)
2026-01-03 18:43:58,598 [DEBUG] [download]  47.5% of ~  19.74MiB at  908.02KiB/s ETA 00:13 (frag 115/244)
2026-01-03 18:43:58,598 [DEBUG] [download]  47.6% of ~  19.75MiB at  908.02KiB/s ETA 00:13 (frag 115/244)
2026-01-03 18:43:58,599 [DEBUG] [download]  47.6% of ~  19.75MiB at  908.02KiB/s ETA 00:13 (frag 115/244)
2026-01-03 18:43:58,599 [DEBUG] [download]  47.6% of ~  19.76MiB at  908.02KiB/s ETA 00:13 (frag 115/244)
2026-01-03 18:43:58,601 [DEBUG] [download]  47.6% of ~  19.78MiB at  908.02KiB/s ETA 00:13 (frag 115/244)
2026-01-03 18:43:58,610 [DEBUG] [download]  47.7% of ~  19.81MiB at  908.02KiB/s ETA 00:13 (frag 115/244)
2026-01-03 18:43:58,610 [DEBUG] [download]  47.7% of ~  19.87MiB at  908.02KiB/s ETA 00:13 (frag 115/244)
2026-01-03 18:43:58,667 [DEBUG] [download]  47.0% of ~  20.16MiB at  908.02KiB/s ETA 00:13 (frag 116/244)
2026-01-03 18:43:58,668 [DEBUG] [download]  48.0% of ~  19.78MiB at  918.15KiB/s ETA 00:12 (frag 116/244)
2026-01-03 18:43:58,668 [DEBUG] [download]  48.0% of ~  19.79MiB at  918.15KiB/s ETA 00:12 (frag 116/244)
2026-01-03 18:43:58,669 [DEBUG] [download]  48.0% of ~  19.79MiB at  918.15KiB/s ETA 00:12 (frag 116/244)
2026-01-03 18:43:58,671 [DEBUG] [download]  48.0% of ~  19.80MiB at  918.15KiB/s ETA 00:12 (frag 116/244)
2026-01-03 18:43:58,674 [DEBUG] [download]  48.0% of ~  19.81MiB at  918.15KiB/s ETA 00:12 (frag 116/244)
2026-01-03 18:43:58,675 [DEBUG] [download]  48.1% of ~  19.85MiB at  918.15KiB/s ETA 00:12 (frag 116/244)
2026-01-03 18:43:58,675 [DEBUG] [download]  48.0% of ~  19.91MiB at  918.15KiB/s ETA 00:12 (frag 116/244)
2026-01-03 18:43:58,742 [DEBUG] [download]  47.6% of ~  20.07MiB at  918.15KiB/s ETA 00:12 (frag 117/244)
2026-01-03 18:43:58,742 [DEBUG] [download]  48.4% of ~  19.76MiB at  925.29KiB/s ETA 00:12 (frag 117/244)
2026-01-03 18:43:58,745 [DEBUG] [download]  48.4% of ~  19.76MiB at  925.29KiB/s ETA 00:12 (frag 117/244)
2026-01-03 18:43:58,746 [DEBUG] [download]  48.4% of ~  19.76MiB at  925.29KiB/s ETA 00:12 (frag 117/244)
2026-01-03 18:43:58,747 [DEBUG] [download]  48.4% of ~  19.77MiB at  925.29KiB/s ETA 00:12 (frag 117/244)
2026-01-03 18:43:58,751 [DEBUG] [download]  48.4% of ~  19.79MiB at  925.29KiB/s ETA 00:12 (frag 117/244)
2026-01-03 18:43:58,757 [DEBUG] [download]  48.5% of ~  19.82MiB at  925.29KiB/s ETA 00:12 (frag 117/244)
2026-01-03 18:43:58,758 [DEBUG] [download]  48.6% of ~  19.88MiB at  925.29KiB/s ETA 00:12 (frag 117/244)
2026-01-03 18:43:58,818 [DEBUG] [download]  47.8% of ~  20.19MiB at  925.29KiB/s ETA 00:12 (frag 118/244)
2026-01-03 18:43:58,818 [DEBUG] [download]  48.8% of ~  19.80MiB at  932.16KiB/s ETA 00:12 (frag 118/244)
2026-01-03 18:43:58,818 [DEBUG] [download]  48.8% of ~  19.81MiB at  932.16KiB/s ETA 00:12 (frag 118/244)
2026-01-03 18:43:58,819 [DEBUG] [download]  48.8% of ~  19.81MiB at  932.16KiB/s ETA 00:12 (frag 118/244)
2026-01-03 18:43:58,820 [DEBUG] [download]  48.8% of ~  19.82MiB at  932.16KiB/s ETA 00:12 (frag 118/244)
2026-01-03 18:43:58,826 [DEBUG] [download]  48.8% of ~  19.83MiB at  932.16KiB/s ETA 00:12 (frag 118/244)
2026-01-03 18:43:58,833 [DEBUG] [download]  48.9% of ~  19.87MiB at  932.16KiB/s ETA 00:12 (frag 118/244)
2026-01-03 18:43:58,834 [DEBUG] [download]  49.0% of ~  19.93MiB at  932.16KiB/s ETA 00:12 (frag 118/244)
2026-01-03 18:43:58,893 [DEBUG] [download]  48.3% of ~  20.22MiB at  932.16KiB/s ETA 00:12 (frag 119/244)
2026-01-03 18:43:58,894 [DEBUG] [download]  49.2% of ~  19.85MiB at  934.68KiB/s ETA 00:12 (frag 119/244)
2026-01-03 18:43:58,894 [DEBUG] [download]  49.2% of ~  19.85MiB at  934.68KiB/s ETA 00:12 (frag 119/244)
2026-01-03 18:43:58,895 [DEBUG] [download]  49.2% of ~  19.85MiB at  934.68KiB/s ETA 00:12 (frag 119/244)
2026-01-03 18:43:58,898 [DEBUG] [download]  49.2% of ~  19.86MiB at  934.68KiB/s ETA 00:12 (frag 119/244)
2026-01-03 18:43:58,901 [DEBUG] [download]  49.3% of ~  19.88MiB at  934.68KiB/s ETA 00:12 (frag 119/244)
2026-01-03 18:43:58,901 [DEBUG] [download]  49.3% of ~  19.91MiB at  934.68KiB/s ETA 00:12 (frag 119/244)
2026-01-03 18:43:58,968 [DEBUG] [download]  48.9% of ~  20.07MiB at  934.68KiB/s ETA 00:12 (frag 120/244)
2026-01-03 18:43:58,968 [DEBUG] [download]  49.6% of ~  19.79MiB at  934.98KiB/s ETA 00:12 (frag 120/244)
2026-01-03 18:43:58,969 [DEBUG] [download]  49.6% of ~  19.79MiB at  934.98KiB/s ETA 00:12 (frag 120/244)
2026-01-03 18:43:58,972 [DEBUG] [download]  49.6% of ~  19.80MiB at  934.98KiB/s ETA 00:12 (frag 120/244)
2026-01-03 18:43:58,973 [DEBUG] [download]  49.6% of ~  19.81MiB at  934.98KiB/s ETA 00:12 (frag 120/244)
2026-01-03 18:43:58,974 [DEBUG] [download]  49.7% of ~  19.82MiB at  934.98KiB/s ETA 00:12 (frag 120/244)
2026-01-03 18:43:58,978 [DEBUG] [download]  49.7% of ~  19.85MiB at  934.98KiB/s ETA 00:12 (frag 120/244)
2026-01-03 18:43:58,979 [DEBUG] [download]  49.8% of ~  19.92MiB at  934.98KiB/s ETA 00:12 (frag 120/244)
2026-01-03 18:43:59,041 [DEBUG] [download]  49.1% of ~  20.18MiB at  934.98KiB/s ETA 00:12 (frag 121/244)
2026-01-03 18:43:59,041 [DEBUG] [download]  50.0% of ~  19.82MiB at  930.74KiB/s ETA 00:12 (frag 121/244)
2026-01-03 18:43:59,041 [DEBUG] [download]  50.0% of ~  19.83MiB at  930.74KiB/s ETA 00:12 (frag 121/244)
2026-01-03 18:43:59,045 [DEBUG] [download]  50.0% of ~  19.83MiB at  930.74KiB/s ETA 00:12 (frag 121/244)
2026-01-03 18:43:59,129 [DEBUG] [download]  50.0% of ~  19.84MiB at  930.74KiB/s ETA 00:12 (frag 121/244)
2026-01-03 18:43:59,138 [DEBUG] [download]  50.1% of ~  19.85MiB at  920.71KiB/s ETA 00:11 (frag 121/244)
2026-01-03 18:43:59,138 [DEBUG] [download]  50.2% of ~  19.88MiB at  920.71KiB/s ETA 00:11 (frag 121/244)
2026-01-03 18:43:59,139 [DEBUG] [download]  50.1% of ~  19.95MiB at  920.71KiB/s ETA 00:11 (frag 121/244)
2026-01-03 18:43:59,202 [DEBUG] [download]  49.6% of ~  20.12MiB at  920.71KiB/s ETA 00:11 (frag 122/244)
2026-01-03 18:43:59,203 [DEBUG] [download]  50.4% of ~  19.81MiB at  913.26KiB/s ETA 00:11 (frag 122/244)
2026-01-03 18:43:59,205 [DEBUG] [download]  50.4% of ~  19.81MiB at  913.26KiB/s ETA 00:11 (frag 122/244)
2026-01-03 18:43:59,207 [DEBUG] [download]  50.4% of ~  19.81MiB at  913.26KiB/s ETA 00:11 (frag 122/244)
2026-01-03 18:43:59,209 [DEBUG] [download]  50.4% of ~  19.82MiB at  913.26KiB/s ETA 00:11 (frag 122/244)
2026-01-03 18:43:59,212 [DEBUG] [download]  50.5% of ~  19.84MiB at  913.26KiB/s ETA 00:11 (frag 122/244)
2026-01-03 18:43:59,224 [DEBUG] [download]  50.6% of ~  19.87MiB at  913.26KiB/s ETA 00:11 (frag 122/244)
2026-01-03 18:43:59,224 [DEBUG] [download]  50.6% of ~  19.93MiB at  913.26KiB/s ETA 00:11 (frag 122/244)
2026-01-03 18:43:59,278 [DEBUG] [download]  50.0% of ~  20.17MiB at  913.26KiB/s ETA 00:11 (frag 123/244)
2026-01-03 18:43:59,278 [DEBUG] [download]  50.8% of ~  19.83MiB at  907.31KiB/s ETA 00:11 (frag 123/244)
2026-01-03 18:43:59,278 [DEBUG] [download]  50.8% of ~  19.83MiB at  907.31KiB/s ETA 00:11 (frag 123/244)
2026-01-03 18:43:59,279 [DEBUG] [download]  50.8% of ~  19.83MiB at  907.31KiB/s ETA 00:11 (frag 123/244)
2026-01-03 18:43:59,281 [DEBUG] [download]  50.9% of ~  19.84MiB at  907.31KiB/s ETA 00:11 (frag 123/244)
2026-01-03 18:43:59,285 [DEBUG] [download]  50.9% of ~  19.86MiB at  907.31KiB/s ETA 00:11 (frag 123/244)
2026-01-03 18:43:59,287 [DEBUG] [download]  51.0% of ~  19.89MiB at  907.31KiB/s ETA 00:11 (frag 123/244)
2026-01-03 18:43:59,288 [DEBUG] [download]  50.9% of ~  19.95MiB at  907.31KiB/s ETA 00:11 (frag 123/244)
2026-01-03 18:43:59,350 [DEBUG] [download]  50.4% of ~  20.13MiB at  907.31KiB/s ETA 00:11 (frag 124/244)
2026-01-03 18:43:59,350 [DEBUG] [download]  51.2% of ~  19.82MiB at  904.58KiB/s ETA 00:11 (frag 124/244)
2026-01-03 18:43:59,353 [DEBUG] [download]  51.2% of ~  19.82MiB at  904.58KiB/s ETA 00:11 (frag 124/244)
2026-01-03 18:43:59,355 [DEBUG] [download]  51.2% of ~  19.82MiB at  904.58KiB/s ETA 00:11 (frag 124/244)
2026-01-03 18:43:59,357 [DEBUG] [download]  51.3% of ~  19.83MiB at  904.58KiB/s ETA 00:11 (frag 124/244)
2026-01-03 18:43:59,360 [DEBUG] [download]  51.3% of ~  19.85MiB at  904.58KiB/s ETA 00:11 (frag 124/244)
2026-01-03 18:43:59,361 [DEBUG] [download]  51.3% of ~  19.88MiB at  904.58KiB/s ETA 00:11 (frag 124/244)
2026-01-03 18:43:59,422 [DEBUG] [download]  51.0% of ~  20.01MiB at  904.58KiB/s ETA 00:11 (frag 125/244)
2026-01-03 18:43:59,423 [DEBUG] [download]  51.6% of ~  19.75MiB at  900.80KiB/s ETA 00:11 (frag 125/244)
2026-01-03 18:43:59,423 [DEBUG] [download]  51.6% of ~  19.76MiB at  900.80KiB/s ETA 00:11 (frag 125/244)
2026-01-03 18:43:59,424 [DEBUG] [download]  51.7% of ~  19.76MiB at  900.80KiB/s ETA 00:11 (frag 125/244)
2026-01-03 18:43:59,426 [DEBUG] [download]  51.7% of ~  19.77MiB at  900.80KiB/s ETA 00:11 (frag 125/244)
2026-01-03 18:43:59,430 [DEBUG] [download]  51.7% of ~  19.78MiB at  900.80KiB/s ETA 00:11 (frag 125/244)
2026-01-03 18:43:59,436 [DEBUG] [download]  51.8% of ~  19.81MiB at  900.80KiB/s ETA 00:11 (frag 125/244)
2026-01-03 18:43:59,437 [DEBUG] [download]  51.7% of ~  19.87MiB at  900.80KiB/s ETA 00:11 (frag 125/244)
2026-01-03 18:43:59,498 [DEBUG] [download]  51.2% of ~  20.08MiB at  900.80KiB/s ETA 00:11 (frag 126/244)
2026-01-03 18:43:59,498 [DEBUG] [download]  52.1% of ~  19.76MiB at  899.10KiB/s ETA 00:11 (frag 126/244)
2026-01-03 18:43:59,501 [DEBUG] [download]  52.1% of ~  19.76MiB at  899.10KiB/s ETA 00:11 (frag 126/244)
2026-01-03 18:43:59,505 [DEBUG] [download]  52.1% of ~  19.76MiB at  899.10KiB/s ETA 00:11 (frag 126/244)
2026-01-03 18:43:59,505 [DEBUG] [download]  52.1% of ~  19.77MiB at  899.10KiB/s ETA 00:11 (frag 126/244)
2026-01-03 18:43:59,508 [DEBUG] [download]  52.1% of ~  19.79MiB at  899.10KiB/s ETA 00:11 (frag 126/244)
2026-01-03 18:43:59,514 [DEBUG] [download]  52.2% of ~  19.82MiB at  899.10KiB/s ETA 00:11 (frag 126/244)
2026-01-03 18:43:59,515 [DEBUG] [download]  52.3% of ~  19.88MiB at  899.10KiB/s ETA 00:11 (frag 126/244)
2026-01-03 18:43:59,575 [DEBUG] [download]  51.5% of ~  20.18MiB at  899.10KiB/s ETA 00:11 (frag 127/244)
2026-01-03 18:43:59,576 [DEBUG] [download]  52.5% of ~  19.81MiB at  903.74KiB/s ETA 00:11 (frag 127/244)
2026-01-03 18:43:59,576 [DEBUG] [download]  52.5% of ~  19.81MiB at  903.74KiB/s ETA 00:11 (frag 127/244)
2026-01-03 18:43:59,577 [DEBUG] [download]  52.5% of ~  19.82MiB at  903.74KiB/s ETA 00:11 (frag 127/244)
2026-01-03 18:43:59,580 [DEBUG] [download]  52.5% of ~  19.82MiB at  903.74KiB/s ETA 00:11 (frag 127/244)
2026-01-03 18:43:59,585 [DEBUG] [download]  52.5% of ~  19.84MiB at  903.74KiB/s ETA 00:11 (frag 127/244)
2026-01-03 18:43:59,585 [DEBUG] [download]  52.6% of ~  19.87MiB at  903.74KiB/s ETA 00:11 (frag 127/244)
2026-01-03 18:43:59,586 [DEBUG] [download]  52.5% of ~  19.93MiB at  903.74KiB/s ETA 00:11 (frag 127/244)
2026-01-03 18:43:59,788 [DEBUG] [download]  52.1% of ~  20.06MiB at  903.74KiB/s ETA 00:11 (frag 128/244)
2026-01-03 18:43:59,789 [DEBUG] [download]  52.9% of ~  19.78MiB at  915.67KiB/s ETA 00:11 (frag 128/244)
2026-01-03 18:43:59,790 [DEBUG] [download]  52.9% of ~  19.79MiB at  915.67KiB/s ETA 00:11 (frag 128/244)
2026-01-03 18:43:59,793 [DEBUG] [download]  52.9% of ~  19.79MiB at  915.67KiB/s ETA 00:11 (frag 128/244)
2026-01-03 18:43:59,794 [DEBUG] [download]  52.9% of ~  19.80MiB at  915.67KiB/s ETA 00:11 (frag 128/244)
2026-01-03 18:43:59,795 [DEBUG] [download]  52.9% of ~  19.81MiB at  915.67KiB/s ETA 00:11 (frag 128/244)
2026-01-03 18:43:59,795 [DEBUG] [download]  53.0% of ~  19.84MiB at  915.67KiB/s ETA 00:11 (frag 128/244)
2026-01-03 18:44:00,218 [DEBUG] [download]  52.6% of ~  19.96MiB at  915.67KiB/s ETA 00:11 (frag 129/244)
2026-01-03 18:44:00,218 [DEBUG] [download]  53.3% of ~  19.72MiB at  890.33KiB/s ETA 00:11 (frag 129/244)
2026-01-03 18:44:00,225 [DEBUG] [download]  53.3% of ~  19.72MiB at  890.33KiB/s ETA 00:11 (frag 129/244)
2026-01-03 18:44:00,226 [DEBUG] [download]  53.3% of ~  19.72MiB at  890.33KiB/s ETA 00:11 (frag 129/244)
2026-01-03 18:44:00,227 [DEBUG] [download]  53.3% of ~  19.73MiB at  890.33KiB/s ETA 00:11 (frag 129/244)
2026-01-03 18:44:00,293 [DEBUG] [download]  53.4% of ~  19.75MiB at  890.33KiB/s ETA 00:11 (frag 129/244)
2026-01-03 18:44:00,296 [DEBUG] [download]  53.4% of ~  19.78MiB at  870.61KiB/s ETA 00:11 (frag 129/244)
2026-01-03 18:44:00,296 [DEBUG] [download]  53.5% of ~  19.83MiB at  870.61KiB/s ETA 00:11 (frag 129/244)
2026-01-03 18:44:00,374 [DEBUG] [download]  52.8% of ~  20.11MiB at  870.61KiB/s ETA 00:11 (frag 130/244)
2026-01-03 18:44:00,374 [DEBUG] [download]  53.7% of ~  19.76MiB at  850.51KiB/s ETA 00:11 (frag 130/244)
2026-01-03 18:44:00,375 [DEBUG] [download]  53.7% of ~  19.76MiB at  850.51KiB/s ETA 00:11 (frag 130/244)
2026-01-03 18:44:00,376 [DEBUG] [download]  53.7% of ~  19.77MiB at  850.51KiB/s ETA 00:11 (frag 130/244)
2026-01-03 18:44:00,377 [DEBUG] [download]  53.7% of ~  19.77MiB at  850.51KiB/s ETA 00:11 (frag 130/244)
2026-01-03 18:44:00,381 [DEBUG] [download]  53.8% of ~  19.79MiB at  850.51KiB/s ETA 00:11 (frag 130/244)
2026-01-03 18:44:00,385 [DEBUG] [download]  53.8% of ~  19.82MiB at  850.51KiB/s ETA 00:11 (frag 130/244)
2026-01-03 18:44:00,386 [DEBUG] [download]  53.9% of ~  19.88MiB at  850.51KiB/s ETA 00:11 (frag 130/244)
2026-01-03 18:44:00,450 [DEBUG] [download]  53.2% of ~  20.15MiB at  850.51KiB/s ETA 00:11 (frag 131/244)
2026-01-03 18:44:00,450 [DEBUG] [download]  54.1% of ~  19.80MiB at  836.15KiB/s ETA 00:11 (frag 131/244)
2026-01-03 18:44:00,451 [DEBUG] [download]  54.1% of ~  19.81MiB at  836.15KiB/s ETA 00:11 (frag 131/244)
2026-01-03 18:44:00,451 [DEBUG] [download]  54.1% of ~  19.81MiB at  836.15KiB/s ETA 00:11 (frag 131/244)
2026-01-03 18:44:00,456 [DEBUG] [download]  54.1% of ~  19.82MiB at  836.15KiB/s ETA 00:11 (frag 131/244)
2026-01-03 18:44:00,458 [DEBUG] [download]  54.2% of ~  19.83MiB at  836.15KiB/s ETA 00:11 (frag 131/244)
2026-01-03 18:44:00,462 [DEBUG] [download]  54.3% of ~  19.86MiB at  836.15KiB/s ETA 00:11 (frag 131/244)
2026-01-03 18:44:00,462 [DEBUG] [download]  54.3% of ~  19.92MiB at  836.15KiB/s ETA 00:11 (frag 131/244)
2026-01-03 18:44:00,526 [DEBUG] [download]  53.6% of ~  20.19MiB at  836.15KiB/s ETA 00:11 (frag 132/244)
2026-01-03 18:44:00,526 [DEBUG] [download]  54.5% of ~  19.85MiB at  828.16KiB/s ETA 00:11 (frag 132/244)
2026-01-03 18:44:00,527 [DEBUG] [download]  54.5% of ~  19.85MiB at  828.16KiB/s ETA 00:11 (frag 132/244)
2026-01-03 18:44:00,528 [DEBUG] [download]  54.5% of ~  19.85MiB at  828.16KiB/s ETA 00:11 (frag 132/244)
2026-01-03 18:44:00,533 [DEBUG] [download]  54.5% of ~  19.86MiB at  828.16KiB/s ETA 00:11 (frag 132/244)
2026-01-03 18:44:00,537 [DEBUG] [download]  54.6% of ~  19.87MiB at  828.16KiB/s ETA 00:11 (frag 132/244)
2026-01-03 18:44:00,543 [DEBUG] [download]  54.7% of ~  19.90MiB at  828.16KiB/s ETA 00:11 (frag 132/244)
2026-01-03 18:44:00,544 [DEBUG] [download]  54.7% of ~  19.96MiB at  828.16KiB/s ETA 00:11 (frag 132/244)
2026-01-03 18:44:00,595 [DEBUG] [download]  54.0% of ~  20.22MiB at  828.16KiB/s ETA 00:11 (frag 133/244)
2026-01-03 18:44:00,595 [DEBUG] [download]  54.9% of ~  19.89MiB at  827.60KiB/s ETA 00:11 (frag 133/244)
2026-01-03 18:44:00,596 [DEBUG] [download]  54.9% of ~  19.89MiB at  827.60KiB/s ETA 00:11 (frag 133/244)
2026-01-03 18:44:00,597 [DEBUG] [download]  54.9% of ~  19.89MiB at  827.60KiB/s ETA 00:11 (frag 133/244)
2026-01-03 18:44:00,599 [DEBUG] [download]  55.0% of ~  19.90MiB at  827.60KiB/s ETA 00:11 (frag 133/244)
2026-01-03 18:44:00,603 [DEBUG] [download]  55.0% of ~  19.91MiB at  827.60KiB/s ETA 00:11 (frag 133/244)
2026-01-03 18:44:00,611 [DEBUG] [download]  55.1% of ~  19.94MiB at  827.60KiB/s ETA 00:11 (frag 133/244)
2026-01-03 18:44:00,611 [DEBUG] [download]  55.1% of ~  20.00MiB at  827.60KiB/s ETA 00:11 (frag 133/244)
2026-01-03 18:44:00,671 [DEBUG] [download]  54.4% of ~  20.26MiB at  827.60KiB/s ETA 00:11 (frag 134/244)
2026-01-03 18:44:00,671 [DEBUG] [download]  55.3% of ~  19.93MiB at  828.93KiB/s ETA 00:11 (frag 134/244)
2026-01-03 18:44:00,676 [DEBUG] [download]  55.3% of ~  19.93MiB at  828.93KiB/s ETA 00:11 (frag 134/244)
2026-01-03 18:44:00,677 [DEBUG] [download]  55.3% of ~  19.93MiB at  828.93KiB/s ETA 00:11 (frag 134/244)
2026-01-03 18:44:00,678 [DEBUG] [download]  55.4% of ~  19.94MiB at  828.93KiB/s ETA 00:11 (frag 134/244)
2026-01-03 18:44:00,686 [DEBUG] [download]  55.4% of ~  19.95MiB at  828.93KiB/s ETA 00:11 (frag 134/244)
2026-01-03 18:44:00,686 [DEBUG] [download]  55.5% of ~  19.98MiB at  828.93KiB/s ETA 00:11 (frag 134/244)
2026-01-03 18:44:00,687 [DEBUG] [download]  55.4% of ~  20.04MiB at  828.93KiB/s ETA 00:11 (frag 134/244)
2026-01-03 18:44:00,748 [DEBUG] [download]  54.9% of ~  20.22MiB at  828.93KiB/s ETA 00:11 (frag 135/244)
2026-01-03 18:44:00,748 [DEBUG] [download]  55.7% of ~  19.92MiB at  832.74KiB/s ETA 00:11 (frag 135/244)
2026-01-03 18:44:00,756 [DEBUG] [download]  55.7% of ~  19.93MiB at  832.74KiB/s ETA 00:11 (frag 135/244)
2026-01-03 18:44:00,961 [DEBUG] [download]  55.8% of ~  19.93MiB at  832.74KiB/s ETA 00:11 (frag 135/244)
2026-01-03 18:44:00,962 [DEBUG] [download]  55.8% of ~  19.94MiB at  807.21KiB/s ETA 00:11 (frag 135/244)
2026-01-03 18:44:00,964 [DEBUG] [download]  55.8% of ~  19.95MiB at  807.21KiB/s ETA 00:11 (frag 135/244)
2026-01-03 18:44:00,965 [DEBUG] [download]  55.9% of ~  19.98MiB at  807.21KiB/s ETA 00:11 (frag 135/244)
2026-01-03 18:44:01,061 [DEBUG] [download]  55.4% of ~  20.14MiB at  807.21KiB/s ETA 00:11 (frag 136/244)
2026-01-03 18:44:01,061 [DEBUG] [download]  56.2% of ~  19.89MiB at  779.85KiB/s ETA 00:11 (frag 136/244)
2026-01-03 18:44:01,062 [DEBUG] [download]  56.2% of ~  19.89MiB at  779.85KiB/s ETA 00:11 (frag 136/244)
2026-01-03 18:44:01,065 [DEBUG] [download]  56.2% of ~  19.89MiB at  779.85KiB/s ETA 00:11 (frag 136/244)
2026-01-03 18:44:01,066 [DEBUG] [download]  56.2% of ~  19.90MiB at  779.85KiB/s ETA 00:11 (frag 136/244)
2026-01-03 18:44:01,070 [DEBUG] [download]  56.2% of ~  19.91MiB at  779.85KiB/s ETA 00:11 (frag 136/244)
2026-01-03 18:44:01,076 [DEBUG] [download]  56.3% of ~  19.94MiB at  779.85KiB/s ETA 00:11 (frag 136/244)
2026-01-03 18:44:01,076 [DEBUG] [download]  56.4% of ~  20.00MiB at  779.85KiB/s ETA 00:11 (frag 136/244)
2026-01-03 18:44:01,161 [DEBUG] [download]  55.6% of ~  20.28MiB at  779.85KiB/s ETA 00:11 (frag 137/244)
2026-01-03 18:44:01,161 [DEBUG] [download]  56.6% of ~  19.94MiB at  775.76KiB/s ETA 00:11 (frag 137/244)
2026-01-03 18:44:01,161 [DEBUG] [download]  56.6% of ~  19.94MiB at  775.76KiB/s ETA 00:11 (frag 137/244)
2026-01-03 18:44:01,162 [DEBUG] [download]  56.6% of ~  19.94MiB at  775.76KiB/s ETA 00:11 (frag 137/244)
2026-01-03 18:44:01,294 [DEBUG] [download]  56.6% of ~  19.95MiB at  775.76KiB/s ETA 00:11 (frag 137/244)
2026-01-03 18:44:01,297 [DEBUG] [download]  56.6% of ~  19.96MiB at  765.53KiB/s ETA 00:11 (frag 137/244)
2026-01-03 18:44:01,299 [DEBUG] [download]  56.7% of ~  19.99MiB at  765.53KiB/s ETA 00:11 (frag 137/244)
2026-01-03 18:44:01,300 [DEBUG] [download]  56.7% of ~  20.05MiB at  765.53KiB/s ETA 00:11 (frag 137/244)
2026-01-03 18:44:01,453 [DEBUG] [download]  56.1% of ~  20.29MiB at  765.53KiB/s ETA 00:11 (frag 138/244)
2026-01-03 18:44:01,454 [DEBUG] [download]  57.0% of ~  19.97MiB at  755.26KiB/s ETA 00:11 (frag 138/244)
2026-01-03 18:44:01,454 [DEBUG] [download]  57.0% of ~  19.97MiB at  755.26KiB/s ETA 00:11 (frag 138/244)
2026-01-03 18:44:01,455 [DEBUG] [download]  57.0% of ~  19.97MiB at  755.26KiB/s ETA 00:11 (frag 138/244)
2026-01-03 18:44:01,457 [DEBUG] [download]  57.0% of ~  19.98MiB at  755.26KiB/s ETA 00:11 (frag 138/244)
2026-01-03 18:44:01,461 [DEBUG] [download]  57.0% of ~  19.99MiB at  755.26KiB/s ETA 00:11 (frag 138/244)
2026-01-03 18:44:01,465 [DEBUG] [download]  57.1% of ~  20.02MiB at  755.26KiB/s ETA 00:11 (frag 138/244)
2026-01-03 18:44:01,465 [DEBUG] [download]  57.1% of ~  20.07MiB at  755.26KiB/s ETA 00:11 (frag 138/244)
2026-01-03 18:44:01,529 [DEBUG] [download]  56.5% of ~  20.28MiB at  755.26KiB/s ETA 00:11 (frag 139/244)
2026-01-03 18:44:01,530 [DEBUG] [download]  57.4% of ~  19.98MiB at  746.18KiB/s ETA 00:11 (frag 139/244)
2026-01-03 18:44:01,530 [DEBUG] [download]  57.4% of ~  19.98MiB at  746.18KiB/s ETA 00:11 (frag 139/244)
2026-01-03 18:44:01,531 [DEBUG] [download]  57.4% of ~  19.98MiB at  746.18KiB/s ETA 00:11 (frag 139/244)
2026-01-03 18:44:01,531 [DEBUG] [download]  57.4% of ~  19.99MiB at  746.18KiB/s ETA 00:11 (frag 139/244)
2026-01-03 18:44:01,534 [DEBUG] [download]  57.5% of ~  20.00MiB at  746.18KiB/s ETA 00:11 (frag 139/244)
2026-01-03 18:44:01,542 [DEBUG] [download]  57.5% of ~  20.03MiB at  746.18KiB/s ETA 00:11 (frag 139/244)
2026-01-03 18:44:01,542 [DEBUG] [download]  57.6% of ~  20.09MiB at  746.18KiB/s ETA 00:11 (frag 139/244)
2026-01-03 18:44:01,603 [DEBUG] [download]  56.9% of ~  20.32MiB at  746.18KiB/s ETA 00:11 (frag 140/244)
2026-01-03 18:44:01,604 [DEBUG] [download]  57.8% of ~  20.01MiB at  739.45KiB/s ETA 00:11 (frag 140/244)
2026-01-03 18:44:01,604 [DEBUG] [download]  57.8% of ~  20.01MiB at  739.45KiB/s ETA 00:11 (frag 140/244)
2026-01-03 18:44:01,605 [DEBUG] [download]  57.8% of ~  20.01MiB at  739.45KiB/s ETA 00:11 (frag 140/244)
2026-01-03 18:44:01,605 [DEBUG] [download]  57.8% of ~  20.02MiB at  739.45KiB/s ETA 00:11 (frag 140/244)
2026-01-03 18:44:01,611 [DEBUG] [download]  57.9% of ~  20.03MiB at  739.45KiB/s ETA 00:11 (frag 140/244)
2026-01-03 18:44:01,611 [DEBUG] [download]  57.9% of ~  20.06MiB at  739.45KiB/s ETA 00:11 (frag 140/244)
2026-01-03 18:44:01,615 [DEBUG] [download]  57.8% of ~  20.11MiB at  739.45KiB/s ETA 00:11 (frag 140/244)
2026-01-03 18:44:01,679 [DEBUG] [download]  57.4% of ~  20.26MiB at  739.45KiB/s ETA 00:11 (frag 141/244)
2026-01-03 18:44:01,679 [DEBUG] [download]  58.2% of ~  19.99MiB at  735.20KiB/s ETA 00:11 (frag 141/244)
2026-01-03 18:44:01,681 [DEBUG] [download]  58.2% of ~  19.99MiB at  735.20KiB/s ETA 00:11 (frag 141/244)
2026-01-03 18:44:01,684 [DEBUG] [download]  58.2% of ~  20.00MiB at  735.20KiB/s ETA 00:11 (frag 141/244)
2026-01-03 18:44:01,688 [DEBUG] [download]  58.2% of ~  20.00MiB at  735.20KiB/s ETA 00:11 (frag 141/244)
2026-01-03 18:44:01,692 [DEBUG] [download]  58.3% of ~  20.02MiB at  735.20KiB/s ETA 00:11 (frag 141/244)
2026-01-03 18:44:01,693 [DEBUG] [download]  58.4% of ~  20.04MiB at  735.20KiB/s ETA 00:11 (frag 141/244)
2026-01-03 18:44:01,694 [DEBUG] [download]  58.3% of ~  20.10MiB at  735.20KiB/s ETA 00:11 (frag 141/244)
2026-01-03 18:44:01,753 [DEBUG] [download]  57.8% of ~  20.28MiB at  735.20KiB/s ETA 00:11 (frag 142/244)
2026-01-03 18:44:01,754 [DEBUG] [download]  58.6% of ~  20.00MiB at  730.24KiB/s ETA 00:11 (frag 142/244)
2026-01-03 18:44:01,756 [DEBUG] [download]  58.6% of ~  20.00MiB at  730.24KiB/s ETA 00:11 (frag 142/244)
2026-01-03 18:44:01,756 [DEBUG] [download]  58.6% of ~  20.00MiB at  730.24KiB/s ETA 00:11 (frag 142/244)
2026-01-03 18:44:01,758 [DEBUG] [download]  58.6% of ~  20.01MiB at  730.24KiB/s ETA 00:11 (frag 142/244)
2026-01-03 18:44:01,764 [DEBUG] [download]  58.7% of ~  20.02MiB at  730.24KiB/s ETA 00:11 (frag 142/244)
2026-01-03 18:44:01,765 [DEBUG] [download]  58.8% of ~  20.05MiB at  730.24KiB/s ETA 00:11 (frag 142/244)
2026-01-03 18:44:01,765 [DEBUG] [download]  58.7% of ~  20.10MiB at  730.24KiB/s ETA 00:11 (frag 142/244)
2026-01-03 18:44:01,829 [DEBUG] [download]  58.2% of ~  20.28MiB at  730.24KiB/s ETA 00:11 (frag 143/244)
2026-01-03 18:44:01,830 [DEBUG] [download]  59.0% of ~  20.00MiB at  724.68KiB/s ETA 00:11 (frag 143/244)
2026-01-03 18:44:01,830 [DEBUG] [download]  59.0% of ~  20.00MiB at  724.68KiB/s ETA 00:11 (frag 143/244)
2026-01-03 18:44:01,835 [DEBUG] [download]  59.0% of ~  20.00MiB at  724.68KiB/s ETA 00:11 (frag 143/244)
2026-01-03 18:44:01,837 [DEBUG] [download]  59.1% of ~  20.01MiB at  724.68KiB/s ETA 00:11 (frag 143/244)
2026-01-03 18:44:01,841 [DEBUG] [download]  59.1% of ~  20.02MiB at  724.68KiB/s ETA 00:11 (frag 143/244)
2026-01-03 18:44:01,849 [DEBUG] [download]  59.2% of ~  20.05MiB at  724.68KiB/s ETA 00:11 (frag 143/244)
2026-01-03 18:44:01,850 [DEBUG] [download]  59.1% of ~  20.10MiB at  724.68KiB/s ETA 00:11 (frag 143/244)
2026-01-03 18:44:01,902 [DEBUG] [download]  58.6% of ~  20.28MiB at  724.68KiB/s ETA 00:11 (frag 144/244)
2026-01-03 18:44:01,902 [DEBUG] [download]  59.4% of ~  20.00MiB at  723.98KiB/s ETA 00:11 (frag 144/244)
2026-01-03 18:44:01,907 [DEBUG] [download]  59.4% of ~  20.00MiB at  723.98KiB/s ETA 00:11 (frag 144/244)
2026-01-03 18:44:01,908 [DEBUG] [download]  59.4% of ~  20.00MiB at  723.98KiB/s ETA 00:11 (frag 144/244)
2026-01-03 18:44:01,953 [DEBUG] [download]  59.5% of ~  20.01MiB at  723.98KiB/s ETA 00:11 (frag 144/244)
2026-01-03 18:44:01,963 [DEBUG] [download]  59.5% of ~  20.02MiB at  722.76KiB/s ETA 00:11 (frag 144/244)
2026-01-03 18:44:01,965 [DEBUG] [download]  59.6% of ~  20.05MiB at  722.76KiB/s ETA 00:11 (frag 144/244)
2026-01-03 18:44:01,966 [DEBUG] [download]  59.5% of ~  20.10MiB at  722.76KiB/s ETA 00:11 (frag 144/244)
2026-01-03 18:44:02,036 [DEBUG] [download]  59.0% of ~  20.27MiB at  722.76KiB/s ETA 00:11 (frag 145/244)
2026-01-03 18:44:02,037 [DEBUG] [download]  59.8% of ~  20.00MiB at  716.48KiB/s ETA 00:11 (frag 145/244)
2026-01-03 18:44:02,037 [DEBUG] [download]  59.8% of ~  20.00MiB at  716.48KiB/s ETA 00:11 (frag 145/244)
2026-01-03 18:44:02,038 [DEBUG] [download]  59.9% of ~  20.00MiB at  716.48KiB/s ETA 00:11 (frag 145/244)
2026-01-03 18:44:02,039 [DEBUG] [download]  59.9% of ~  20.01MiB at  716.48KiB/s ETA 00:11 (frag 145/244)
2026-01-03 18:44:02,040 [DEBUG] [download]  59.9% of ~  20.02MiB at  716.48KiB/s ETA 00:11 (frag 145/244)
2026-01-03 18:44:02,045 [DEBUG] [download]  60.0% of ~  20.05MiB at  716.48KiB/s ETA 00:11 (frag 145/244)
2026-01-03 18:44:02,046 [DEBUG] [download]  60.0% of ~  20.10MiB at  716.48KiB/s ETA 00:11 (frag 145/244)
2026-01-03 18:44:02,099 [DEBUG] [download]  59.3% of ~  20.34MiB at  716.48KiB/s ETA 00:11 (frag 146/244)
2026-01-03 18:44:02,099 [DEBUG] [download]  60.3% of ~  20.03MiB at  721.49KiB/s ETA 00:11 (frag 146/244)
2026-01-03 18:44:02,102 [DEBUG] [download]  60.3% of ~  20.03MiB at  721.49KiB/s ETA 00:11 (frag 146/244)
2026-01-03 18:44:02,103 [DEBUG] [download]  60.3% of ~  20.04MiB at  721.49KiB/s ETA 00:11 (frag 146/244)
2026-01-03 18:44:02,104 [DEBUG] [download]  60.3% of ~  20.04MiB at  721.49KiB/s ETA 00:11 (frag 146/244)
2026-01-03 18:44:02,114 [DEBUG] [download]  60.3% of ~  20.05MiB at  721.49KiB/s ETA 00:11 (frag 146/244)
2026-01-03 18:44:02,117 [DEBUG] [download]  60.4% of ~  20.08MiB at  721.49KiB/s ETA 00:11 (frag 146/244)
2026-01-03 18:44:02,117 [DEBUG] [download]  60.5% of ~  20.13MiB at  721.49KiB/s ETA 00:11 (frag 146/244)
2026-01-03 18:44:02,214 [DEBUG] [download]  59.7% of ~  20.38MiB at  721.49KiB/s ETA 00:11 (frag 147/244)
2026-01-03 18:44:02,214 [DEBUG] [download]  60.7% of ~  20.07MiB at  724.49KiB/s ETA 00:11 (frag 147/244)
2026-01-03 18:44:02,215 [DEBUG] [download]  60.7% of ~  20.07MiB at  724.49KiB/s ETA 00:11 (frag 147/244)
2026-01-03 18:44:02,215 [DEBUG] [download]  60.7% of ~  20.08MiB at  724.49KiB/s ETA 00:11 (frag 147/244)
2026-01-03 18:44:02,216 [DEBUG] [download]  60.7% of ~  20.08MiB at  724.49KiB/s ETA 00:11 (frag 147/244)
2026-01-03 18:44:02,221 [DEBUG] [download]  60.7% of ~  20.09MiB at  724.49KiB/s ETA 00:11 (frag 147/244)
2026-01-03 18:44:02,221 [DEBUG] [download]  60.7% of ~  20.12MiB at  724.49KiB/s ETA 00:11 (frag 147/244)
2026-01-03 18:44:02,489 [DEBUG] [download]  60.4% of ~  20.23MiB at  724.49KiB/s ETA 00:11 (frag 148/244)
2026-01-03 18:44:02,490 [DEBUG] [download]  61.1% of ~  20.02MiB at  706.27KiB/s ETA 00:11 (frag 148/244)
2026-01-03 18:44:02,492 [DEBUG] [download]  61.1% of ~  20.02MiB at  706.27KiB/s ETA 00:11 (frag 148/244)
2026-01-03 18:44:02,493 [DEBUG] [download]  61.1% of ~  20.02MiB at  706.27KiB/s ETA 00:11 (frag 148/244)
2026-01-03 18:44:02,496 [DEBUG] [download]  61.1% of ~  20.03MiB at  706.27KiB/s ETA 00:11 (frag 148/244)
2026-01-03 18:44:02,497 [DEBUG] [download]  61.1% of ~  20.04MiB at  706.27KiB/s ETA 00:11 (frag 148/244)
2026-01-03 18:44:02,498 [DEBUG] [download]  61.2% of ~  20.07MiB at  706.27KiB/s ETA 00:11 (frag 148/244)
2026-01-03 18:44:02,502 [DEBUG] [download]  61.1% of ~  20.12MiB at  706.27KiB/s ETA 00:11 (frag 148/244)
2026-01-03 18:44:02,562 [DEBUG] [download]  60.7% of ~  20.27MiB at  706.27KiB/s ETA 00:11 (frag 149/244)
2026-01-03 18:44:02,562 [DEBUG] [download]  61.5% of ~  20.01MiB at  690.66KiB/s ETA 00:11 (frag 149/244)
2026-01-03 18:44:02,565 [DEBUG] [download]  61.5% of ~  20.01MiB at  690.66KiB/s ETA 00:11 (frag 149/244)
2026-01-03 18:44:02,565 [DEBUG] [download]  61.5% of ~  20.01MiB at  690.66KiB/s ETA 00:11 (frag 149/244)
2026-01-03 18:44:02,566 [DEBUG] [download]  61.5% of ~  20.02MiB at  690.66KiB/s ETA 00:11 (frag 149/244)
2026-01-03 18:44:02,574 [DEBUG] [download]  61.6% of ~  20.03MiB at  690.66KiB/s ETA 00:11 (frag 149/244)
2026-01-03 18:44:02,579 [DEBUG] [download]  61.6% of ~  20.06MiB at  690.66KiB/s ETA 00:11 (frag 149/244)
2026-01-03 18:44:02,579 [DEBUG] [download]  61.7% of ~  20.11MiB at  690.66KiB/s ETA 00:11 (frag 149/244)
2026-01-03 18:44:02,639 [DEBUG] [download]  60.9% of ~  20.36MiB at  690.66KiB/s ETA 00:11 (frag 150/244)
2026-01-03 18:44:02,639 [DEBUG] [download]  61.9% of ~  20.05MiB at  693.61KiB/s ETA 00:11 (frag 150/244)
2026-01-03 18:44:02,640 [DEBUG] [download]  61.9% of ~  20.05MiB at  693.61KiB/s ETA 00:11 (frag 150/244)
2026-01-03 18:44:02,640 [DEBUG] [download]  61.9% of ~  20.06MiB at  693.61KiB/s ETA 00:11 (frag 150/244)
2026-01-03 18:44:02,640 [DEBUG] [download]  61.9% of ~  20.06MiB at  693.61KiB/s ETA 00:11 (frag 150/244)
2026-01-03 18:44:02,646 [DEBUG] [download]  62.0% of ~  20.08MiB at  693.61KiB/s ETA 00:11 (frag 150/244)
2026-01-03 18:44:02,647 [DEBUG] [download]  62.0% of ~  20.10MiB at  693.61KiB/s ETA 00:11 (frag 150/244)
2026-01-03 18:44:02,650 [DEBUG] [download]  61.9% of ~  20.15MiB at  693.61KiB/s ETA 00:11 (frag 150/244)
2026-01-03 18:44:02,711 [DEBUG] [download]  61.6% of ~  20.25MiB at  693.61KiB/s ETA 00:11 (frag 151/244)
2026-01-03 18:44:02,711 [DEBUG] [download]  62.3% of ~  20.02MiB at  697.02KiB/s ETA 00:11 (frag 151/244)
2026-01-03 18:44:02,712 [DEBUG] [download]  62.3% of ~  20.02MiB at  697.02KiB/s ETA 00:11 (frag 151/244)
2026-01-03 18:44:02,712 [DEBUG] [download]  62.3% of ~  20.02MiB at  697.02KiB/s ETA 00:11 (frag 151/244)
2026-01-03 18:44:02,713 [DEBUG] [download]  62.3% of ~  20.03MiB at  697.02KiB/s ETA 00:11 (frag 151/244)
2026-01-03 18:44:02,716 [DEBUG] [download]  62.4% of ~  20.04MiB at  697.02KiB/s ETA 00:11 (frag 151/244)
2026-01-03 18:44:02,716 [DEBUG] [download]  62.4% of ~  20.07MiB at  697.02KiB/s ETA 00:11 (frag 151/244)
2026-01-03 18:44:02,785 [DEBUG] [download]  62.1% of ~  20.17MiB at  697.02KiB/s ETA 00:11 (frag 152/244)
2026-01-03 18:44:02,786 [DEBUG] [download]  62.7% of ~  19.96MiB at  698.98KiB/s ETA 00:11 (frag 152/244)
2026-01-03 18:44:02,786 [DEBUG] [download]  62.7% of ~  19.97MiB at  698.98KiB/s ETA 00:11 (frag 152/244)
2026-01-03 18:44:02,787 [DEBUG] [download]  62.7% of ~  19.97MiB at  698.98KiB/s ETA 00:11 (frag 152/244)
2026-01-03 18:44:02,789 [DEBUG] [download]  62.7% of ~  19.97MiB at  698.98KiB/s ETA 00:11 (frag 152/244)
2026-01-03 18:44:02,791 [DEBUG] [download]  62.8% of ~  19.99MiB at  698.98KiB/s ETA 00:11 (frag 152/244)
2026-01-03 18:44:02,799 [DEBUG] [download]  62.9% of ~  20.01MiB at  698.98KiB/s ETA 00:11 (frag 152/244)
2026-01-03 18:44:02,799 [DEBUG] [download]  62.9% of ~  20.06MiB at  698.98KiB/s ETA 00:11 (frag 152/244)
2026-01-03 18:44:02,870 [DEBUG] [download]  62.2% of ~  20.31MiB at  698.98KiB/s ETA 00:11 (frag 153/244)
2026-01-03 18:44:02,870 [DEBUG] [download]  63.1% of ~  20.01MiB at  735.02KiB/s ETA 00:11 (frag 153/244)
2026-01-03 18:44:02,871 [DEBUG] [download]  63.1% of ~  20.01MiB at  735.02KiB/s ETA 00:11 (frag 153/244)
2026-01-03 18:44:02,871 [DEBUG] [download]  63.1% of ~  20.01MiB at  735.02KiB/s ETA 00:11 (frag 153/244)
2026-01-03 18:44:02,872 [DEBUG] [download]  63.2% of ~  20.02MiB at  735.02KiB/s ETA 00:11 (frag 153/244)
2026-01-03 18:44:02,977 [DEBUG] [download]  63.2% of ~  20.03MiB at  735.02KiB/s ETA 00:11 (frag 153/244)
2026-01-03 18:44:02,978 [DEBUG] [download]  63.2% of ~  20.05MiB at  756.56KiB/s ETA 00:11 (frag 153/244)
2026-01-03 18:44:03,182 [DEBUG] [download]  62.8% of ~  20.18MiB at  756.56KiB/s ETA 00:11 (frag 154/244)
2026-01-03 18:44:03,182 [DEBUG] [download]  63.5% of ~  19.96MiB at  755.05KiB/s ETA 00:10 (frag 154/244)
2026-01-03 18:44:03,183 [DEBUG] [download]  63.5% of ~  19.96MiB at  755.05KiB/s ETA 00:10 (frag 154/244)
2026-01-03 18:44:03,183 [DEBUG] [download]  63.5% of ~  19.97MiB at  755.05KiB/s ETA 00:10 (frag 154/244)
2026-01-03 18:44:03,184 [DEBUG] [download]  63.6% of ~  19.97MiB at  755.05KiB/s ETA 00:10 (frag 154/244)
2026-01-03 18:44:03,186 [DEBUG] [download]  63.6% of ~  19.99MiB at  755.05KiB/s ETA 00:10 (frag 154/244)
2026-01-03 18:44:03,187 [DEBUG] [download]  63.7% of ~  20.01MiB at  755.05KiB/s ETA 00:10 (frag 154/244)
2026-01-03 18:44:03,187 [DEBUG] [download]  63.6% of ~  20.06MiB at  755.05KiB/s ETA 00:10 (frag 154/244)
2026-01-03 18:44:03,247 [DEBUG] [download]  63.1% of ~  20.23MiB at  755.05KiB/s ETA 00:10 (frag 155/244)
2026-01-03 18:44:03,247 [DEBUG] [download]  63.9% of ~  19.97MiB at  757.34KiB/s ETA 00:10 (frag 155/244)
2026-01-03 18:44:03,248 [DEBUG] [download]  63.9% of ~  19.97MiB at  757.34KiB/s ETA 00:10 (frag 155/244)
2026-01-03 18:44:03,249 [DEBUG] [download]  64.0% of ~  19.97MiB at  757.34KiB/s ETA 00:10 (frag 155/244)
2026-01-03 18:44:03,249 [DEBUG] [download]  64.0% of ~  19.98MiB at  757.34KiB/s ETA 00:10 (frag 155/244)
2026-01-03 18:44:03,256 [DEBUG] [download]  64.0% of ~  19.99MiB at  757.34KiB/s ETA 00:10 (frag 155/244)
2026-01-03 18:44:03,262 [DEBUG] [download]  64.1% of ~  20.02MiB at  757.34KiB/s ETA 00:10 (frag 155/244)
2026-01-03 18:44:03,263 [DEBUG] [download]  64.2% of ~  20.06MiB at  757.34KiB/s ETA 00:10 (frag 155/244)
2026-01-03 18:44:03,325 [DEBUG] [download]  63.4% of ~  20.31MiB at  757.34KiB/s ETA 00:10 (frag 156/244)
2026-01-03 18:44:03,326 [DEBUG] [download]  64.3% of ~  20.01MiB at  765.88KiB/s ETA 00:10 (frag 156/244)
2026-01-03 18:44:03,326 [DEBUG] [download]  64.4% of ~  20.01MiB at  765.88KiB/s ETA 00:10 (frag 156/244)
2026-01-03 18:44:03,326 [DEBUG] [download]  64.4% of ~  20.01MiB at  765.88KiB/s ETA 00:10 (frag 156/244)
2026-01-03 18:44:03,327 [DEBUG] [download]  64.4% of ~  20.02MiB at  765.88KiB/s ETA 00:10 (frag 156/244)
2026-01-03 18:44:03,332 [DEBUG] [download]  64.4% of ~  20.03MiB at  765.88KiB/s ETA 00:10 (frag 156/244)
2026-01-03 18:44:03,341 [DEBUG] [download]  64.5% of ~  20.06MiB at  765.88KiB/s ETA 00:10 (frag 156/244)
2026-01-03 18:44:03,341 [DEBUG] [download]  64.5% of ~  20.10MiB at  765.88KiB/s ETA 00:10 (frag 156/244)
2026-01-03 18:44:03,401 [DEBUG] [download]  63.9% of ~  20.31MiB at  765.88KiB/s ETA 00:10 (frag 157/244)
2026-01-03 18:44:03,402 [DEBUG] [download]  64.8% of ~  20.03MiB at  771.31KiB/s ETA 00:10 (frag 157/244)
2026-01-03 18:44:03,402 [DEBUG] [download]  64.8% of ~  20.04MiB at  771.31KiB/s ETA 00:10 (frag 157/244)
2026-01-03 18:44:03,403 [DEBUG] [download]  64.8% of ~  20.04MiB at  771.31KiB/s ETA 00:10 (frag 157/244)
2026-01-03 18:44:03,404 [DEBUG] [download]  64.8% of ~  20.04MiB at  771.31KiB/s ETA 00:10 (frag 157/244)
2026-01-03 18:44:03,405 [DEBUG] [download]  64.8% of ~  20.06MiB at  771.31KiB/s ETA 00:10 (frag 157/244)
2026-01-03 18:44:03,411 [DEBUG] [download]  64.9% of ~  20.08MiB at  771.31KiB/s ETA 00:10 (frag 157/244)
2026-01-03 18:44:03,412 [DEBUG] [download]  64.9% of ~  20.13MiB at  771.31KiB/s ETA 00:10 (frag 157/244)
2026-01-03 18:44:03,502 [DEBUG] [download]  64.3% of ~  20.32MiB at  771.31KiB/s ETA 00:10 (frag 158/244)
2026-01-03 18:44:03,503 [DEBUG] [download]  65.2% of ~  20.05MiB at  772.03KiB/s ETA 00:10 (frag 158/244)
2026-01-03 18:44:03,503 [DEBUG] [download]  65.2% of ~  20.05MiB at  772.03KiB/s ETA 00:10 (frag 158/244)
2026-01-03 18:44:03,504 [DEBUG] [download]  65.2% of ~  20.06MiB at  772.03KiB/s ETA 00:10 (frag 158/244)
2026-01-03 18:44:03,504 [DEBUG] [download]  65.2% of ~  20.06MiB at  772.03KiB/s ETA 00:10 (frag 158/244)
2026-01-03 18:44:03,508 [DEBUG] [download]  65.2% of ~  20.07MiB at  772.03KiB/s ETA 00:10 (frag 158/244)
2026-01-03 18:44:03,514 [DEBUG] [download]  65.3% of ~  20.10MiB at  772.03KiB/s ETA 00:10 (frag 158/244)
2026-01-03 18:44:03,515 [DEBUG] [download]  65.4% of ~  20.14MiB at  772.03KiB/s ETA 00:10 (frag 158/244)
2026-01-03 18:44:03,806 [DEBUG] [download]  64.6% of ~  20.37MiB at  772.03KiB/s ETA 00:10 (frag 159/244)
2026-01-03 18:44:03,806 [DEBUG] [download]  65.6% of ~  20.09MiB at  762.06KiB/s ETA 00:10 (frag 159/244)
2026-01-03 18:44:03,807 [DEBUG] [download]  65.6% of ~  20.09MiB at  762.06KiB/s ETA 00:10 (frag 159/244)
2026-01-03 18:44:03,807 [DEBUG] [download]  65.6% of ~  20.09MiB at  762.06KiB/s ETA 00:10 (frag 159/244)
2026-01-03 18:44:03,808 [DEBUG] [download]  65.6% of ~  20.10MiB at  762.06KiB/s ETA 00:10 (frag 159/244)
2026-01-03 18:44:03,809 [DEBUG] [download]  65.7% of ~  20.11MiB at  762.06KiB/s ETA 00:10 (frag 159/244)
2026-01-03 18:44:03,809 [DEBUG] [download]  65.7% of ~  20.13MiB at  762.06KiB/s ETA 00:10 (frag 159/244)
2026-01-03 18:44:03,945 [DEBUG] [download]  65.3% of ~  20.26MiB at  762.06KiB/s ETA 00:10 (frag 160/244)
2026-01-03 18:44:03,946 [DEBUG] [download]  66.0% of ~  20.05MiB at  750.49KiB/s ETA 00:10 (frag 160/244)
2026-01-03 18:44:03,946 [DEBUG] [download]  66.0% of ~  20.05MiB at  750.49KiB/s ETA 00:10 (frag 160/244)
2026-01-03 18:44:03,947 [DEBUG] [download]  66.0% of ~  20.05MiB at  750.49KiB/s ETA 00:10 (frag 160/244)
2026-01-03 18:44:03,950 [DEBUG] [download]  66.0% of ~  20.06MiB at  750.49KiB/s ETA 00:10 (frag 160/244)
2026-01-03 18:44:03,953 [DEBUG] [download]  66.1% of ~  20.07MiB at  750.49KiB/s ETA 00:10 (frag 160/244)
2026-01-03 18:44:03,953 [DEBUG] [download]  66.1% of ~  20.09MiB at  750.49KiB/s ETA 00:10 (frag 160/244)
2026-01-03 18:44:04,021 [DEBUG] [download]  65.7% of ~  20.22MiB at  750.49KiB/s ETA 00:10 (frag 161/244)
2026-01-03 18:44:04,022 [DEBUG] [download]  66.4% of ~  20.01MiB at  745.07KiB/s ETA 00:10 (frag 161/244)
2026-01-03 18:44:04,022 [DEBUG] [download]  66.4% of ~  20.01MiB at  745.07KiB/s ETA 00:10 (frag 161/244)
2026-01-03 18:44:04,023 [DEBUG] [download]  66.4% of ~  20.01MiB at  745.07KiB/s ETA 00:10 (frag 161/244)
2026-01-03 18:44:04,025 [DEBUG] [download]  66.4% of ~  20.02MiB at  745.07KiB/s ETA 00:10 (frag 161/244)
2026-01-03 18:44:04,027 [DEBUG] [download]  66.5% of ~  20.03MiB at  745.07KiB/s ETA 00:10 (frag 161/244)
2026-01-03 18:44:04,035 [DEBUG] [download]  66.5% of ~  20.05MiB at  745.07KiB/s ETA 00:10 (frag 161/244)
2026-01-03 18:44:04,036 [DEBUG] [download]  66.6% of ~  20.10MiB at  745.07KiB/s ETA 00:10 (frag 161/244)
2026-01-03 18:44:04,097 [DEBUG] [download]  65.9% of ~  20.32MiB at  745.07KiB/s ETA 00:10 (frag 162/244)
2026-01-03 18:44:04,097 [DEBUG] [download]  66.8% of ~  20.04MiB at  742.45KiB/s ETA 00:10 (frag 162/244)
2026-01-03 18:44:04,098 [DEBUG] [download]  66.8% of ~  20.04MiB at  742.45KiB/s ETA 00:10 (frag 162/244)
2026-01-03 18:44:04,098 [DEBUG] [download]  66.8% of ~  20.04MiB at  742.45KiB/s ETA 00:10 (frag 162/244)
2026-01-03 18:44:04,098 [DEBUG] [download]  66.8% of ~  20.05MiB at  742.45KiB/s ETA 00:10 (frag 162/244)
2026-01-03 18:44:04,101 [DEBUG] [download]  66.9% of ~  20.06MiB at  742.45KiB/s ETA 00:10 (frag 162/244)
2026-01-03 18:44:04,102 [DEBUG] [download]  66.9% of ~  20.08MiB at  742.45KiB/s ETA 00:10 (frag 162/244)
2026-01-03 18:44:04,167 [DEBUG] [download]  66.5% of ~  20.20MiB at  742.45KiB/s ETA 00:10 (frag 163/244)
2026-01-03 18:44:04,167 [DEBUG] [download]  67.2% of ~  20.00MiB at  748.21KiB/s ETA 00:09 (frag 163/244)
2026-01-03 18:44:04,171 [DEBUG] [download]  67.2% of ~  20.00MiB at  748.21KiB/s ETA 00:09 (frag 163/244)
2026-01-03 18:44:04,172 [DEBUG] [download]  67.2% of ~  20.00MiB at  748.21KiB/s ETA 00:09 (frag 163/244)
2026-01-03 18:44:04,173 [DEBUG] [download]  67.3% of ~  20.01MiB at  748.21KiB/s ETA 00:09 (frag 163/244)
2026-01-03 18:44:04,177 [DEBUG] [download]  67.3% of ~  20.02MiB at  748.21KiB/s ETA 00:09 (frag 163/244)
2026-01-03 18:44:04,178 [DEBUG] [download]  67.4% of ~  20.04MiB at  748.21KiB/s ETA 00:09 (frag 163/244)
2026-01-03 18:44:04,181 [DEBUG] [download]  67.3% of ~  20.09MiB at  748.21KiB/s ETA 00:09 (frag 163/244)
2026-01-03 18:44:04,246 [DEBUG] [download]  66.8% of ~  20.24MiB at  748.21KiB/s ETA 00:09 (frag 164/244)
2026-01-03 18:44:04,246 [DEBUG] [download]  67.6% of ~  20.00MiB at  754.43KiB/s ETA 00:09 (frag 164/244)
2026-01-03 18:44:04,246 [DEBUG] [download]  67.6% of ~  20.00MiB at  754.43KiB/s ETA 00:09 (frag 164/244)
2026-01-03 18:44:04,247 [DEBUG] [download]  67.6% of ~  20.00MiB at  754.43KiB/s ETA 00:09 (frag 164/244)
2026-01-03 18:44:04,249 [DEBUG] [download]  67.7% of ~  20.01MiB at  754.43KiB/s ETA 00:09 (frag 164/244)
2026-01-03 18:44:04,257 [DEBUG] [download]  67.7% of ~  20.02MiB at  754.43KiB/s ETA 00:09 (frag 164/244)
2026-01-03 18:44:04,257 [DEBUG] [download]  67.8% of ~  20.04MiB at  754.43KiB/s ETA 00:09 (frag 164/244)
2026-01-03 18:44:04,317 [DEBUG] [download]  67.3% of ~  20.17MiB at  754.43KiB/s ETA 00:09 (frag 165/244)
2026-01-03 18:44:04,317 [DEBUG] [download]  68.0% of ~  19.96MiB at  764.78KiB/s ETA 00:09 (frag 165/244)
2026-01-03 18:44:04,318 [DEBUG] [download]  68.0% of ~  19.96MiB at  764.78KiB/s ETA 00:09 (frag 165/244)
2026-01-03 18:44:04,321 [DEBUG] [download]  68.1% of ~  19.97MiB at  764.78KiB/s ETA 00:09 (frag 165/244)
2026-01-03 18:44:04,323 [DEBUG] [download]  68.1% of ~  19.97MiB at  764.78KiB/s ETA 00:09 (frag 165/244)
2026-01-03 18:44:04,332 [DEBUG] [download]  68.1% of ~  19.98MiB at  764.78KiB/s ETA 00:09 (frag 165/244)
2026-01-03 18:44:04,333 [DEBUG] [download]  68.2% of ~  20.01MiB at  764.78KiB/s ETA 00:09 (frag 165/244)
2026-01-03 18:44:04,333 [DEBUG] [download]  68.2% of ~  20.05MiB at  764.78KiB/s ETA 00:09 (frag 165/244)
2026-01-03 18:44:04,395 [DEBUG] [download]  67.6% of ~  20.23MiB at  764.78KiB/s ETA 00:09 (frag 166/244)
2026-01-03 18:44:04,396 [DEBUG] [download]  68.4% of ~  19.98MiB at  775.27KiB/s ETA 00:09 (frag 166/244)
2026-01-03 18:44:04,396 [DEBUG] [download]  68.5% of ~  19.98MiB at  775.27KiB/s ETA 00:09 (frag 166/244)
2026-01-03 18:44:04,397 [DEBUG] [download]  68.5% of ~  19.98MiB at  775.27KiB/s ETA 00:09 (frag 166/244)
2026-01-03 18:44:04,397 [DEBUG] [download]  68.5% of ~  19.99MiB at  775.27KiB/s ETA 00:09 (frag 166/244)
2026-01-03 18:44:04,401 [DEBUG] [download]  68.5% of ~  20.00MiB at  775.27KiB/s ETA 00:09 (frag 166/244)
2026-01-03 18:44:04,401 [DEBUG] [download]  68.5% of ~  20.02MiB at  775.27KiB/s ETA 00:09 (frag 166/244)
2026-01-03 18:44:04,601 [DEBUG] [download]  68.2% of ~  20.13MiB at  775.27KiB/s ETA 00:09 (frag 167/244)
2026-01-03 18:44:04,602 [DEBUG] [download]  68.9% of ~  19.93MiB at  764.29KiB/s ETA 00:09 (frag 167/244)
2026-01-03 18:44:04,602 [DEBUG] [download]  68.9% of ~  19.93MiB at  764.29KiB/s ETA 00:09 (frag 167/244)
2026-01-03 18:44:04,606 [DEBUG] [download]  68.9% of ~  19.94MiB at  764.29KiB/s ETA 00:09 (frag 167/244)
2026-01-03 18:44:04,609 [DEBUG] [download]  68.9% of ~  19.94MiB at  764.29KiB/s ETA 00:09 (frag 167/244)
2026-01-03 18:44:04,613 [DEBUG] [download]  68.9% of ~  19.95MiB at  764.29KiB/s ETA 00:09 (frag 167/244)
2026-01-03 18:44:04,614 [DEBUG] [download]  69.0% of ~  19.98MiB at  764.29KiB/s ETA 00:09 (frag 167/244)
2026-01-03 18:44:04,614 [DEBUG] [download]  68.9% of ~  20.02MiB at  764.29KiB/s ETA 00:09 (frag 167/244)
2026-01-03 18:44:04,781 [DEBUG] [download]  68.5% of ~  20.13MiB at  764.29KiB/s ETA 00:09 (frag 168/244)
2026-01-03 18:44:04,782 [DEBUG] [download]  69.3% of ~  19.91MiB at  742.26KiB/s ETA 00:09 (frag 168/244)
2026-01-03 18:44:04,785 [DEBUG] [download]  69.3% of ~  19.92MiB at  742.26KiB/s ETA 00:09 (frag 168/244)
2026-01-03 18:44:04,785 [DEBUG] [download]  69.3% of ~  19.92MiB at  742.26KiB/s ETA 00:09 (frag 168/244)
2026-01-03 18:44:04,789 [DEBUG] [download]  69.3% of ~  19.92MiB at  742.26KiB/s ETA 00:09 (frag 168/244)
2026-01-03 18:44:04,791 [DEBUG] [download]  69.3% of ~  19.94MiB at  742.26KiB/s ETA 00:09 (frag 168/244)
2026-01-03 18:44:04,792 [DEBUG] [download]  69.4% of ~  19.96MiB at  742.26KiB/s ETA 00:09 (frag 168/244)
2026-01-03 18:44:04,792 [DEBUG] [download]  69.4% of ~  20.00MiB at  742.26KiB/s ETA 00:09 (frag 168/244)
2026-01-03 18:44:04,857 [DEBUG] [download]  68.9% of ~  20.15MiB at  742.26KiB/s ETA 00:09 (frag 169/244)
2026-01-03 18:44:04,858 [DEBUG] [download]  69.7% of ~  19.91MiB at  726.28KiB/s ETA 00:09 (frag 169/244)
2026-01-03 18:44:04,858 [DEBUG] [download]  69.7% of ~  19.91MiB at  726.28KiB/s ETA 00:09 (frag 169/244)
2026-01-03 18:44:04,859 [DEBUG] [download]  69.7% of ~  19.92MiB at  726.28KiB/s ETA 00:09 (frag 169/244)
2026-01-03 18:44:04,861 [DEBUG] [download]  69.7% of ~  19.92MiB at  726.28KiB/s ETA 00:09 (frag 169/244)
2026-01-03 18:44:04,865 [DEBUG] [download]  69.8% of ~  19.93MiB at  726.28KiB/s ETA 00:09 (frag 169/244)
2026-01-03 18:44:04,865 [DEBUG] [download]  69.8% of ~  19.96MiB at  726.28KiB/s ETA 00:09 (frag 169/244)
2026-01-03 18:44:04,866 [DEBUG] [download]  69.7% of ~  20.00MiB at  726.28KiB/s ETA 00:09 (frag 169/244)
2026-01-03 18:44:04,931 [DEBUG] [download]  69.3% of ~  20.12MiB at  726.28KiB/s ETA 00:09 (frag 170/244)
2026-01-03 18:44:04,932 [DEBUG] [download]  70.1% of ~  19.90MiB at  717.94KiB/s ETA 00:09 (frag 170/244)
2026-01-03 18:44:04,932 [DEBUG] [download]  70.1% of ~  19.90MiB at  717.94KiB/s ETA 00:09 (frag 170/244)
2026-01-03 18:44:04,933 [DEBUG] [download]  70.1% of ~  19.90MiB at  717.94KiB/s ETA 00:09 (frag 170/244)
2026-01-03 18:44:04,937 [DEBUG] [download]  70.1% of ~  19.91MiB at  717.94KiB/s ETA 00:09 (frag 170/244)
2026-01-03 18:44:04,966 [DEBUG] [download]  70.2% of ~  19.92MiB at  717.94KiB/s ETA 00:09 (frag 170/244)
2026-01-03 18:44:04,976 [DEBUG] [download]  70.2% of ~  19.94MiB at  717.94KiB/s ETA 00:09 (frag 170/244)
2026-01-03 18:44:04,977 [DEBUG] [download]  70.3% of ~  19.99MiB at  717.94KiB/s ETA 00:09 (frag 170/244)
2026-01-03 18:44:05,039 [DEBUG] [download]  69.5% of ~  20.21MiB at  717.94KiB/s ETA 00:09 (frag 171/244)
2026-01-03 18:44:05,041 [DEBUG] [download]  70.5% of ~  19.94MiB at  710.06KiB/s ETA 00:09 (frag 171/244)
2026-01-03 18:44:05,041 [DEBUG] [download]  70.5% of ~  19.94MiB at  710.06KiB/s ETA 00:09 (frag 171/244)
2026-01-03 18:44:05,042 [DEBUG] [download]  70.5% of ~  19.94MiB at  710.06KiB/s ETA 00:09 (frag 171/244)
2026-01-03 18:44:05,042 [DEBUG] [download]  70.5% of ~  19.95MiB at  710.06KiB/s ETA 00:09 (frag 171/244)
2026-01-03 18:44:05,049 [DEBUG] [download]  70.6% of ~  19.96MiB at  710.06KiB/s ETA 00:09 (frag 171/244)
2026-01-03 18:44:05,051 [DEBUG] [download]  70.6% of ~  19.98MiB at  710.06KiB/s ETA 00:09 (frag 171/244)
2026-01-03 18:44:05,052 [DEBUG] [download]  70.7% of ~  20.02MiB at  710.06KiB/s ETA 00:09 (frag 171/244)
2026-01-03 18:44:05,113 [DEBUG] [download]  70.0% of ~  20.21MiB at  710.06KiB/s ETA 00:09 (frag 172/244)
2026-01-03 18:44:05,114 [DEBUG] [download]  70.9% of ~  19.96MiB at  706.38KiB/s ETA 00:09 (frag 172/244)
2026-01-03 18:44:05,114 [DEBUG] [download]  70.9% of ~  19.96MiB at  706.38KiB/s ETA 00:09 (frag 172/244)
2026-01-03 18:44:05,116 [DEBUG] [download]  70.9% of ~  19.96MiB at  706.38KiB/s ETA 00:09 (frag 172/244)
2026-01-03 18:44:05,117 [DEBUG] [download]  70.9% of ~  19.97MiB at  706.38KiB/s ETA 00:09 (frag 172/244)
2026-01-03 18:44:05,120 [DEBUG] [download]  71.0% of ~  19.98MiB at  706.38KiB/s ETA 00:09 (frag 172/244)
2026-01-03 18:44:05,130 [DEBUG] [download]  71.1% of ~  20.00MiB at  706.38KiB/s ETA 00:09 (frag 172/244)
2026-01-03 18:44:05,131 [DEBUG] [download]  71.1% of ~  20.04MiB at  706.38KiB/s ETA 00:09 (frag 172/244)
2026-01-03 18:44:05,187 [DEBUG] [download]  70.4% of ~  20.25MiB at  706.38KiB/s ETA 00:09 (frag 173/244)
2026-01-03 18:44:05,187 [DEBUG] [download]  71.3% of ~  19.99MiB at  709.44KiB/s ETA 00:09 (frag 173/244)
2026-01-03 18:44:05,191 [DEBUG] [download]  71.3% of ~  19.99MiB at  709.44KiB/s ETA 00:09 (frag 173/244)
2026-01-03 18:44:05,191 [DEBUG] [download]  71.3% of ~  19.99MiB at  709.44KiB/s ETA 00:09 (frag 173/244)
2026-01-03 18:44:05,195 [DEBUG] [download]  71.4% of ~  20.00MiB at  709.44KiB/s ETA 00:09 (frag 173/244)
2026-01-03 18:44:05,201 [DEBUG] [download]  71.4% of ~  20.01MiB at  709.44KiB/s ETA 00:09 (frag 173/244)
2026-01-03 18:44:05,202 [DEBUG] [download]  71.5% of ~  20.03MiB at  709.44KiB/s ETA 00:09 (frag 173/244)
2026-01-03 18:44:05,398 [DEBUG] [download]  71.0% of ~  20.16MiB at  709.44KiB/s ETA 00:09 (frag 174/244)
2026-01-03 18:44:05,398 [DEBUG] [download]  71.7% of ~  19.96MiB at  717.70KiB/s ETA 00:08 (frag 174/244)
2026-01-03 18:44:05,399 [DEBUG] [download]  71.7% of ~  19.96MiB at  717.70KiB/s ETA 00:08 (frag 174/244)
2026-01-03 18:44:05,399 [DEBUG] [download]  71.7% of ~  19.96MiB at  717.70KiB/s ETA 00:08 (frag 174/244)
2026-01-03 18:44:05,400 [DEBUG] [download]  71.8% of ~  19.97MiB at  717.70KiB/s ETA 00:08 (frag 174/244)
2026-01-03 18:44:05,405 [DEBUG] [download]  71.8% of ~  19.98MiB at  717.70KiB/s ETA 00:08 (frag 174/244)
2026-01-03 18:44:05,406 [DEBUG] [download]  71.9% of ~  20.00MiB at  717.70KiB/s ETA 00:08 (frag 174/244)
2026-01-03 18:44:05,406 [DEBUG] [download]  71.7% of ~  20.05MiB at  717.70KiB/s ETA 00:08 (frag 174/244)
2026-01-03 18:44:05,578 [DEBUG] [download]  71.4% of ~  20.14MiB at  717.70KiB/s ETA 00:08 (frag 175/244)
2026-01-03 18:44:05,580 [DEBUG] [download]  72.1% of ~  19.94MiB at  708.33KiB/s ETA 00:08 (frag 175/244)
2026-01-03 18:44:05,580 [DEBUG] [download]  72.1% of ~  19.94MiB at  708.33KiB/s ETA 00:08 (frag 175/244)
2026-01-03 18:44:05,581 [DEBUG] [download]  72.2% of ~  19.94MiB at  708.33KiB/s ETA 00:08 (frag 175/244)
2026-01-03 18:44:05,582 [DEBUG] [download]  72.2% of ~  19.94MiB at  708.33KiB/s ETA 00:08 (frag 175/244)
2026-01-03 18:44:05,585 [DEBUG] [download]  72.2% of ~  19.96MiB at  708.33KiB/s ETA 00:08 (frag 175/244)
2026-01-03 18:44:05,586 [DEBUG] [download]  72.3% of ~  19.98MiB at  708.33KiB/s ETA 00:08 (frag 175/244)
2026-01-03 18:44:05,587 [DEBUG] [download]  72.2% of ~  20.02MiB at  708.33KiB/s ETA 00:08 (frag 175/244)
2026-01-03 18:44:05,652 [DEBUG] [download]  71.7% of ~  20.16MiB at  708.33KiB/s ETA 00:08 (frag 176/244)
2026-01-03 18:44:05,653 [DEBUG] [download]  72.5% of ~  19.93MiB at  703.52KiB/s ETA 00:08 (frag 176/244)
2026-01-03 18:44:05,653 [DEBUG] [download]  72.6% of ~  19.93MiB at  703.52KiB/s ETA 00:08 (frag 176/244)
2026-01-03 18:44:05,654 [DEBUG] [download]  72.6% of ~  19.94MiB at  703.52KiB/s ETA 00:08 (frag 176/244)
2026-01-03 18:44:05,661 [DEBUG] [download]  72.6% of ~  19.94MiB at  703.52KiB/s ETA 00:08 (frag 176/244)
2026-01-03 18:44:05,664 [DEBUG] [download]  72.6% of ~  19.95MiB at  703.52KiB/s ETA 00:08 (frag 176/244)
2026-01-03 18:44:05,673 [DEBUG] [download]  72.7% of ~  19.97MiB at  703.52KiB/s ETA 00:08 (frag 176/244)
2026-01-03 18:44:05,673 [DEBUG] [download]  72.7% of ~  20.02MiB at  703.52KiB/s ETA 00:08 (frag 176/244)
2026-01-03 18:44:05,729 [DEBUG] [download]  72.0% of ~  20.22MiB at  703.52KiB/s ETA 00:08 (frag 177/244)
2026-01-03 18:44:05,730 [DEBUG] [download]  73.0% of ~  19.96MiB at  705.75KiB/s ETA 00:08 (frag 177/244)
2026-01-03 18:44:05,730 [DEBUG] [download]  73.0% of ~  19.96MiB at  705.75KiB/s ETA 00:08 (frag 177/244)
2026-01-03 18:44:05,731 [DEBUG] [download]  73.0% of ~  19.97MiB at  705.75KiB/s ETA 00:08 (frag 177/244)
2026-01-03 18:44:05,732 [DEBUG] [download]  73.0% of ~  19.97MiB at  705.75KiB/s ETA 00:08 (frag 177/244)
2026-01-03 18:44:05,736 [DEBUG] [download]  73.0% of ~  19.98MiB at  705.75KiB/s ETA 00:08 (frag 177/244)
2026-01-03 18:44:05,737 [DEBUG] [download]  73.1% of ~  20.00MiB at  705.75KiB/s ETA 00:08 (frag 177/244)
2026-01-03 18:44:05,738 [DEBUG] [download]  73.0% of ~  20.05MiB at  705.75KiB/s ETA 00:08 (frag 177/244)
2026-01-03 18:44:05,801 [DEBUG] [download]  72.6% of ~  20.18MiB at  705.75KiB/s ETA 00:08 (frag 178/244)
2026-01-03 18:44:05,802 [DEBUG] [download]  73.4% of ~  19.96MiB at  705.15KiB/s ETA 00:08 (frag 178/244)
2026-01-03 18:44:05,803 [DEBUG] [download]  73.4% of ~  19.96MiB at  705.15KiB/s ETA 00:08 (frag 178/244)
2026-01-03 18:44:05,804 [DEBUG] [download]  73.4% of ~  19.96MiB at  705.15KiB/s ETA 00:08 (frag 178/244)
2026-01-03 18:44:05,805 [DEBUG] [download]  73.4% of ~  19.97MiB at  705.15KiB/s ETA 00:08 (frag 178/244)
2026-01-03 18:44:05,809 [DEBUG] [download]  73.4% of ~  19.98MiB at  705.15KiB/s ETA 00:08 (frag 178/244)
2026-01-03 18:44:05,810 [DEBUG] [download]  73.5% of ~  20.00MiB at  705.15KiB/s ETA 00:08 (frag 178/244)
2026-01-03 18:44:05,876 [DEBUG] [download]  73.1% of ~  20.09MiB at  705.15KiB/s ETA 00:08 (frag 179/244)
2026-01-03 18:44:05,876 [DEBUG] [download]  73.8% of ~  19.92MiB at  706.75KiB/s ETA 00:08 (frag 179/244)
2026-01-03 18:44:05,877 [DEBUG] [download]  73.8% of ~  19.92MiB at  706.75KiB/s ETA 00:08 (frag 179/244)
2026-01-03 18:44:05,877 [DEBUG] [download]  73.8% of ~  19.92MiB at  706.75KiB/s ETA 00:08 (frag 179/244)
2026-01-03 18:44:05,878 [DEBUG] [download]  73.8% of ~  19.92MiB at  706.75KiB/s ETA 00:08 (frag 179/244)
2026-01-03 18:44:05,882 [DEBUG] [download]  73.8% of ~  19.94MiB at  706.75KiB/s ETA 00:08 (frag 179/244)
2026-01-03 18:44:05,889 [DEBUG] [download]  73.9% of ~  19.96MiB at  706.75KiB/s ETA 00:08 (frag 179/244)
2026-01-03 18:44:05,889 [DEBUG] [download]  74.0% of ~  20.00MiB at  706.75KiB/s ETA 00:08 (frag 179/244)
2026-01-03 18:44:05,952 [DEBUG] [download]  73.3% of ~  20.18MiB at  706.75KiB/s ETA 00:08 (frag 180/244)
2026-01-03 18:44:05,953 [DEBUG] [download]  74.2% of ~  19.94MiB at  712.50KiB/s ETA 00:08 (frag 180/244)
2026-01-03 18:44:05,953 [DEBUG] [download]  74.2% of ~  19.94MiB at  712.50KiB/s ETA 00:08 (frag 180/244)
2026-01-03 18:44:05,954 [DEBUG] [download]  74.2% of ~  19.94MiB at  712.50KiB/s ETA 00:08 (frag 180/244)
2026-01-03 18:44:05,969 [DEBUG] [download]  74.2% of ~  19.95MiB at  712.50KiB/s ETA 00:08 (frag 180/244)
2026-01-03 18:44:05,972 [DEBUG] [download]  74.3% of ~  19.96MiB at  712.50KiB/s ETA 00:08 (frag 180/244)
2026-01-03 18:44:05,974 [DEBUG] [download]  74.3% of ~  19.98MiB at  712.50KiB/s ETA 00:08 (frag 180/244)
2026-01-03 18:44:05,979 [DEBUG] [download]  74.4% of ~  20.02MiB at  712.50KiB/s ETA 00:08 (frag 180/244)
2026-01-03 18:44:06,028 [DEBUG] [download]  73.7% of ~  20.20MiB at  712.50KiB/s ETA 00:08 (frag 181/244)
2026-01-03 18:44:06,028 [DEBUG] [download]  74.6% of ~  19.96MiB at  736.82KiB/s ETA 00:08 (frag 181/244)
2026-01-03 18:44:06,236 [DEBUG] [download]  74.6% of ~  19.96MiB at  736.82KiB/s ETA 00:08 (frag 181/244)
2026-01-03 18:44:06,236 [DEBUG] [download]  74.6% of ~  19.96MiB at  734.31KiB/s ETA 00:08 (frag 181/244)
2026-01-03 18:44:06,240 [DEBUG] [download]  74.6% of ~  19.97MiB at  734.31KiB/s ETA 00:08 (frag 181/244)
2026-01-03 18:44:06,242 [DEBUG] [download]  74.7% of ~  19.98MiB at  734.31KiB/s ETA 00:08 (frag 181/244)
2026-01-03 18:44:06,244 [DEBUG] [download]  74.7% of ~  20.00MiB at  734.31KiB/s ETA 00:08 (frag 181/244)
2026-01-03 18:44:06,245 [DEBUG] [download]  74.8% of ~  20.04MiB at  734.31KiB/s ETA 00:08 (frag 181/244)
2026-01-03 18:44:06,341 [DEBUG] [download]  74.1% of ~  20.21MiB at  734.31KiB/s ETA 00:08 (frag 182/244)
2026-01-03 18:44:06,342 [DEBUG] [download]  75.0% of ~  19.97MiB at  723.76KiB/s ETA 00:07 (frag 182/244)
2026-01-03 18:44:06,342 [DEBUG] [download]  75.0% of ~  19.97MiB at  723.76KiB/s ETA 00:07 (frag 182/244)
2026-01-03 18:44:06,343 [DEBUG] [download]  75.0% of ~  19.98MiB at  723.76KiB/s ETA 00:07 (frag 182/244)
2026-01-03 18:44:06,344 [DEBUG] [download]  75.0% of ~  19.98MiB at  723.76KiB/s ETA 00:07 (frag 182/244)
2026-01-03 18:44:06,347 [DEBUG] [download]  75.1% of ~  19.99MiB at  723.76KiB/s ETA 00:07 (frag 182/244)
2026-01-03 18:44:06,354 [DEBUG] [download]  75.2% of ~  20.01MiB at  723.76KiB/s ETA 00:07 (frag 182/244)
2026-01-03 18:44:06,355 [DEBUG] [download]  75.2% of ~  20.06MiB at  723.76KiB/s ETA 00:07 (frag 182/244)
2026-01-03 18:44:06,414 [DEBUG] [download]  74.5% of ~  20.25MiB at  723.76KiB/s ETA 00:07 (frag 183/244)
2026-01-03 18:44:06,415 [DEBUG] [download]  75.4% of ~  20.00MiB at  719.32KiB/s ETA 00:07 (frag 183/244)
2026-01-03 18:44:06,415 [DEBUG] [download]  75.4% of ~  20.00MiB at  719.32KiB/s ETA 00:07 (frag 183/244)
2026-01-03 18:44:06,420 [DEBUG] [download]  75.4% of ~  20.00MiB at  719.32KiB/s ETA 00:07 (frag 183/244)
2026-01-03 18:44:06,421 [DEBUG] [download]  75.4% of ~  20.01MiB at  719.32KiB/s ETA 00:07 (frag 183/244)
2026-01-03 18:44:06,422 [DEBUG] [download]  75.5% of ~  20.02MiB at  719.32KiB/s ETA 00:07 (frag 183/244)
2026-01-03 18:44:06,424 [DEBUG] [download]  75.6% of ~  20.04MiB at  719.32KiB/s ETA 00:07 (frag 183/244)
2026-01-03 18:44:06,424 [DEBUG] [download]  75.5% of ~  20.08MiB at  719.32KiB/s ETA 00:07 (frag 183/244)
2026-01-03 18:44:06,501 [DEBUG] [download]  75.0% of ~  20.22MiB at  719.32KiB/s ETA 00:07 (frag 184/244)
2026-01-03 18:44:06,526 [DEBUG] [download]  75.8% of ~  20.00MiB at  718.51KiB/s ETA 00:07 (frag 184/244)
2026-01-03 18:44:06,527 [DEBUG] [download]  75.8% of ~  20.00MiB at  718.51KiB/s ETA 00:07 (frag 184/244)
2026-01-03 18:44:06,527 [DEBUG] [download]  75.8% of ~  20.01MiB at  718.51KiB/s ETA 00:07 (frag 184/244)
2026-01-03 18:44:06,530 [DEBUG] [download]  75.9% of ~  20.01MiB at  718.51KiB/s ETA 00:07 (frag 184/244)
2026-01-03 18:44:06,538 [DEBUG] [download]  75.9% of ~  20.02MiB at  718.51KiB/s ETA 00:07 (frag 184/244)
2026-01-03 18:44:06,546 [DEBUG] [download]  76.0% of ~  20.04MiB at  718.51KiB/s ETA 00:07 (frag 184/244)
2026-01-03 18:44:06,546 [DEBUG] [download]  76.1% of ~  20.08MiB at  718.51KiB/s ETA 00:07 (frag 184/244)
2026-01-03 18:44:06,649 [DEBUG] [download]  75.3% of ~  20.29MiB at  718.51KiB/s ETA 00:07 (frag 185/244)
2026-01-03 18:44:06,650 [DEBUG] [download]  76.2% of ~  20.04MiB at  730.02KiB/s ETA 00:07 (frag 185/244)
2026-01-03 18:44:06,673 [DEBUG] [download]  76.2% of ~  20.04MiB at  730.02KiB/s ETA 00:07 (frag 185/244)
2026-01-03 18:44:06,673 [DEBUG] [download]  76.2% of ~  20.04MiB at  730.02KiB/s ETA 00:07 (frag 185/244)
2026-01-03 18:44:06,674 [DEBUG] [download]  76.3% of ~  20.04MiB at  730.02KiB/s ETA 00:07 (frag 185/244)
2026-01-03 18:44:06,677 [DEBUG] [download]  76.3% of ~  20.06MiB at  730.02KiB/s ETA 00:07 (frag 185/244)
2026-01-03 18:44:06,677 [DEBUG] [download]  76.4% of ~  20.08MiB at  730.02KiB/s ETA 00:07 (frag 185/244)
2026-01-03 18:44:06,725 [DEBUG] [download]  76.0% of ~  20.18MiB at  730.02KiB/s ETA 00:07 (frag 186/244)
2026-01-03 18:44:06,726 [DEBUG] [download]  76.6% of ~  20.00MiB at  737.92KiB/s ETA 00:07 (frag 186/244)
2026-01-03 18:44:06,726 [DEBUG] [download]  76.6% of ~  20.00MiB at  737.92KiB/s ETA 00:07 (frag 186/244)
2026-01-03 18:44:06,726 [DEBUG] [download]  76.7% of ~  20.00MiB at  737.92KiB/s ETA 00:07 (frag 186/244)
2026-01-03 18:44:06,729 [DEBUG] [download]  76.7% of ~  20.01MiB at  737.92KiB/s ETA 00:07 (frag 186/244)
2026-01-03 18:44:06,731 [DEBUG] [download]  76.7% of ~  20.02MiB at  737.92KiB/s ETA 00:07 (frag 186/244)
2026-01-03 18:44:06,732 [DEBUG] [download]  76.8% of ~  20.04MiB at  737.92KiB/s ETA 00:07 (frag 186/244)
2026-01-03 18:44:06,732 [DEBUG] [download]  76.7% of ~  20.08MiB at  737.92KiB/s ETA 00:07 (frag 186/244)
2026-01-03 18:44:06,797 [DEBUG] [download]  76.3% of ~  20.19MiB at  737.92KiB/s ETA 00:07 (frag 187/244)
2026-01-03 18:44:06,798 [DEBUG] [download]  77.1% of ~  19.99MiB at  745.43KiB/s ETA 00:07 (frag 187/244)
2026-01-03 18:44:06,798 [DEBUG] [download]  77.1% of ~  19.99MiB at  745.43KiB/s ETA 00:07 (frag 187/244)
2026-01-03 18:44:06,799 [DEBUG] [download]  77.1% of ~  19.99MiB at  745.43KiB/s ETA 00:07 (frag 187/244)
2026-01-03 18:44:06,801 [DEBUG] [download]  77.1% of ~  20.00MiB at  745.43KiB/s ETA 00:07 (frag 187/244)
2026-01-03 18:44:06,802 [DEBUG] [download]  77.1% of ~  20.01MiB at  745.43KiB/s ETA 00:07 (frag 187/244)
2026-01-03 18:44:06,805 [DEBUG] [download]  77.2% of ~  20.03MiB at  745.43KiB/s ETA 00:07 (frag 187/244)
2026-01-03 18:44:06,805 [DEBUG] [download]  77.2% of ~  20.07MiB at  745.43KiB/s ETA 00:07 (frag 187/244)
2026-01-03 18:44:06,994 [DEBUG] [download]  76.6% of ~  20.20MiB at  745.43KiB/s ETA 00:07 (frag 188/244)
2026-01-03 18:44:06,995 [DEBUG] [download]  77.5% of ~  19.99MiB at  748.95KiB/s ETA 00:07 (frag 188/244)
2026-01-03 18:44:06,995 [DEBUG] [download]  77.5% of ~  19.99MiB at  748.95KiB/s ETA 00:07 (frag 188/244)
2026-01-03 18:44:06,996 [DEBUG] [download]  77.5% of ~  19.99MiB at  748.95KiB/s ETA 00:07 (frag 188/244)
2026-01-03 18:44:06,997 [DEBUG] [download]  77.5% of ~  20.00MiB at  748.95KiB/s ETA 00:07 (frag 188/244)
2026-01-03 18:44:06,999 [DEBUG] [download]  77.5% of ~  20.01MiB at  748.95KiB/s ETA 00:07 (frag 188/244)
2026-01-03 18:44:07,002 [DEBUG] [download]  77.6% of ~  20.03MiB at  748.95KiB/s ETA 00:07 (frag 188/244)
2026-01-03 18:44:07,003 [DEBUG] [download]  77.6% of ~  20.07MiB at  748.95KiB/s ETA 00:07 (frag 188/244)
2026-01-03 18:44:07,187 [DEBUG] [download]  77.0% of ~  20.22MiB at  748.95KiB/s ETA 00:07 (frag 189/244)
2026-01-03 18:44:07,188 [DEBUG] [download]  77.9% of ~  20.00MiB at  738.38KiB/s ETA 00:07 (frag 189/244)
2026-01-03 18:44:07,188 [DEBUG] [download]  77.9% of ~  20.00MiB at  738.38KiB/s ETA 00:07 (frag 189/244)
2026-01-03 18:44:07,189 [DEBUG] [download]  77.9% of ~  20.00MiB at  738.38KiB/s ETA 00:07 (frag 189/244)
2026-01-03 18:44:07,190 [DEBUG] [download]  77.9% of ~  20.01MiB at  738.38KiB/s ETA 00:07 (frag 189/244)
2026-01-03 18:44:07,191 [DEBUG] [download]  77.9% of ~  20.02MiB at  738.38KiB/s ETA 00:07 (frag 189/244)
2026-01-03 18:44:07,191 [DEBUG] [download]  78.0% of ~  20.04MiB at  738.38KiB/s ETA 00:07 (frag 189/244)
2026-01-03 18:44:07,262 [DEBUG] [download]  77.6% of ~  20.12MiB at  738.38KiB/s ETA 00:07 (frag 190/244)
2026-01-03 18:44:07,262 [DEBUG] [download]  78.3% of ~  19.95MiB at  729.50KiB/s ETA 00:07 (frag 190/244)
2026-01-03 18:44:07,262 [DEBUG] [download]  78.3% of ~  19.95MiB at  729.50KiB/s ETA 00:07 (frag 190/244)
2026-01-03 18:44:07,263 [DEBUG] [download]  78.3% of ~  19.96MiB at  729.50KiB/s ETA 00:07 (frag 190/244)
2026-01-03 18:44:07,264 [DEBUG] [download]  78.3% of ~  19.96MiB at  729.50KiB/s ETA 00:07 (frag 190/244)
2026-01-03 18:44:07,271 [DEBUG] [download]  78.4% of ~  19.97MiB at  729.50KiB/s ETA 00:07 (frag 190/244)
2026-01-03 18:44:07,271 [DEBUG] [download]  78.4% of ~  19.99MiB at  729.50KiB/s ETA 00:07 (frag 190/244)
2026-01-03 18:44:07,272 [DEBUG] [download]  78.3% of ~  20.03MiB at  729.50KiB/s ETA 00:07 (frag 190/244)
2026-01-03 18:44:07,331 [DEBUG] [download]  77.9% of ~  20.12MiB at  729.50KiB/s ETA 00:07 (frag 191/244)
2026-01-03 18:44:07,331 [DEBUG] [download]  78.7% of ~  19.93MiB at  721.33KiB/s ETA 00:06 (frag 191/244)
2026-01-03 18:44:07,332 [DEBUG] [download]  78.7% of ~  19.93MiB at  721.33KiB/s ETA 00:06 (frag 191/244)
2026-01-03 18:44:07,334 [DEBUG] [download]  78.7% of ~  19.94MiB at  721.33KiB/s ETA 00:06 (frag 191/244)
2026-01-03 18:44:07,337 [DEBUG] [download]  78.7% of ~  19.94MiB at  721.33KiB/s ETA 00:06 (frag 191/244)
2026-01-03 18:44:07,338 [DEBUG] [download]  78.8% of ~  19.95MiB at  721.33KiB/s ETA 00:06 (frag 191/244)
2026-01-03 18:44:07,339 [DEBUG] [download]  78.8% of ~  19.97MiB at  721.33KiB/s ETA 00:06 (frag 191/244)
2026-01-03 18:44:07,408 [DEBUG] [download]  78.5% of ~  20.05MiB at  721.33KiB/s ETA 00:06 (frag 192/244)
2026-01-03 18:44:07,409 [DEBUG] [download]  79.1% of ~  19.89MiB at  724.80KiB/s ETA 00:06 (frag 192/244)
2026-01-03 18:44:07,409 [DEBUG] [download]  79.1% of ~  19.89MiB at  724.80KiB/s ETA 00:06 (frag 192/244)
2026-01-03 18:44:07,410 [DEBUG] [download]  79.1% of ~  19.89MiB at  724.80KiB/s ETA 00:06 (frag 192/244)
2026-01-03 18:44:07,413 [DEBUG] [download]  79.1% of ~  19.90MiB at  724.80KiB/s ETA 00:06 (frag 192/244)
2026-01-03 18:44:07,415 [DEBUG] [download]  79.2% of ~  19.91MiB at  724.80KiB/s ETA 00:06 (frag 192/244)
2026-01-03 18:44:07,415 [DEBUG] [download]  79.3% of ~  19.93MiB at  724.80KiB/s ETA 00:06 (frag 192/244)
2026-01-03 18:44:07,416 [DEBUG] [download]  79.1% of ~  19.97MiB at  724.80KiB/s ETA 00:06 (frag 192/244)
2026-01-03 18:44:07,480 [DEBUG] [download]  78.7% of ~  20.07MiB at  724.80KiB/s ETA 00:06 (frag 193/244)
2026-01-03 18:44:07,481 [DEBUG] [download]  79.5% of ~  19.88MiB at  729.19KiB/s ETA 00:06 (frag 193/244)
2026-01-03 18:44:07,481 [DEBUG] [download]  79.5% of ~  19.88MiB at  729.19KiB/s ETA 00:06 (frag 193/244)
2026-01-03 18:44:07,482 [DEBUG] [download]  79.5% of ~  19.88MiB at  729.19KiB/s ETA 00:06 (frag 193/244)
2026-01-03 18:44:07,484 [DEBUG] [download]  79.5% of ~  19.88MiB at  729.19KiB/s ETA 00:06 (frag 193/244)
2026-01-03 18:44:07,485 [DEBUG] [download]  79.6% of ~  19.89MiB at  729.19KiB/s ETA 00:06 (frag 193/244)
2026-01-03 18:44:07,485 [DEBUG] [download]  79.6% of ~  19.91MiB at  729.19KiB/s ETA 00:06 (frag 193/244)
2026-01-03 18:44:07,556 [DEBUG] [download]  79.3% of ~  19.99MiB at  729.19KiB/s ETA 00:06 (frag 194/244)
2026-01-03 18:44:07,556 [DEBUG] [download]  79.9% of ~  19.83MiB at  731.42KiB/s ETA 00:06 (frag 194/244)
2026-01-03 18:44:07,557 [DEBUG] [download]  79.9% of ~  19.83MiB at  731.42KiB/s ETA 00:06 (frag 194/244)
2026-01-03 18:44:07,557 [DEBUG] [download]  79.9% of ~  19.84MiB at  731.42KiB/s ETA 00:06 (frag 194/244)
2026-01-03 18:44:07,564 [DEBUG] [download]  80.0% of ~  19.84MiB at  731.42KiB/s ETA 00:06 (frag 194/244)
2026-01-03 18:44:07,566 [DEBUG] [download]  80.0% of ~  19.85MiB at  731.42KiB/s ETA 00:06 (frag 194/244)
2026-01-03 18:44:07,571 [DEBUG] [download]  80.1% of ~  19.87MiB at  731.42KiB/s ETA 00:06 (frag 194/244)
2026-01-03 18:44:07,571 [DEBUG] [download]  80.2% of ~  19.91MiB at  731.42KiB/s ETA 00:06 (frag 194/244)
2026-01-03 18:44:07,802 [DEBUG] [download]  79.4% of ~  20.10MiB at  731.42KiB/s ETA 00:06 (frag 195/244)
2026-01-03 18:44:07,802 [DEBUG] [download]  80.3% of ~  19.87MiB at  729.55KiB/s ETA 00:06 (frag 195/244)
2026-01-03 18:44:07,803 [DEBUG] [download]  80.3% of ~  19.87MiB at  729.55KiB/s ETA 00:06 (frag 195/244)
2026-01-03 18:44:07,845 [DEBUG] [download]  80.3% of ~  19.87MiB at  729.55KiB/s ETA 00:06 (frag 195/244)
2026-01-03 18:44:07,849 [DEBUG] [download]  80.4% of ~  19.87MiB at  729.55KiB/s ETA 00:06 (frag 195/244)
2026-01-03 18:44:07,860 [DEBUG] [download]  80.4% of ~  19.88MiB at  729.55KiB/s ETA 00:06 (frag 195/244)
2026-01-03 18:44:07,862 [DEBUG] [download]  80.5% of ~  19.90MiB at  728.19KiB/s ETA 00:06 (frag 195/244)
2026-01-03 18:44:07,863 [DEBUG] [download]  80.4% of ~  19.94MiB at  728.19KiB/s ETA 00:06 (frag 195/244)
2026-01-03 18:44:07,920 [DEBUG] [download]  80.0% of ~  20.04MiB at  728.19KiB/s ETA 00:06 (frag 196/244)
2026-01-03 18:44:07,920 [DEBUG] [download]  80.7% of ~  19.85MiB at  723.93KiB/s ETA 00:06 (frag 196/244)
2026-01-03 18:44:07,921 [DEBUG] [download]  80.7% of ~  19.85MiB at  723.93KiB/s ETA 00:06 (frag 196/244)
2026-01-03 18:44:07,921 [DEBUG] [download]  80.8% of ~  19.86MiB at  723.93KiB/s ETA 00:06 (frag 196/244)
2026-01-03 18:44:07,922 [DEBUG] [download]  80.8% of ~  19.86MiB at  723.93KiB/s ETA 00:06 (frag 196/244)
2026-01-03 18:44:07,926 [DEBUG] [download]  80.8% of ~  19.87MiB at  723.93KiB/s ETA 00:06 (frag 196/244)
2026-01-03 18:44:07,926 [DEBUG] [download]  80.8% of ~  19.89MiB at  723.93KiB/s ETA 00:06 (frag 196/244)
2026-01-03 18:44:07,998 [DEBUG] [download]  80.5% of ~  19.97MiB at  723.93KiB/s ETA 00:06 (frag 197/244)
2026-01-03 18:44:07,998 [DEBUG] [download]  81.2% of ~  19.81MiB at  716.76KiB/s ETA 00:06 (frag 197/244)
2026-01-03 18:44:08,000 [DEBUG] [download]  81.2% of ~  19.81MiB at  716.76KiB/s ETA 00:06 (frag 197/244)
2026-01-03 18:44:08,011 [DEBUG] [download]  81.2% of ~  19.81MiB at  716.76KiB/s ETA 00:06 (frag 197/244)
2026-01-03 18:44:08,012 [DEBUG] [download]  81.2% of ~  19.82MiB at  716.76KiB/s ETA 00:06 (frag 197/244)
2026-01-03 18:44:08,018 [DEBUG] [download]  81.2% of ~  19.83MiB at  716.76KiB/s ETA 00:06 (frag 197/244)
2026-01-03 18:44:08,022 [DEBUG] [download]  81.3% of ~  19.85MiB at  716.76KiB/s ETA 00:06 (frag 197/244)
2026-01-03 18:44:08,023 [DEBUG] [download]  81.4% of ~  19.89MiB at  716.76KiB/s ETA 00:06 (frag 197/244)
2026-01-03 18:44:08,067 [DEBUG] [download]  80.6% of ~  20.08MiB at  716.76KiB/s ETA 00:06 (frag 198/244)
2026-01-03 18:44:08,068 [DEBUG] [download]  81.6% of ~  19.84MiB at  713.40KiB/s ETA 00:06 (frag 198/244)
2026-01-03 18:44:08,069 [DEBUG] [download]  81.6% of ~  19.85MiB at  713.40KiB/s ETA 00:06 (frag 198/244)
2026-01-03 18:44:08,069 [DEBUG] [download]  81.6% of ~  19.85MiB at  713.40KiB/s ETA 00:06 (frag 198/244)
2026-01-03 18:44:08,070 [DEBUG] [download]  81.6% of ~  19.85MiB at  713.40KiB/s ETA 00:06 (frag 198/244)
2026-01-03 18:44:08,078 [DEBUG] [download]  81.6% of ~  19.86MiB at  713.40KiB/s ETA 00:06 (frag 198/244)
2026-01-03 18:44:08,078 [DEBUG] [download]  81.7% of ~  19.88MiB at  713.40KiB/s ETA 00:06 (frag 198/244)
2026-01-03 18:44:08,144 [DEBUG] [download]  81.3% of ~  19.97MiB at  713.40KiB/s ETA 00:06 (frag 199/244)
2026-01-03 18:44:08,144 [DEBUG] [download]  82.0% of ~  19.81MiB at  705.17KiB/s ETA 00:06 (frag 199/244)
2026-01-03 18:44:08,148 [DEBUG] [download]  82.0% of ~  19.81MiB at  705.17KiB/s ETA 00:06 (frag 199/244)
2026-01-03 18:44:08,149 [DEBUG] [download]  82.0% of ~  19.81MiB at  705.17KiB/s ETA 00:06 (frag 199/244)
2026-01-03 18:44:08,153 [DEBUG] [download]  82.0% of ~  19.82MiB at  705.17KiB/s ETA 00:06 (frag 199/244)
2026-01-03 18:44:08,154 [DEBUG] [download]  82.0% of ~  19.82MiB at  705.17KiB/s ETA 00:06 (frag 199/244)
2026-01-03 18:44:08,159 [DEBUG] [download]  82.1% of ~  19.84MiB at  705.17KiB/s ETA 00:06 (frag 199/244)
2026-01-03 18:44:08,160 [DEBUG] [download]  82.1% of ~  19.88MiB at  705.17KiB/s ETA 00:06 (frag 199/244)
2026-01-03 18:44:08,217 [DEBUG] [download]  81.5% of ~  20.03MiB at  705.17KiB/s ETA 00:06 (frag 200/244)
2026-01-03 18:44:08,217 [DEBUG] [download]  82.4% of ~  19.82MiB at  712.64KiB/s ETA 00:05 (frag 200/244)
2026-01-03 18:44:08,221 [DEBUG] [download]  82.4% of ~  19.82MiB at  712.64KiB/s ETA 00:05 (frag 200/244)
2026-01-03 18:44:08,221 [DEBUG] [download]  82.4% of ~  19.82MiB at  712.64KiB/s ETA 00:05 (frag 200/244)
2026-01-03 18:44:08,224 [DEBUG] [download]  82.4% of ~  19.83MiB at  712.64KiB/s ETA 00:05 (frag 200/244)
2026-01-03 18:44:08,228 [DEBUG] [download]  82.5% of ~  19.84MiB at  712.64KiB/s ETA 00:05 (frag 200/244)
2026-01-03 18:44:08,228 [DEBUG] [download]  82.5% of ~  19.86MiB at  712.64KiB/s ETA 00:05 (frag 200/244)
2026-01-03 18:44:08,425 [DEBUG] [download]  82.1% of ~  19.94MiB at  712.64KiB/s ETA 00:05 (frag 201/244)
2026-01-03 18:44:08,425 [DEBUG] [download]  82.8% of ~  19.78MiB at  714.28KiB/s ETA 00:05 (frag 201/244)
2026-01-03 18:44:08,427 [DEBUG] [download]  82.8% of ~  19.78MiB at  714.28KiB/s ETA 00:05 (frag 201/244)
2026-01-03 18:44:08,427 [DEBUG] [download]  82.8% of ~  19.78MiB at  714.28KiB/s ETA 00:05 (frag 201/244)
2026-01-03 18:44:08,427 [DEBUG] [download]  82.8% of ~  19.79MiB at  714.28KiB/s ETA 00:05 (frag 201/244)
2026-01-03 18:44:08,430 [DEBUG] [download]  82.9% of ~  19.80MiB at  714.28KiB/s ETA 00:05 (frag 201/244)
2026-01-03 18:44:08,432 [DEBUG] [download]  82.9% of ~  19.82MiB at  714.28KiB/s ETA 00:05 (frag 201/244)
2026-01-03 18:44:08,433 [DEBUG] [download]  83.0% of ~  19.85MiB at  714.28KiB/s ETA 00:05 (frag 201/244)
2026-01-03 18:44:08,609 [DEBUG] [download]  82.2% of ~  20.04MiB at  714.28KiB/s ETA 00:05 (frag 202/244)
2026-01-03 18:44:08,610 [DEBUG] [download]  83.2% of ~  19.81MiB at  710.20KiB/s ETA 00:05 (frag 202/244)
2026-01-03 18:44:08,617 [DEBUG] [download]  83.2% of ~  19.81MiB at  710.20KiB/s ETA 00:05 (frag 202/244)
2026-01-03 18:44:08,618 [DEBUG] [download]  83.2% of ~  19.82MiB at  710.20KiB/s ETA 00:05 (frag 202/244)
2026-01-03 18:44:08,618 [DEBUG] [download]  83.2% of ~  19.82MiB at  710.20KiB/s ETA 00:05 (frag 202/244)
2026-01-03 18:44:08,780 [DEBUG] [download]  83.3% of ~  19.83MiB at  710.20KiB/s ETA 00:05 (frag 202/244)
2026-01-03 18:44:08,781 [DEBUG] [download]  83.4% of ~  19.85MiB at  693.22KiB/s ETA 00:05 (frag 202/244)
2026-01-03 18:44:08,781 [DEBUG] [download]  83.2% of ~  19.89MiB at  693.22KiB/s ETA 00:05 (frag 202/244)
2026-01-03 18:44:08,929 [DEBUG] [download]  82.9% of ~  19.96MiB at  693.22KiB/s ETA 00:05 (frag 203/244)
2026-01-03 18:44:08,929 [DEBUG] [download]  83.6% of ~  19.79MiB at  666.57KiB/s ETA 00:05 (frag 203/244)
2026-01-03 18:44:08,930 [DEBUG] [download]  83.6% of ~  19.79MiB at  666.57KiB/s ETA 00:05 (frag 203/244)
2026-01-03 18:44:08,934 [DEBUG] [download]  83.6% of ~  19.79MiB at  666.57KiB/s ETA 00:05 (frag 203/244)
2026-01-03 18:44:08,934 [DEBUG] [download]  83.6% of ~  19.80MiB at  666.57KiB/s ETA 00:05 (frag 203/244)
2026-01-03 18:44:08,937 [DEBUG] [download]  83.7% of ~  19.81MiB at  666.57KiB/s ETA 00:05 (frag 203/244)
2026-01-03 18:44:08,944 [DEBUG] [download]  83.8% of ~  19.83MiB at  666.57KiB/s ETA 00:05 (frag 203/244)
2026-01-03 18:44:08,945 [DEBUG] [download]  83.8% of ~  19.86MiB at  666.57KiB/s ETA 00:05 (frag 203/244)
2026-01-03 18:44:09,001 [DEBUG] [download]  83.1% of ~  20.05MiB at  666.57KiB/s ETA 00:05 (frag 204/244)
2026-01-03 18:44:09,002 [DEBUG] [download]  84.0% of ~  19.82MiB at  649.24KiB/s ETA 00:05 (frag 204/244)
2026-01-03 18:44:09,002 [DEBUG] [download]  84.0% of ~  19.82MiB at  649.24KiB/s ETA 00:05 (frag 204/244)
2026-01-03 18:44:09,005 [DEBUG] [download]  84.0% of ~  19.83MiB at  649.24KiB/s ETA 00:05 (frag 204/244)
2026-01-03 18:44:09,006 [DEBUG] [download]  84.1% of ~  19.83MiB at  649.24KiB/s ETA 00:05 (frag 204/244)
2026-01-03 18:44:09,021 [DEBUG] [download]  84.1% of ~  19.84MiB at  649.24KiB/s ETA 00:05 (frag 204/244)
2026-01-03 18:44:09,021 [DEBUG] [download]  84.2% of ~  19.86MiB at  649.24KiB/s ETA 00:05 (frag 204/244)
2026-01-03 18:44:09,073 [DEBUG] [download]  83.7% of ~  19.96MiB at  649.24KiB/s ETA 00:05 (frag 205/244)
2026-01-03 18:44:09,074 [DEBUG] [download]  84.4% of ~  19.79MiB at  651.43KiB/s ETA 00:05 (frag 205/244)
2026-01-03 18:44:09,079 [DEBUG] [download]  84.4% of ~  19.80MiB at  651.43KiB/s ETA 00:05 (frag 205/244)
2026-01-03 18:44:09,079 [DEBUG] [download]  84.4% of ~  19.80MiB at  651.43KiB/s ETA 00:05 (frag 205/244)
2026-01-03 18:44:09,079 [DEBUG] [download]  84.5% of ~  19.80MiB at  651.43KiB/s ETA 00:05 (frag 205/244)
2026-01-03 18:44:09,081 [DEBUG] [download]  84.5% of ~  19.81MiB at  651.43KiB/s ETA 00:05 (frag 205/244)
2026-01-03 18:44:09,082 [DEBUG] [download]  84.5% of ~  19.83MiB at  651.43KiB/s ETA 00:05 (frag 205/244)
2026-01-03 18:44:09,147 [DEBUG] [download]  84.2% of ~  19.91MiB at  651.43KiB/s ETA 00:05 (frag 206/244)
2026-01-03 18:44:09,148 [DEBUG] [download]  84.8% of ~  19.75MiB at  652.95KiB/s ETA 00:05 (frag 206/244)
2026-01-03 18:44:09,148 [DEBUG] [download]  84.8% of ~  19.76MiB at  652.95KiB/s ETA 00:05 (frag 206/244)
2026-01-03 18:44:09,149 [DEBUG] [download]  84.9% of ~  19.76MiB at  652.95KiB/s ETA 00:05 (frag 206/244)
2026-01-03 18:44:09,150 [DEBUG] [download]  84.9% of ~  19.76MiB at  652.95KiB/s ETA 00:05 (frag 206/244)
2026-01-03 18:44:09,156 [DEBUG] [download]  84.9% of ~  19.77MiB at  652.95KiB/s ETA 00:05 (frag 206/244)
2026-01-03 18:44:09,168 [DEBUG] [download]  85.0% of ~  19.79MiB at  652.95KiB/s ETA 00:05 (frag 206/244)
2026-01-03 18:44:09,168 [DEBUG] [download]  85.0% of ~  19.83MiB at  652.95KiB/s ETA 00:05 (frag 206/244)
2026-01-03 18:44:09,221 [DEBUG] [download]  84.3% of ~  20.00MiB at  652.95KiB/s ETA 00:05 (frag 207/244)
2026-01-03 18:44:09,222 [DEBUG] [download]  85.3% of ~  19.78MiB at  659.82KiB/s ETA 00:05 (frag 207/244)
2026-01-03 18:44:09,222 [DEBUG] [download]  85.3% of ~  19.78MiB at  659.82KiB/s ETA 00:05 (frag 207/244)
2026-01-03 18:44:09,223 [DEBUG] [download]  85.3% of ~  19.79MiB at  659.82KiB/s ETA 00:05 (frag 207/244)
2026-01-03 18:44:09,224 [DEBUG] [download]  85.3% of ~  19.79MiB at  659.82KiB/s ETA 00:05 (frag 207/244)
2026-01-03 18:44:09,233 [DEBUG] [download]  85.3% of ~  19.80MiB at  659.82KiB/s ETA 00:05 (frag 207/244)
2026-01-03 18:44:09,234 [DEBUG] [download]  85.4% of ~  19.82MiB at  659.82KiB/s ETA 00:05 (frag 207/244)
2026-01-03 18:44:09,234 [DEBUG] [download]  85.2% of ~  19.85MiB at  659.82KiB/s ETA 00:05 (frag 207/244)
2026-01-03 18:44:09,297 [DEBUG] [download]  84.9% of ~  19.93MiB at  659.82KiB/s ETA 00:05 (frag 208/244)
2026-01-03 18:44:09,297 [DEBUG] [download]  85.7% of ~  19.76MiB at  664.03KiB/s ETA 00:05 (frag 208/244)
2026-01-03 18:44:09,297 [DEBUG] [download]  85.7% of ~  19.76MiB at  664.03KiB/s ETA 00:05 (frag 208/244)
2026-01-03 18:44:09,306 [DEBUG] [download]  85.7% of ~  19.76MiB at  664.03KiB/s ETA 00:05 (frag 208/244)
2026-01-03 18:44:09,308 [DEBUG] [download]  85.7% of ~  19.77MiB at  664.03KiB/s ETA 00:05 (frag 208/244)
2026-01-03 18:44:09,309 [DEBUG] [download]  85.7% of ~  19.78MiB at  664.03KiB/s ETA 00:05 (frag 208/244)
2026-01-03 18:44:09,313 [DEBUG] [download]  85.8% of ~  19.79MiB at  664.03KiB/s ETA 00:05 (frag 208/244)
2026-01-03 18:44:09,314 [DEBUG] [download]  85.8% of ~  19.83MiB at  664.03KiB/s ETA 00:05 (frag 208/244)
2026-01-03 18:44:09,372 [DEBUG] [download]  85.2% of ~  19.99MiB at  664.03KiB/s ETA 00:05 (frag 209/244)
2026-01-03 18:44:09,372 [DEBUG] [download]  86.1% of ~  19.78MiB at  666.35KiB/s ETA 00:05 (frag 209/244)
2026-01-03 18:44:09,373 [DEBUG] [download]  86.1% of ~  19.78MiB at  666.35KiB/s ETA 00:05 (frag 209/244)
2026-01-03 18:44:09,376 [DEBUG] [download]  86.1% of ~  19.78MiB at  666.35KiB/s ETA 00:05 (frag 209/244)
2026-01-03 18:44:09,381 [DEBUG] [download]  86.1% of ~  19.79MiB at  666.35KiB/s ETA 00:05 (frag 209/244)
2026-01-03 18:44:09,385 [DEBUG] [download]  86.1% of ~  19.80MiB at  666.35KiB/s ETA 00:05 (frag 209/244)
2026-01-03 18:44:09,388 [DEBUG] [download]  86.2% of ~  19.81MiB at  666.35KiB/s ETA 00:05 (frag 209/244)
2026-01-03 18:44:09,389 [DEBUG] [download]  86.3% of ~  19.85MiB at  666.35KiB/s ETA 00:05 (frag 209/244)
2026-01-03 18:44:09,448 [DEBUG] [download]  85.5% of ~  20.02MiB at  666.35KiB/s ETA 00:05 (frag 210/244)
2026-01-03 18:44:09,448 [DEBUG] [download]  86.5% of ~  19.81MiB at  671.15KiB/s ETA 00:05 (frag 210/244)
2026-01-03 18:44:09,451 [DEBUG] [download]  86.5% of ~  19.81MiB at  671.15KiB/s ETA 00:05 (frag 210/244)
2026-01-03 18:44:09,456 [DEBUG] [download]  86.5% of ~  19.81MiB at  671.15KiB/s ETA 00:05 (frag 210/244)
2026-01-03 18:44:09,472 [DEBUG] [download]  86.5% of ~  19.81MiB at  671.15KiB/s ETA 00:05 (frag 210/244)
2026-01-03 18:44:09,475 [DEBUG] [download]  86.6% of ~  19.82MiB at  671.15KiB/s ETA 00:05 (frag 210/244)
2026-01-03 18:44:09,475 [DEBUG] [download]  86.6% of ~  19.84MiB at  671.15KiB/s ETA 00:05 (frag 210/244)
2026-01-03 18:44:09,521 [DEBUG] [download]  86.2% of ~  19.91MiB at  671.15KiB/s ETA 00:05 (frag 211/244)
2026-01-03 18:44:09,522 [DEBUG] [download]  86.9% of ~  19.77MiB at  673.20KiB/s ETA 00:04 (frag 211/244)
2026-01-03 18:44:09,523 [DEBUG] [download]  86.9% of ~  19.77MiB at  673.20KiB/s ETA 00:04 (frag 211/244)
2026-01-03 18:44:09,524 [DEBUG] [download]  86.9% of ~  19.77MiB at  673.20KiB/s ETA 00:04 (frag 211/244)
2026-01-03 18:44:09,528 [DEBUG] [download]  86.9% of ~  19.78MiB at  673.20KiB/s ETA 00:04 (frag 211/244)
2026-01-03 18:44:09,535 [DEBUG] [download]  87.0% of ~  19.78MiB at  673.20KiB/s ETA 00:04 (frag 211/244)
2026-01-03 18:44:09,539 [DEBUG] [download]  87.0% of ~  19.80MiB at  673.20KiB/s ETA 00:04 (frag 211/244)
2026-01-03 18:44:09,540 [DEBUG] [download]  87.1% of ~  19.84MiB at  673.20KiB/s ETA 00:04 (frag 211/244)
2026-01-03 18:44:09,600 [DEBUG] [download]  86.4% of ~  19.99MiB at  673.20KiB/s ETA 00:04 (frag 212/244)
2026-01-03 18:44:09,601 [DEBUG] [download]  87.3% of ~  19.79MiB at  679.48KiB/s ETA 00:04 (frag 212/244)
2026-01-03 18:44:09,602 [DEBUG] [download]  87.3% of ~  19.79MiB at  679.48KiB/s ETA 00:04 (frag 212/244)
2026-01-03 18:44:09,602 [DEBUG] [download]  87.3% of ~  19.79MiB at  679.48KiB/s ETA 00:04 (frag 212/244)
2026-01-03 18:44:09,604 [DEBUG] [download]  87.3% of ~  19.80MiB at  679.48KiB/s ETA 00:04 (frag 212/244)
2026-01-03 18:44:09,609 [DEBUG] [download]  87.4% of ~  19.80MiB at  679.48KiB/s ETA 00:04 (frag 212/244)
2026-01-03 18:44:09,610 [DEBUG] [download]  87.4% of ~  19.82MiB at  679.48KiB/s ETA 00:04 (frag 212/244)
2026-01-03 18:44:09,677 [DEBUG] [download]  87.1% of ~  19.89MiB at  679.48KiB/s ETA 00:04 (frag 213/244)
2026-01-03 18:44:09,677 [DEBUG] [download]  87.7% of ~  19.75MiB at  683.01KiB/s ETA 00:04 (frag 213/244)
2026-01-03 18:44:09,677 [DEBUG] [download]  87.7% of ~  19.75MiB at  683.01KiB/s ETA 00:04 (frag 213/244)
2026-01-03 18:44:09,678 [DEBUG] [download]  87.7% of ~  19.75MiB at  683.01KiB/s ETA 00:04 (frag 213/244)
2026-01-03 18:44:09,680 [DEBUG] [download]  87.7% of ~  19.76MiB at  683.01KiB/s ETA 00:04 (frag 213/244)
2026-01-03 18:44:09,682 [DEBUG] [download]  87.8% of ~  19.76MiB at  683.01KiB/s ETA 00:04 (frag 213/244)
2026-01-03 18:44:09,686 [DEBUG] [download]  87.9% of ~  19.78MiB at  683.01KiB/s ETA 00:04 (frag 213/244)
2026-01-03 18:44:09,686 [DEBUG] [download]  87.8% of ~  19.82MiB at  683.01KiB/s ETA 00:04 (frag 213/244)
2026-01-03 18:44:09,749 [DEBUG] [download]  87.3% of ~  19.94MiB at  683.01KiB/s ETA 00:04 (frag 214/244)
2026-01-03 18:44:09,749 [DEBUG] [download]  88.1% of ~  19.75MiB at  686.56KiB/s ETA 00:04 (frag 214/244)
2026-01-03 18:44:09,755 [DEBUG] [download]  88.1% of ~  19.75MiB at  686.56KiB/s ETA 00:04 (frag 214/244)
2026-01-03 18:44:09,756 [DEBUG] [download]  88.1% of ~  19.75MiB at  686.56KiB/s ETA 00:04 (frag 214/244)
2026-01-03 18:44:09,761 [DEBUG] [download]  88.2% of ~  19.76MiB at  686.56KiB/s ETA 00:04 (frag 214/244)
2026-01-03 18:44:09,762 [DEBUG] [download]  88.2% of ~  19.77MiB at  686.56KiB/s ETA 00:04 (frag 214/244)
2026-01-03 18:44:09,768 [DEBUG] [download]  88.3% of ~  19.78MiB at  686.56KiB/s ETA 00:04 (frag 214/244)
2026-01-03 18:44:09,769 [DEBUG] [download]  88.4% of ~  19.82MiB at  686.56KiB/s ETA 00:04 (frag 214/244)
2026-01-03 18:44:09,826 [DEBUG] [download]  87.6% of ~  20.00MiB at  686.56KiB/s ETA 00:04 (frag 215/244)
2026-01-03 18:44:09,826 [DEBUG] [download]  88.5% of ~  19.78MiB at  700.79KiB/s ETA 00:04 (frag 215/244)
2026-01-03 18:44:09,831 [DEBUG] [download]  88.5% of ~  19.78MiB at  700.79KiB/s ETA 00:04 (frag 215/244)
2026-01-03 18:44:09,831 [DEBUG] [download]  88.5% of ~  19.79MiB at  700.79KiB/s ETA 00:04 (frag 215/244)
2026-01-03 18:44:09,833 [DEBUG] [download]  88.6% of ~  19.79MiB at  700.79KiB/s ETA 00:04 (frag 215/244)
2026-01-03 18:44:09,837 [DEBUG] [download]  88.6% of ~  19.80MiB at  700.79KiB/s ETA 00:04 (frag 215/244)
2026-01-03 18:44:09,840 [DEBUG] [download]  88.7% of ~  19.82MiB at  700.79KiB/s ETA 00:04 (frag 215/244)
2026-01-03 18:44:09,841 [DEBUG] [download]  88.6% of ~  19.85MiB at  700.79KiB/s ETA 00:04 (frag 215/244)
2026-01-03 18:44:09,902 [DEBUG] [download]  88.1% of ~  19.97MiB at  700.79KiB/s ETA 00:04 (frag 216/244)
2026-01-03 18:44:09,903 [DEBUG] [download]  88.9% of ~  19.78MiB at  713.59KiB/s ETA 00:04 (frag 216/244)
2026-01-03 18:44:09,903 [DEBUG] [download]  88.9% of ~  19.78MiB at  713.59KiB/s ETA 00:04 (frag 216/244)
2026-01-03 18:44:09,904 [DEBUG] [download]  89.0% of ~  19.79MiB at  713.59KiB/s ETA 00:04 (frag 216/244)
2026-01-03 18:44:09,915 [DEBUG] [download]  89.0% of ~  19.79MiB at  713.59KiB/s ETA 00:04 (frag 216/244)
2026-01-03 18:44:09,917 [DEBUG] [download]  89.0% of ~  19.80MiB at  713.59KiB/s ETA 00:04 (frag 216/244)
2026-01-03 18:44:09,924 [DEBUG] [download]  89.1% of ~  19.82MiB at  713.59KiB/s ETA 00:04 (frag 216/244)
2026-01-03 18:44:09,924 [DEBUG] [download]  89.1% of ~  19.85MiB at  713.59KiB/s ETA 00:04 (frag 216/244)
2026-01-03 18:44:09,977 [DEBUG] [download]  88.4% of ~  20.01MiB at  713.59KiB/s ETA 00:04 (frag 217/244)
2026-01-03 18:44:09,977 [DEBUG] [download]  89.3% of ~  19.80MiB at  727.21KiB/s ETA 00:04 (frag 217/244)
2026-01-03 18:44:09,982 [DEBUG] [download]  89.4% of ~  19.80MiB at  727.21KiB/s ETA 00:04 (frag 217/244)
2026-01-03 18:44:09,982 [DEBUG] [download]  89.4% of ~  19.81MiB at  727.21KiB/s ETA 00:04 (frag 217/244)
2026-01-03 18:44:09,982 [DEBUG] [download]  89.4% of ~  19.81MiB at  727.21KiB/s ETA 00:04 (frag 217/244)
2026-01-03 18:44:09,982 [DEBUG] [download]  89.4% of ~  19.82MiB at  727.21KiB/s ETA 00:04 (frag 217/244)
2026-01-03 18:44:09,992 [DEBUG] [download]  89.5% of ~  19.84MiB at  727.21KiB/s ETA 00:04 (frag 217/244)
2026-01-03 18:44:09,993 [DEBUG] [download]  89.6% of ~  19.87MiB at  727.21KiB/s ETA 00:04 (frag 217/244)
2026-01-03 18:44:10,198 [DEBUG] [download]  88.8% of ~  20.04MiB at  727.21KiB/s ETA 00:04 (frag 218/244)
2026-01-03 18:44:10,198 [DEBUG] [download]  89.8% of ~  19.83MiB at  737.00KiB/s ETA 00:03 (frag 218/244)
2026-01-03 18:44:10,199 [DEBUG] [download]  89.8% of ~  19.83MiB at  737.00KiB/s ETA 00:03 (frag 218/244)
2026-01-03 18:44:10,200 [DEBUG] [download]  89.8% of ~  19.83MiB at  737.00KiB/s ETA 00:03 (frag 218/244)
2026-01-03 18:44:10,200 [DEBUG] [download]  89.8% of ~  19.84MiB at  737.00KiB/s ETA 00:03 (frag 218/244)
2026-01-03 18:44:10,202 [DEBUG] [download]  89.8% of ~  19.85MiB at  737.00KiB/s ETA 00:03 (frag 218/244)
2026-01-03 18:44:10,203 [DEBUG] [download]  89.9% of ~  19.86MiB at  737.00KiB/s ETA 00:03 (frag 218/244)
2026-01-03 18:44:10,204 [DEBUG] [download]  89.9% of ~  19.90MiB at  737.00KiB/s ETA 00:03 (frag 218/244)
2026-01-03 18:44:10,365 [DEBUG] [download]  89.3% of ~  20.02MiB at  737.00KiB/s ETA 00:03 (frag 219/244)
2026-01-03 18:44:10,365 [DEBUG] [download]  90.2% of ~  19.83MiB at  739.37KiB/s ETA 00:03 (frag 219/244)
2026-01-03 18:44:10,366 [DEBUG] [download]  90.2% of ~  19.84MiB at  739.37KiB/s ETA 00:03 (frag 219/244)
2026-01-03 18:44:10,369 [DEBUG] [download]  90.2% of ~  19.84MiB at  739.37KiB/s ETA 00:03 (frag 219/244)
2026-01-03 18:44:10,373 [DEBUG] [download]  90.2% of ~  19.84MiB at  739.37KiB/s ETA 00:03 (frag 219/244)
2026-01-03 18:44:10,377 [DEBUG] [download]  90.2% of ~  19.85MiB at  739.37KiB/s ETA 00:03 (frag 219/244)
2026-01-03 18:44:10,378 [DEBUG] [download]  90.3% of ~  19.87MiB at  739.37KiB/s ETA 00:03 (frag 219/244)
2026-01-03 18:44:10,440 [DEBUG] [download]  89.9% of ~  19.96MiB at  739.37KiB/s ETA 00:03 (frag 220/244)
2026-01-03 18:44:10,440 [DEBUG] [download]  90.6% of ~  19.81MiB at  739.47KiB/s ETA 00:03 (frag 220/244)
2026-01-03 18:44:10,449 [DEBUG] [download]  90.6% of ~  19.81MiB at  739.47KiB/s ETA 00:03 (frag 220/244)
2026-01-03 18:44:10,450 [DEBUG] [download]  90.6% of ~  19.81MiB at  739.47KiB/s ETA 00:03 (frag 220/244)
2026-01-03 18:44:10,452 [DEBUG] [download]  90.6% of ~  19.82MiB at  739.47KiB/s ETA 00:03 (frag 220/244)
2026-01-03 18:44:10,490 [DEBUG] [download]  90.7% of ~  19.82MiB at  739.47KiB/s ETA 00:03 (frag 220/244)
2026-01-03 18:44:10,496 [DEBUG] [download]  90.7% of ~  19.84MiB at  739.47KiB/s ETA 00:03 (frag 220/244)
2026-01-03 18:44:10,497 [DEBUG] [download]  90.8% of ~  19.88MiB at  747.33KiB/s ETA 00:03 (frag 220/244)
2026-01-03 18:44:10,571 [DEBUG] [download]  90.0% of ~  20.05MiB at  747.33KiB/s ETA 00:03 (frag 221/244)
2026-01-03 18:44:10,574 [DEBUG] [download]  91.0% of ~  19.84MiB at  755.05KiB/s ETA 00:03 (frag 221/244)
2026-01-03 18:44:10,574 [DEBUG] [download]  91.0% of ~  19.84MiB at  755.05KiB/s ETA 00:03 (frag 221/244)
2026-01-03 18:44:10,575 [DEBUG] [download]  91.0% of ~  19.84MiB at  755.05KiB/s ETA 00:03 (frag 221/244)
2026-01-03 18:44:10,575 [DEBUG] [download]  91.0% of ~  19.85MiB at  755.05KiB/s ETA 00:03 (frag 221/244)
2026-01-03 18:44:10,581 [DEBUG] [download]  91.1% of ~  19.85MiB at  755.05KiB/s ETA 00:03 (frag 221/244)
2026-01-03 18:44:10,589 [DEBUG] [download]  91.1% of ~  19.87MiB at  755.05KiB/s ETA 00:03 (frag 221/244)
2026-01-03 18:44:10,590 [DEBUG] [download]  91.2% of ~  19.91MiB at  755.05KiB/s ETA 00:03 (frag 221/244)
2026-01-03 18:44:10,636 [DEBUG] [download]  90.5% of ~  20.07MiB at  755.05KiB/s ETA 00:03 (frag 222/244)
2026-01-03 18:44:10,637 [DEBUG] [download]  91.4% of ~  19.87MiB at  766.69KiB/s ETA 00:03 (frag 222/244)
2026-01-03 18:44:10,637 [DEBUG] [download]  91.4% of ~  19.87MiB at  766.69KiB/s ETA 00:03 (frag 222/244)
2026-01-03 18:44:10,638 [DEBUG] [download]  91.4% of ~  19.87MiB at  766.69KiB/s ETA 00:03 (frag 222/244)
2026-01-03 18:44:10,641 [DEBUG] [download]  91.4% of ~  19.87MiB at  766.69KiB/s ETA 00:03 (frag 222/244)
2026-01-03 18:44:10,648 [DEBUG] [download]  91.5% of ~  19.88MiB at  766.69KiB/s ETA 00:03 (frag 222/244)
2026-01-03 18:44:10,654 [DEBUG] [download]  91.6% of ~  19.90MiB at  766.69KiB/s ETA 00:03 (frag 222/244)
2026-01-03 18:44:10,655 [DEBUG] [download]  91.6% of ~  19.93MiB at  766.69KiB/s ETA 00:03 (frag 222/244)
2026-01-03 18:44:10,711 [DEBUG] [download]  90.9% of ~  20.10MiB at  766.69KiB/s ETA 00:03 (frag 223/244)
2026-01-03 18:44:10,711 [DEBUG] [download]  91.8% of ~  19.89MiB at  779.97KiB/s ETA 00:03 (frag 223/244)
2026-01-03 18:44:10,714 [DEBUG] [download]  91.8% of ~  19.89MiB at  779.97KiB/s ETA 00:03 (frag 223/244)
2026-01-03 18:44:10,717 [DEBUG] [download]  91.8% of ~  19.90MiB at  779.97KiB/s ETA 00:03 (frag 223/244)
2026-01-03 18:44:10,718 [DEBUG] [download]  91.8% of ~  19.90MiB at  779.97KiB/s ETA 00:03 (frag 223/244)
2026-01-03 18:44:10,725 [DEBUG] [download]  91.9% of ~  19.91MiB at  779.97KiB/s ETA 00:03 (frag 223/244)
2026-01-03 18:44:10,727 [DEBUG] [download]  92.0% of ~  19.93MiB at  779.97KiB/s ETA 00:03 (frag 223/244)
2026-01-03 18:44:10,729 [DEBUG] [download]  92.0% of ~  19.96MiB at  779.97KiB/s ETA 00:03 (frag 223/244)
2026-01-03 18:44:10,786 [DEBUG] [download]  91.3% of ~  20.13MiB at  779.97KiB/s ETA 00:03 (frag 224/244)
2026-01-03 18:44:10,786 [DEBUG] [download]  92.2% of ~  19.92MiB at  794.22KiB/s ETA 00:03 (frag 224/244)
2026-01-03 18:44:10,786 [DEBUG] [download]  92.2% of ~  19.92MiB at  794.22KiB/s ETA 00:03 (frag 224/244)
2026-01-03 18:44:10,792 [DEBUG] [download]  92.2% of ~  19.92MiB at  794.22KiB/s ETA 00:03 (frag 224/244)
2026-01-03 18:44:10,794 [DEBUG] [download]  92.3% of ~  19.93MiB at  794.22KiB/s ETA 00:03 (frag 224/244)
2026-01-03 18:44:10,796 [DEBUG] [download]  92.3% of ~  19.94MiB at  794.22KiB/s ETA 00:03 (frag 224/244)
2026-01-03 18:44:10,802 [DEBUG] [download]  92.4% of ~  19.95MiB at  794.22KiB/s ETA 00:03 (frag 224/244)
2026-01-03 18:44:10,803 [DEBUG] [download]  92.4% of ~  19.99MiB at  794.22KiB/s ETA 00:03 (frag 224/244)
2026-01-03 18:44:10,860 [DEBUG] [download]  91.7% of ~  20.16MiB at  794.22KiB/s ETA 00:03 (frag 225/244)
2026-01-03 18:44:10,860 [DEBUG] [download]  92.6% of ~  19.95MiB at  807.78KiB/s ETA 00:02 (frag 225/244)
2026-01-03 18:44:10,861 [DEBUG] [download]  92.6% of ~  19.95MiB at  807.78KiB/s ETA 00:02 (frag 225/244)
2026-01-03 18:44:10,862 [DEBUG] [download]  92.6% of ~  19.95MiB at  807.78KiB/s ETA 00:02 (frag 225/244)
2026-01-03 18:44:10,893 [DEBUG] [download]  92.7% of ~  19.96MiB at  807.78KiB/s ETA 00:02 (frag 225/244)
2026-01-03 18:44:10,901 [DEBUG] [download]  92.7% of ~  19.97MiB at  807.78KiB/s ETA 00:02 (frag 225/244)
2026-01-03 18:44:10,901 [DEBUG] [download]  92.8% of ~  19.98MiB at  807.78KiB/s ETA 00:02 (frag 225/244)
2026-01-03 18:44:11,014 [DEBUG] [download]  92.3% of ~  20.07MiB at  807.78KiB/s ETA 00:02 (frag 226/244)
2026-01-03 18:44:11,015 [DEBUG] [download]  93.0% of ~  19.92MiB at  810.38KiB/s ETA 00:02 (frag 226/244)
2026-01-03 18:44:11,019 [DEBUG] [download]  93.0% of ~  19.92MiB at  810.38KiB/s ETA 00:02 (frag 226/244)
2026-01-03 18:44:11,019 [DEBUG] [download]  93.1% of ~  19.93MiB at  810.38KiB/s ETA 00:02 (frag 226/244)
2026-01-03 18:44:11,051 [DEBUG] [download]  93.1% of ~  19.93MiB at  810.38KiB/s ETA 00:02 (frag 226/244)
2026-01-03 18:44:11,055 [DEBUG] [download]  93.1% of ~  19.94MiB at  810.38KiB/s ETA 00:02 (frag 226/244)
2026-01-03 18:44:11,060 [DEBUG] [download]  93.2% of ~  19.96MiB at  810.38KiB/s ETA 00:02 (frag 226/244)
2026-01-03 18:44:11,061 [DEBUG] [download]  93.3% of ~  19.99MiB at  810.38KiB/s ETA 00:02 (frag 226/244)
2026-01-03 18:44:11,177 [DEBUG] [download]  92.5% of ~  20.16MiB at  810.38KiB/s ETA 00:02 (frag 227/244)
2026-01-03 18:44:11,177 [DEBUG] [download]  93.4% of ~  19.95MiB at  807.85KiB/s ETA 00:02 (frag 227/244)
2026-01-03 18:44:11,178 [DEBUG] [download]  93.5% of ~  19.95MiB at  807.85KiB/s ETA 00:02 (frag 227/244)
2026-01-03 18:44:11,178 [DEBUG] [download]  93.5% of ~  19.96MiB at  807.85KiB/s ETA 00:02 (frag 227/244)
2026-01-03 18:44:11,185 [DEBUG] [download]  93.5% of ~  19.96MiB at  807.85KiB/s ETA 00:02 (frag 227/244)
2026-01-03 18:44:11,191 [DEBUG] [download]  93.5% of ~  19.97MiB at  807.85KiB/s ETA 00:02 (frag 227/244)
2026-01-03 18:44:11,191 [DEBUG] [download]  93.5% of ~  19.98MiB at  807.85KiB/s ETA 00:02 (frag 227/244)
2026-01-03 18:44:11,245 [DEBUG] [download]  93.2% of ~  20.06MiB at  807.85KiB/s ETA 00:02 (frag 228/244)
2026-01-03 18:44:11,245 [DEBUG] [download]  93.9% of ~  19.92MiB at  818.09KiB/s ETA 00:02 (frag 228/244)
2026-01-03 18:44:11,248 [DEBUG] [download]  93.9% of ~  19.92MiB at  818.09KiB/s ETA 00:02 (frag 228/244)
2026-01-03 18:44:11,248 [DEBUG] [download]  93.9% of ~  19.92MiB at  818.09KiB/s ETA 00:02 (frag 228/244)
2026-01-03 18:44:11,248 [DEBUG] [download]  93.9% of ~  19.93MiB at  818.09KiB/s ETA 00:02 (frag 228/244)
2026-01-03 18:44:11,261 [DEBUG] [download]  93.9% of ~  19.93MiB at  818.09KiB/s ETA 00:02 (frag 228/244)
2026-01-03 18:44:11,281 [DEBUG] [download]  94.0% of ~  19.95MiB at  818.09KiB/s ETA 00:02 (frag 228/244)
2026-01-03 18:44:11,282 [DEBUG] [download]  94.0% of ~  19.98MiB at  818.09KiB/s ETA 00:02 (frag 228/244)
2026-01-03 18:44:11,400 [DEBUG] [download]  93.4% of ~  20.13MiB at  818.09KiB/s ETA 00:02 (frag 229/244)
2026-01-03 18:44:11,400 [DEBUG] [download]  94.3% of ~  19.94MiB at  822.44KiB/s ETA 00:02 (frag 229/244)
2026-01-03 18:44:11,401 [DEBUG] [download]  94.3% of ~  19.94MiB at  822.44KiB/s ETA 00:02 (frag 229/244)
2026-01-03 18:44:11,404 [DEBUG] [download]  94.3% of ~  19.94MiB at  822.44KiB/s ETA 00:02 (frag 229/244)
2026-01-03 18:44:11,408 [DEBUG] [download]  94.3% of ~  19.95MiB at  822.44KiB/s ETA 00:02 (frag 229/244)
2026-01-03 18:44:11,421 [DEBUG] [download]  94.3% of ~  19.95MiB at  822.44KiB/s ETA 00:02 (frag 229/244)
2026-01-03 18:44:11,425 [DEBUG] [download]  94.4% of ~  19.97MiB at  822.44KiB/s ETA 00:02 (frag 229/244)
2026-01-03 18:44:11,425 [DEBUG] [download]  94.5% of ~  20.00MiB at  822.44KiB/s ETA 00:02 (frag 229/244)
2026-01-03 18:44:11,617 [DEBUG] [download]  93.7% of ~  20.17MiB at  822.44KiB/s ETA 00:02 (frag 230/244)
2026-01-03 18:44:11,618 [DEBUG] [download]  94.7% of ~  19.97MiB at  831.20KiB/s ETA 00:02 (frag 230/244)
2026-01-03 18:44:11,618 [DEBUG] [download]  94.7% of ~  19.97MiB at  831.20KiB/s ETA 00:02 (frag 230/244)
2026-01-03 18:44:11,619 [DEBUG] [download]  94.7% of ~  19.97MiB at  831.20KiB/s ETA 00:02 (frag 230/244)
2026-01-03 18:44:11,657 [DEBUG] [download]  94.7% of ~  19.97MiB at  831.20KiB/s ETA 00:02 (frag 230/244)
2026-01-03 18:44:11,662 [DEBUG] [download]  94.8% of ~  19.98MiB at  831.20KiB/s ETA 00:02 (frag 230/244)
2026-01-03 18:44:11,666 [DEBUG] [download]  94.8% of ~  20.00MiB at  831.20KiB/s ETA 00:02 (frag 230/244)
2026-01-03 18:44:11,666 [DEBUG] [download]  94.9% of ~  20.03MiB at  831.20KiB/s ETA 00:02 (frag 230/244)
2026-01-03 18:44:11,797 [DEBUG] [download]  94.2% of ~  20.18MiB at  831.20KiB/s ETA 00:02 (frag 231/244)
2026-01-03 18:44:11,798 [DEBUG] [download]  95.1% of ~  19.99MiB at  844.96KiB/s ETA 00:02 (frag 231/244)
2026-01-03 18:44:11,798 [DEBUG] [download]  95.1% of ~  19.99MiB at  844.96KiB/s ETA 00:02 (frag 231/244)
2026-01-03 18:44:11,799 [DEBUG] [download]  95.1% of ~  19.99MiB at  844.96KiB/s ETA 00:02 (frag 231/244)
2026-01-03 18:44:11,799 [DEBUG] [download]  95.1% of ~  19.99MiB at  844.96KiB/s ETA 00:02 (frag 231/244)
2026-01-03 18:44:11,805 [DEBUG] [download]  95.2% of ~  20.00MiB at  844.96KiB/s ETA 00:02 (frag 231/244)
2026-01-03 18:44:11,809 [DEBUG] [download]  95.2% of ~  20.02MiB at  844.96KiB/s ETA 00:02 (frag 231/244)
2026-01-03 18:44:11,810 [DEBUG] [download]  95.3% of ~  20.05MiB at  844.96KiB/s ETA 00:02 (frag 231/244)
2026-01-03 18:44:11,869 [DEBUG] [download]  94.6% of ~  20.21MiB at  844.96KiB/s ETA 00:02 (frag 232/244)
2026-01-03 18:44:11,871 [DEBUG] [download]  95.5% of ~  20.01MiB at  859.11KiB/s ETA 00:02 (frag 232/244)
2026-01-03 18:44:11,872 [DEBUG] [download]  95.5% of ~  20.01MiB at  859.11KiB/s ETA 00:02 (frag 232/244)
2026-01-03 18:44:11,872 [DEBUG] [download]  95.5% of ~  20.01MiB at  859.11KiB/s ETA 00:02 (frag 232/244)
2026-01-03 18:44:11,873 [DEBUG] [download]  95.5% of ~  20.02MiB at  859.11KiB/s ETA 00:02 (frag 232/244)
2026-01-03 18:44:11,879 [DEBUG] [download]  95.6% of ~  20.03MiB at  859.11KiB/s ETA 00:02 (frag 232/244)
2026-01-03 18:44:11,885 [DEBUG] [download]  95.6% of ~  20.04MiB at  859.11KiB/s ETA 00:02 (frag 232/244)
2026-01-03 18:44:11,886 [DEBUG] [download]  95.6% of ~  20.07MiB at  859.11KiB/s ETA 00:02 (frag 232/244)
2026-01-03 18:44:11,943 [DEBUG] [download]  95.1% of ~  20.19MiB at  859.11KiB/s ETA 00:02 (frag 233/244)
2026-01-03 18:44:11,944 [DEBUG] [download]  95.9% of ~  20.01MiB at  866.32KiB/s ETA 00:02 (frag 233/244)
2026-01-03 18:44:11,944 [DEBUG] [download]  95.9% of ~  20.01MiB at  866.32KiB/s ETA 00:02 (frag 233/244)
2026-01-03 18:44:11,945 [DEBUG] [download]  95.9% of ~  20.02MiB at  866.32KiB/s ETA 00:02 (frag 233/244)
2026-01-03 18:44:11,948 [DEBUG] [download]  95.9% of ~  20.02MiB at  866.32KiB/s ETA 00:02 (frag 233/244)
2026-01-03 18:44:11,952 [DEBUG] [download]  96.0% of ~  20.03MiB at  866.32KiB/s ETA 00:02 (frag 233/244)
2026-01-03 18:44:11,957 [DEBUG] [download]  96.1% of ~  20.04MiB at  866.32KiB/s ETA 00:02 (frag 233/244)
2026-01-03 18:44:11,958 [DEBUG] [download]  96.1% of ~  20.08MiB at  866.32KiB/s ETA 00:02 (frag 233/244)
2026-01-03 18:44:12,020 [DEBUG] [download]  95.4% of ~  20.21MiB at  866.32KiB/s ETA 00:02 (frag 234/244)
2026-01-03 18:44:12,020 [DEBUG] [download]  96.3% of ~  20.03MiB at  874.91KiB/s ETA 00:01 (frag 234/244)
2026-01-03 18:44:12,023 [DEBUG] [download]  96.3% of ~  20.03MiB at  874.91KiB/s ETA 00:01 (frag 234/244)
2026-01-03 18:44:12,024 [DEBUG] [download]  96.3% of ~  20.03MiB at  874.91KiB/s ETA 00:01 (frag 234/244)
2026-01-03 18:44:12,025 [DEBUG] [download]  96.4% of ~  20.03MiB at  874.91KiB/s ETA 00:01 (frag 234/244)
2026-01-03 18:44:12,031 [DEBUG] [download]  96.4% of ~  20.04MiB at  874.91KiB/s ETA 00:01 (frag 234/244)
2026-01-03 18:44:12,040 [DEBUG] [download]  96.5% of ~  20.06MiB at  874.91KiB/s ETA 00:01 (frag 234/244)
2026-01-03 18:44:12,041 [DEBUG] [download]  96.5% of ~  20.09MiB at  874.91KiB/s ETA 00:01 (frag 234/244)
2026-01-03 18:44:12,093 [DEBUG] [download]  95.8% of ~  20.25MiB at  874.91KiB/s ETA 00:01 (frag 235/244)
2026-01-03 18:44:12,094 [DEBUG] [download]  96.7% of ~  20.05MiB at  887.36KiB/s ETA 00:01 (frag 235/244)
2026-01-03 18:44:12,095 [DEBUG] [download]  96.7% of ~  20.05MiB at  887.36KiB/s ETA 00:01 (frag 235/244)
2026-01-03 18:44:12,095 [DEBUG] [download]  96.7% of ~  20.06MiB at  887.36KiB/s ETA 00:01 (frag 235/244)
2026-01-03 18:44:12,096 [DEBUG] [download]  96.8% of ~  20.06MiB at  887.36KiB/s ETA 00:01 (frag 235/244)
2026-01-03 18:44:12,101 [DEBUG] [download]  96.8% of ~  20.07MiB at  887.36KiB/s ETA 00:01 (frag 235/244)
2026-01-03 18:44:12,111 [DEBUG] [download]  96.9% of ~  20.08MiB at  887.36KiB/s ETA 00:01 (frag 235/244)
2026-01-03 18:44:12,112 [DEBUG] [download]  97.0% of ~  20.12MiB at  887.36KiB/s ETA 00:01 (frag 235/244)
2026-01-03 18:44:12,166 [DEBUG] [download]  96.2% of ~  20.28MiB at  887.36KiB/s ETA 00:01 (frag 236/244)
2026-01-03 18:44:12,167 [DEBUG] [download]  97.1% of ~  20.08MiB at  896.74KiB/s ETA 00:01 (frag 236/244)
2026-01-03 18:44:12,168 [DEBUG] [download]  97.1% of ~  20.08MiB at  896.74KiB/s ETA 00:01 (frag 236/244)
2026-01-03 18:44:12,168 [DEBUG] [download]  97.2% of ~  20.08MiB at  896.74KiB/s ETA 00:01 (frag 236/244)
2026-01-03 18:44:12,177 [DEBUG] [download]  97.2% of ~  20.09MiB at  896.74KiB/s ETA 00:01 (frag 236/244)
2026-01-03 18:44:12,179 [DEBUG] [download]  97.2% of ~  20.10MiB at  896.74KiB/s ETA 00:01 (frag 236/244)
2026-01-03 18:44:12,179 [DEBUG] [download]  97.3% of ~  20.11MiB at  896.74KiB/s ETA 00:01 (frag 236/244)
2026-01-03 18:44:12,180 [DEBUG] [download]  97.2% of ~  20.14MiB at  896.74KiB/s ETA 00:01 (frag 236/244)
2026-01-03 18:44:12,242 [DEBUG] [download]  96.7% of ~  20.24MiB at  896.74KiB/s ETA 00:01 (frag 237/244)
2026-01-03 18:44:12,242 [DEBUG] [download]  97.5% of ~  20.08MiB at  904.89KiB/s ETA 00:01 (frag 237/244)
2026-01-03 18:44:12,243 [DEBUG] [download]  97.6% of ~  20.08MiB at  904.89KiB/s ETA 00:01 (frag 237/244)
2026-01-03 18:44:12,245 [DEBUG] [download]  97.6% of ~  20.08MiB at  904.89KiB/s ETA 00:01 (frag 237/244)
2026-01-03 18:44:12,246 [DEBUG] [download]  97.6% of ~  20.08MiB at  904.89KiB/s ETA 00:01 (frag 237/244)
2026-01-03 18:44:12,252 [DEBUG] [download]  97.6% of ~  20.09MiB at  904.89KiB/s ETA 00:01 (frag 237/244)
2026-01-03 18:44:12,253 [DEBUG] [download]  97.7% of ~  20.11MiB at  904.89KiB/s ETA 00:01 (frag 237/244)
2026-01-03 18:44:12,253 [DEBUG] [download]  97.6% of ~  20.14MiB at  904.89KiB/s ETA 00:01 (frag 237/244)
2026-01-03 18:44:12,316 [DEBUG] [download]  97.2% of ~  20.23MiB at  904.89KiB/s ETA 00:01 (frag 238/244)
2026-01-03 18:44:12,316 [DEBUG] [download]  98.0% of ~  20.07MiB at  908.37KiB/s ETA 00:01 (frag 238/244)
2026-01-03 18:44:12,317 [DEBUG] [download]  98.0% of ~  20.07MiB at  908.37KiB/s ETA 00:01 (frag 238/244)
2026-01-03 18:44:12,318 [DEBUG] [download]  98.0% of ~  20.07MiB at  908.37KiB/s ETA 00:01 (frag 238/244)
2026-01-03 18:44:12,318 [DEBUG] [download]  98.0% of ~  20.08MiB at  908.37KiB/s ETA 00:01 (frag 238/244)
2026-01-03 18:44:12,321 [DEBUG] [download]  98.0% of ~  20.08MiB at  908.37KiB/s ETA 00:01 (frag 238/244)
2026-01-03 18:44:12,323 [DEBUG] [download]  98.1% of ~  20.10MiB at  908.37KiB/s ETA 00:01 (frag 238/244)
2026-01-03 18:44:12,323 [DEBUG] [download]  98.1% of ~  20.13MiB at  908.37KiB/s ETA 00:01 (frag 238/244)
2026-01-03 18:44:12,388 [DEBUG] [download]  97.5% of ~  20.24MiB at  908.37KiB/s ETA 00:01 (frag 239/244)
2026-01-03 18:44:12,389 [DEBUG] [download]  98.4% of ~  20.07MiB at  908.80KiB/s ETA 00:01 (frag 239/244)
2026-01-03 18:44:12,397 [DEBUG] [download]  98.4% of ~  20.07MiB at  908.80KiB/s ETA 00:01 (frag 239/244)
2026-01-03 18:44:12,398 [DEBUG] [download]  98.4% of ~  20.07MiB at  908.80KiB/s ETA 00:01 (frag 239/244)
2026-01-03 18:44:12,402 [DEBUG] [download]  98.4% of ~  20.08MiB at  908.80KiB/s ETA 00:01 (frag 239/244)
2026-01-03 18:44:12,402 [DEBUG] [download]  98.4% of ~  20.08MiB at  908.80KiB/s ETA 00:01 (frag 239/244)
2026-01-03 18:44:12,402 [DEBUG] [download]  98.4% of ~  20.10MiB at  908.80KiB/s ETA 00:01 (frag 239/244)
2026-01-03 18:44:12,466 [DEBUG] [download]  98.1% of ~  20.17MiB at  908.80KiB/s ETA 00:01 (frag 240/244)
2026-01-03 18:44:12,466 [DEBUG] [download]  98.8% of ~  20.04MiB at  908.89KiB/s ETA 00:01 (frag 240/244)
2026-01-03 18:44:12,467 [DEBUG] [download]  98.8% of ~  20.04MiB at  908.89KiB/s ETA 00:01 (frag 240/244)
2026-01-03 18:44:12,467 [DEBUG] [download]  98.8% of ~  20.04MiB at  908.89KiB/s ETA 00:01 (frag 240/244)
2026-01-03 18:44:12,468 [DEBUG] [download]  98.8% of ~  20.04MiB at  908.89KiB/s ETA 00:01 (frag 240/244)
2026-01-03 18:44:12,472 [DEBUG] [download]  98.8% of ~  20.05MiB at  908.89KiB/s ETA 00:01 (frag 240/244)
2026-01-03 18:44:12,479 [DEBUG] [download]  98.9% of ~  20.07MiB at  908.89KiB/s ETA 00:01 (frag 240/244)
2026-01-03 18:44:12,480 [DEBUG] [download]  99.0% of ~  20.10MiB at  908.89KiB/s ETA 00:01 (frag 240/244)
2026-01-03 18:44:12,540 [DEBUG] [download]  98.2% of ~  20.25MiB at  908.89KiB/s ETA 00:01 (frag 241/244)
2026-01-03 18:44:12,541 [DEBUG] [download]  99.2% of ~  20.06MiB at  910.36KiB/s ETA 00:01 (frag 241/244)
2026-01-03 18:44:12,541 [DEBUG] [download]  99.2% of ~  20.06MiB at  910.36KiB/s ETA 00:01 (frag 241/244)
2026-01-03 18:44:12,543 [DEBUG] [download]  99.2% of ~  20.06MiB at  910.36KiB/s ETA 00:01 (frag 241/244)
2026-01-03 18:44:12,544 [DEBUG] [download]  99.2% of ~  20.07MiB at  910.36KiB/s ETA 00:01 (frag 241/244)
2026-01-03 18:44:12,547 [DEBUG] [download]  99.3% of ~  20.08MiB at  910.36KiB/s ETA 00:01 (frag 241/244)
2026-01-03 18:44:12,550 [DEBUG] [download]  99.3% of ~  20.09MiB at  910.36KiB/s ETA 00:01 (frag 241/244)
2026-01-03 18:44:12,551 [DEBUG] [download]  99.4% of ~  20.12MiB at  910.36KiB/s ETA 00:01 (frag 241/244)
2026-01-03 18:44:12,614 [DEBUG] [download]  98.7% of ~  20.26MiB at  910.36KiB/s ETA 00:01 (frag 242/244)
2026-01-03 18:44:12,614 [DEBUG] [download]  99.6% of ~  20.08MiB at  917.23KiB/s ETA 00:01 (frag 242/244)
2026-01-03 18:44:12,614 [DEBUG] [download]  99.6% of ~  20.08MiB at  917.23KiB/s ETA 00:01 (frag 242/244)
2026-01-03 18:44:12,619 [DEBUG] [download]  99.6% of ~  20.08MiB at  917.23KiB/s ETA 00:01 (frag 242/244)
2026-01-03 18:44:12,706 [DEBUG] [download]  99.6% of ~  20.09MiB at  917.23KiB/s ETA 00:01 (frag 242/244)
2026-01-03 18:44:12,712 [DEBUG] [download]  99.7% of ~  20.09MiB at  914.54KiB/s ETA 00:00 (frag 242/244)
2026-01-03 18:44:12,716 [DEBUG] [download]  99.7% of ~  20.11MiB at  914.54KiB/s ETA 00:00 (frag 242/244)
2026-01-03 18:44:12,717 [DEBUG] [download]  99.7% of ~  20.14MiB at  914.54KiB/s ETA 00:00 (frag 242/244)
2026-01-03 18:44:12,781 [DEBUG] [download]  99.1% of ~  20.26MiB at  914.54KiB/s ETA 00:00 (frag 243/244)
2026-01-03 18:44:12,781 [DEBUG] [download] 100.0% of ~  20.09MiB at  907.85KiB/s ETA 00:00 (frag 243/244)
2026-01-03 18:44:12,782 [DEBUG] [download] 100.0% of ~  20.09MiB at  907.85KiB/s ETA 00:00 (frag 243/244)
2026-01-03 18:44:12,782 [DEBUG] [download] 100.0% of ~  20.09MiB at  907.85KiB/s ETA 00:00 (frag 243/244)
2026-01-03 18:44:12,786 [DEBUG] [download] 100.0% of ~  20.10MiB at  907.85KiB/s ETA 00:00 (frag 243/244)
2026-01-03 18:44:12,790 [DEBUG] [download] 100.0% of ~  20.12MiB at  907.85KiB/s ETA 00:00 (frag 243/244)
2026-01-03 18:44:12,802 [DEBUG] [download] 100.0% of ~  20.15MiB at  907.85KiB/s ETA 00:00 (frag 243/244)
2026-01-03 18:44:12,802 [DEBUG] [download] 100.0% of ~  20.20MiB at  907.85KiB/s ETA 00:00 (frag 243/244)
2026-01-03 18:44:12,806 [DEBUG] [download]  99.5% of ~  20.31MiB at  907.85KiB/s ETA 00:00 (frag 244/244)
2026-01-03 18:44:12,806 [DEBUG] [download] 100% of   20.20MiB in 00:00:25 at 803.55KiB/s
2026-01-03 18:44:12,961 [DEBUG] [ExtractAudio] Destination: /home/simon/Documents/coding/github/ytdown/src/How to speedrun fixing typos [rS4-dTxIHes].mp3
2026-01-03 18:44:21,421 [DEBUG] Deleting original file /home/simon/Documents/coding/github/ytdown/src/How to speedrun fixing typos [rS4-dTxIHes].mp4 (pass -k to keep)
2026-01-03 18:47:03,019 [INFO] Fetching metadata for URL: https://www.youtube.com/watch?v=rS4-dTxIHes
2026-01-03 18:47:06,340 [INFO] Metadata loaded: How to speedrun fixing typos
2026-01-03 18:47:17,346 [INFO] Starting download with args: ['https://www.youtube.com/watch?v=rS4-dTxIHes', '-P', '/home/simon/Documents/coding/github/ytdown/src', '-x', '--audio-format', 'mp3']
2026-01-03 18:47:18,034 [DEBUG] [youtube] Extracting URL: https://www.youtube.com/watch?v=rS4-dTxIHes
2026-01-03 18:47:18,034 [DEBUG] [youtube] rS4-dTxIHes: Downloading webpage
2026-01-03 18:47:19,159 [DEBUG] [youtube] rS4-dTxIHes: Downloading tv client config
2026-01-03 18:47:19,327 [DEBUG] [youtube] rS4-dTxIHes: Downloading tv player API JSON
2026-01-03 18:47:19,412 [DEBUG] [youtube] rS4-dTxIHes: Downloading ios player API JSON
2026-01-03 18:47:19,587 [DEBUG] [youtube] rS4-dTxIHes: Downloading player 50cc0679-player_es6_vflset_en_US_base
2026-01-03 18:47:20,070 [DEBUG] WARNING: [youtube] Falling back to generic n function search
2026-01-03 18:47:20,070 [DEBUG] player = https://www.youtube.com/s/player/50cc0679/player_es6.vflset/en_US/base.js
2026-01-03 18:47:20,080 [DEBUG] WARNING: [youtube] rS4-dTxIHes: nsig extraction failed: Some formats may be missing
2026-01-03 18:47:20,080 [DEBUG] n = cHyz9lCTBre0mcZqwM ; player = https://www.youtube.com/s/player/50cc0679/player_es6.vflset/en_US/base.js
2026-01-03 18:47:20,080 [DEBUG] Please report this issue on  https://github.com/yt-dlp/yt-dlp/issues?q= , filling out the appropriate issue template. Confirm you are on the latest version using  yt-dlp -U
2026-01-03 18:47:20,080 [DEBUG] WARNING: [youtube] rS4-dTxIHes: Some web client https formats have been skipped as they are missing a url. YouTube is forcing SABR streaming for this client. See  https://github.com/yt-dlp/yt-dlp/issues/12482  for more details
2026-01-03 18:47:20,080 [DEBUG] [youtube] rS4-dTxIHes: Downloading m3u8 information
2026-01-03 18:47:20,539 [DEBUG] [info] rS4-dTxIHes: Downloading 1 format(s): 234
2026-01-03 18:47:20,548 [DEBUG] [download] /home/simon/Documents/coding/github/ytdown/src/How to speedrun fixing typos [rS4-dTxIHes].mp3 has already been downloaded
2026-01-03 18:47:20,696 [DEBUG] [ExtractAudio] Not converting audio /home/simon/Documents/coding/github/ytdown/src/How to speedrun fixing typos [rS4-dTxIHes].mp3; file is already in target format mp3
2026-01-03 18:47:31,180 [INFO] Starting download with args: ['https://www.youtube.com/watch?v=rS4-dTxIHes', '-P', '/home/simon/Documents/coding/github/ytdown/src', '-x', '--audio-format', 'mp3']
2026-01-03 18:47:31,871 [DEBUG] [youtube] Extracting URL: https://www.youtube.com/watch?v=rS4-dTxIHes
2026-01-03 18:47:31,871 [DEBUG] [youtube] rS4-dTxIHes: Downloading webpage
2026-01-03 18:47:32,827 [DEBUG] [youtube] rS4-dTxIHes: Downloading tv client config
2026-01-03 18:47:32,934 [DEBUG] [youtube] rS4-dTxIHes: Downloading tv player API JSON
2026-01-03 18:47:33,060 [DEBUG] [youtube] rS4-dTxIHes: Downloading ios player API JSON
2026-01-03 18:47:33,242 [DEBUG] [youtube] rS4-dTxIHes: Downloading player 50cc0679-player_es6_vflset_en_US_base
2026-01-03 18:47:33,746 [DEBUG] WARNING: [youtube] Falling back to generic n function search
2026-01-03 18:47:33,746 [DEBUG] player = https://www.youtube.com/s/player/50cc0679/player_es6.vflset/en_US/base.js
2026-01-03 18:47:33,755 [DEBUG] WARNING: [youtube] rS4-dTxIHes: nsig extraction failed: Some formats may be missing
2026-01-03 18:47:33,755 [DEBUG] n = LrHqtWBAQqkDAS20SS ; player = https://www.youtube.com/s/player/50cc0679/player_es6.vflset/en_US/base.js
2026-01-03 18:47:33,755 [DEBUG] Please report this issue on  https://github.com/yt-dlp/yt-dlp/issues?q= , filling out the appropriate issue template. Confirm you are on the latest version using  yt-dlp -U
2026-01-03 18:47:33,755 [DEBUG] WARNING: [youtube] rS4-dTxIHes: Some web client https formats have been skipped as they are missing a url. YouTube is forcing SABR streaming for this client. See  https://github.com/yt-dlp/yt-dlp/issues/12482  for more details
2026-01-03 18:47:33,756 [DEBUG] [youtube] rS4-dTxIHes: Downloading m3u8 information
2026-01-03 18:47:34,177 [DEBUG] [info] rS4-dTxIHes: Downloading 1 format(s): 234
2026-01-03 18:47:34,185 [DEBUG] [hlsnative] Downloading m3u8 manifest
2026-01-03 18:47:34,409 [DEBUG] [hlsnative] Total fragments: 244
2026-01-03 18:47:34,409 [DEBUG] [download] Destination: /home/simon/Documents/coding/github/ytdown/src/How to speedrun fixing typos [rS4-dTxIHes].mp4
2026-01-03 18:47:34,593 [DEBUG] 
2026-01-03 18:47:34,593 [DEBUG] [download] 100.0% of ~   1.00KiB at    1.63KiB/s ETA Unknown (frag 0/244)
2026-01-03 18:47:34,593 [DEBUG] [download]   1.2% of ~ 244.00KiB at    1.63KiB/s ETA Unknown (frag 0/244)
2026-01-03 18:47:34,594 [DEBUG] [download]   1.0% of ~ 732.00KiB at    1.63KiB/s ETA Unknown (frag 0/244)
2026-01-03 18:47:34,595 [DEBUG] [download]   0.9% of ~   1.67MiB at    1.63KiB/s ETA Unknown (frag 0/244)
2026-01-03 18:47:34,606 [DEBUG] [download]   0.8% of ~   3.57MiB at    1.63KiB/s ETA Unknown (frag 0/244)
2026-01-03 18:47:34,607 [DEBUG] [download]   0.8% of ~   7.39MiB at    1.63KiB/s ETA Unknown (frag 0/244)
2026-01-03 18:47:34,665 [DEBUG] [download]   0.2% of ~  28.65MiB at    1.63KiB/s ETA Unknown (frag 1/244)
2026-01-03 18:47:34,665 [DEBUG] [download]   0.8% of ~   7.16MiB at   72.93KiB/s ETA Unknown (frag 1/244)
2026-01-03 18:47:34,665 [DEBUG] [download]   0.8% of ~   7.28MiB at   72.93KiB/s ETA Unknown (frag 1/244)
2026-01-03 18:47:34,671 [DEBUG] [download]   0.9% of ~   7.52MiB at   72.93KiB/s ETA Unknown (frag 1/244)
2026-01-03 18:47:34,671 [DEBUG] [download]   0.9% of ~   8.00MiB at   72.93KiB/s ETA Unknown (frag 1/244)
2026-01-03 18:47:34,677 [DEBUG] [download]   1.0% of ~   8.95MiB at   72.93KiB/s ETA Unknown (frag 1/244)
2026-01-03 18:47:34,695 [DEBUG] [download]   1.1% of ~  10.86MiB at   72.93KiB/s ETA Unknown (frag 1/244)
2026-01-03 18:47:34,695 [DEBUG] [download]   0.9% of ~  14.67MiB at   72.93KiB/s ETA Unknown (frag 1/244)
2026-01-03 18:47:34,739 [DEBUG] [download]   0.5% of ~  26.17MiB at   72.93KiB/s ETA Unknown (frag 2/244)
2026-01-03 18:47:34,739 [DEBUG] [download]   1.2% of ~  11.11MiB at  179.38KiB/s ETA Unknown (frag 2/244)
2026-01-03 18:47:34,739 [DEBUG] [download]   1.2% of ~  11.19MiB at  179.38KiB/s ETA Unknown (frag 2/244)
2026-01-03 18:47:34,740 [DEBUG] [download]   1.3% of ~  11.35MiB at  179.38KiB/s ETA Unknown (frag 2/244)
2026-01-03 18:47:34,741 [DEBUG] [download]   1.3% of ~  11.67MiB at  179.38KiB/s ETA Unknown (frag 2/244)
2026-01-03 18:47:34,747 [DEBUG] [download]   1.4% of ~  12.30MiB at  179.38KiB/s ETA Unknown (frag 2/244)
2026-01-03 18:47:34,748 [DEBUG] [download]   1.4% of ~  13.57MiB at  179.38KiB/s ETA Unknown (frag 2/244)
2026-01-03 18:47:34,819 [DEBUG] [download]   1.0% of ~  20.01MiB at  179.38KiB/s ETA Unknown (frag 3/244)
2026-01-03 18:47:34,819 [DEBUG] [download]   1.6% of ~  11.67MiB at  269.71KiB/s ETA Unknown (frag 3/244)
2026-01-03 18:47:34,820 [DEBUG] [download]   1.7% of ~  11.73MiB at  269.71KiB/s ETA Unknown (frag 3/244)
2026-01-03 18:47:34,821 [DEBUG] [download]   1.7% of ~  11.85MiB at  269.71KiB/s ETA Unknown (frag 3/244)
2026-01-03 18:47:34,822 [DEBUG] [download]   1.7% of ~  12.09MiB at  269.71KiB/s ETA Unknown (frag 3/244)
2026-01-03 18:47:34,827 [DEBUG] [download]   1.8% of ~  12.56MiB at  269.71KiB/s ETA Unknown (frag 3/244)
2026-01-03 18:47:34,848 [DEBUG] [download]   1.9% of ~  13.52MiB at  269.71KiB/s ETA Unknown (frag 3/244)
2026-01-03 18:47:34,849 [DEBUG] [download]   1.9% of ~  15.42MiB at  269.71KiB/s ETA Unknown (frag 3/244)
2026-01-03 18:47:34,969 [DEBUG] [download]   1.2% of ~  23.32MiB at  269.71KiB/s ETA Unknown (frag 4/244)
2026-01-03 18:47:34,969 [DEBUG] [download]   2.1% of ~  14.00MiB at  346.82KiB/s ETA Unknown (frag 4/244)
2026-01-03 18:47:34,981 [DEBUG] [download]   2.1% of ~  14.04MiB at  346.82KiB/s ETA Unknown (frag 4/244)
2026-01-03 18:47:34,984 [DEBUG] [download]   2.1% of ~  14.14MiB at  346.82KiB/s ETA Unknown (frag 4/244)
2026-01-03 18:47:34,985 [DEBUG] [download]   2.1% of ~  14.33MiB at  346.82KiB/s ETA Unknown (frag 4/244)
2026-01-03 18:47:34,991 [DEBUG] [download]   2.2% of ~  14.71MiB at  346.82KiB/s ETA Unknown (frag 4/244)
2026-01-03 18:47:34,993 [DEBUG] [download]   2.3% of ~  15.47MiB at  346.82KiB/s ETA Unknown (frag 4/244)
2026-01-03 18:47:34,993 [DEBUG] [download]   2.3% of ~  17.00MiB at  346.82KiB/s ETA Unknown (frag 4/244)
2026-01-03 18:47:35,050 [DEBUG] [download]   1.6% of ~  24.58MiB at  346.82KiB/s ETA Unknown (frag 5/244)
2026-01-03 18:47:35,051 [DEBUG] [download]   2.5% of ~  16.08MiB at  432.61KiB/s ETA Unknown (frag 5/244)
2026-01-03 18:47:35,051 [DEBUG] [download]   2.5% of ~  16.11MiB at  432.61KiB/s ETA Unknown (frag 5/244)
2026-01-03 18:47:35,052 [DEBUG] [download]   2.5% of ~  16.19MiB at  432.61KiB/s ETA Unknown (frag 5/244)
2026-01-03 18:47:35,054 [DEBUG] [download]   2.5% of ~  16.35MiB at  432.61KiB/s ETA Unknown (frag 5/244)
2026-01-03 18:47:35,074 [DEBUG] [download]   2.6% of ~  16.67MiB at  432.61KiB/s ETA Unknown (frag 5/244)
2026-01-03 18:47:35,077 [DEBUG] [download]   2.6% of ~  17.31MiB at  432.61KiB/s ETA Unknown (frag 5/244)
2026-01-03 18:47:35,078 [DEBUG] [download]   2.6% of ~  18.58MiB at  432.61KiB/s ETA Unknown (frag 5/244)
2026-01-03 18:47:35,123 [DEBUG] [download]   2.1% of ~  23.53MiB at  432.61KiB/s ETA Unknown (frag 6/244)
2026-01-03 18:47:35,123 [DEBUG] [download]   2.9% of ~  16.97MiB at  512.87KiB/s ETA Unknown (frag 6/244)
2026-01-03 18:47:35,124 [DEBUG] [download]   2.9% of ~  17.01MiB at  512.87KiB/s ETA Unknown (frag 6/244)
2026-01-03 18:47:35,129 [DEBUG] [download]   2.9% of ~  17.07MiB at  512.87KiB/s ETA Unknown (frag 6/244)
2026-01-03 18:47:35,131 [DEBUG] [download]   2.9% of ~  17.21MiB at  512.87KiB/s ETA Unknown (frag 6/244)
2026-01-03 18:47:35,132 [DEBUG] [download]   3.0% of ~  17.48MiB at  512.87KiB/s ETA Unknown (frag 6/244)
2026-01-03 18:47:35,132 [DEBUG] [download]   3.0% of ~  18.03MiB at  512.87KiB/s ETA Unknown (frag 6/244)
2026-01-03 18:47:35,192 [DEBUG] [download]   2.6% of ~  20.19MiB at  512.87KiB/s ETA Unknown (frag 7/244)
2026-01-03 18:47:35,192 [DEBUG] [download]   3.3% of ~  16.26MiB at  568.63KiB/s ETA Unknown (frag 7/244)
2026-01-03 18:47:35,193 [DEBUG] [download]   3.3% of ~  16.29MiB at  568.63KiB/s ETA Unknown (frag 7/244)
2026-01-03 18:47:35,202 [DEBUG] [download]   3.3% of ~  16.35MiB at  568.63KiB/s ETA Unknown (frag 7/244)
2026-01-03 18:47:35,203 [DEBUG] [download]   3.3% of ~  16.47MiB at  568.63KiB/s ETA Unknown (frag 7/244)
2026-01-03 18:47:35,207 [DEBUG] [download]   3.4% of ~  16.71MiB at  568.63KiB/s ETA Unknown (frag 7/244)
2026-01-03 18:47:35,208 [DEBUG] [download]   3.5% of ~  17.18MiB at  568.63KiB/s ETA Unknown (frag 7/244)
2026-01-03 18:47:35,208 [DEBUG] [download]   3.4% of ~  18.14MiB at  568.63KiB/s ETA Unknown (frag 7/244)
2026-01-03 18:47:35,271 [DEBUG] [download]   2.9% of ~  21.80MiB at  568.63KiB/s ETA Unknown (frag 8/244)
2026-01-03 18:47:35,274 [DEBUG] [download]   3.7% of ~  16.91MiB at  620.81KiB/s ETA Unknown (frag 8/244)
2026-01-03 18:47:35,274 [DEBUG] [download]   3.7% of ~  16.94MiB at  620.81KiB/s ETA Unknown (frag 8/244)
2026-01-03 18:47:35,275 [DEBUG] [download]   3.7% of ~  16.99MiB at  620.81KiB/s ETA Unknown (frag 8/244)
2026-01-03 18:47:35,277 [DEBUG] [download]   3.7% of ~  17.10MiB at  620.81KiB/s ETA Unknown (frag 8/244)
2026-01-03 18:47:35,279 [DEBUG] [download]   3.8% of ~  17.31MiB at  620.81KiB/s ETA Unknown (frag 8/244)
2026-01-03 18:47:35,281 [DEBUG] [download]   3.9% of ~  17.73MiB at  620.81KiB/s ETA Unknown (frag 8/244)
2026-01-03 18:47:35,281 [DEBUG] [download]   3.8% of ~  18.58MiB at  620.81KiB/s ETA Unknown (frag 8/244)
2026-01-03 18:47:35,343 [DEBUG] [download]   3.3% of ~  21.64MiB at  620.81KiB/s ETA Unknown (frag 9/244)
2026-01-03 18:47:35,343 [DEBUG] [download]   4.1% of ~  17.35MiB at  668.92KiB/s ETA Unknown (frag 9/244)
2026-01-03 18:47:35,344 [DEBUG] [download]   4.1% of ~  17.37MiB at  668.92KiB/s ETA Unknown (frag 9/244)
2026-01-03 18:47:35,345 [DEBUG] [download]   4.1% of ~  17.42MiB at  668.92KiB/s ETA Unknown (frag 9/244)
2026-01-03 18:47:35,345 [DEBUG] [download]   4.1% of ~  17.52MiB at  668.92KiB/s ETA Unknown (frag 9/244)
2026-01-03 18:47:35,348 [DEBUG] [download]   4.2% of ~  17.71MiB at  668.92KiB/s ETA Unknown (frag 9/244)
2026-01-03 18:47:35,351 [DEBUG] [download]   4.3% of ~  18.09MiB at  668.92KiB/s ETA Unknown (frag 9/244)
2026-01-03 18:47:35,351 [DEBUG] [download]   4.2% of ~  18.85MiB at  668.92KiB/s ETA Unknown (frag 9/244)
2026-01-03 18:47:35,415 [DEBUG] [download]   3.7% of ~  21.67MiB at  668.92KiB/s ETA Unknown (frag 10/244)
2026-01-03 18:47:35,415 [DEBUG] [download]   4.5% of ~  17.74MiB at  712.77KiB/s ETA 00:21 (frag 10/244)
2026-01-03 18:47:35,419 [DEBUG] [download]   4.5% of ~  17.76MiB at  712.77KiB/s ETA 00:21 (frag 10/244)
2026-01-03 18:47:35,420 [DEBUG] [download]   4.5% of ~  17.80MiB at  712.77KiB/s ETA 00:21 (frag 10/244)
2026-01-03 18:47:35,421 [DEBUG] [download]   4.6% of ~  17.89MiB at  712.77KiB/s ETA 00:21 (frag 10/244)
2026-01-03 18:47:35,423 [DEBUG] [download]   4.6% of ~  18.06MiB at  712.77KiB/s ETA 00:21 (frag 10/244)
2026-01-03 18:47:35,431 [DEBUG] [download]   4.7% of ~  18.41MiB at  712.77KiB/s ETA 00:21 (frag 10/244)
2026-01-03 18:47:35,433 [DEBUG] [download]   4.6% of ~  19.10MiB at  712.77KiB/s ETA 00:21 (frag 10/244)
2026-01-03 18:47:35,547 [DEBUG] [download]   4.1% of ~  21.28MiB at  712.77KiB/s ETA 00:21 (frag 11/244)
2026-01-03 18:47:35,547 [DEBUG] [download]   4.9% of ~  17.88MiB at  736.64KiB/s ETA 00:21 (frag 11/244)
2026-01-03 18:47:35,548 [DEBUG] [download]   4.9% of ~  17.90MiB at  736.64KiB/s ETA 00:21 (frag 11/244)
2026-01-03 18:47:35,548 [DEBUG] [download]   4.9% of ~  17.94MiB at  736.64KiB/s ETA 00:21 (frag 11/244)
2026-01-03 18:47:35,549 [DEBUG] [download]   5.0% of ~  18.02MiB at  736.64KiB/s ETA 00:21 (frag 11/244)
2026-01-03 18:47:35,550 [DEBUG] [download]   5.0% of ~  18.18MiB at  736.64KiB/s ETA 00:21 (frag 11/244)
2026-01-03 18:47:35,550 [DEBUG] [download]   5.0% of ~  18.50MiB at  736.64KiB/s ETA 00:21 (frag 11/244)
2026-01-03 18:47:35,805 [DEBUG] [download]   4.7% of ~  19.78MiB at  736.64KiB/s ETA 00:21 (frag 12/244)
2026-01-03 18:47:35,806 [DEBUG] [download]   5.3% of ~  17.38MiB at  719.66KiB/s ETA 00:21 (frag 12/244)
2026-01-03 18:47:35,811 [DEBUG] [download]   5.3% of ~  17.40MiB at  719.66KiB/s ETA 00:21 (frag 12/244)
2026-01-03 18:47:35,811 [DEBUG] [download]   5.4% of ~  17.44MiB at  719.66KiB/s ETA 00:21 (frag 12/244)
2026-01-03 18:47:35,813 [DEBUG] [download]   5.4% of ~  17.51MiB at  719.66KiB/s ETA 00:21 (frag 12/244)
2026-01-03 18:47:35,816 [DEBUG] [download]   5.4% of ~  17.66MiB at  719.66KiB/s ETA 00:21 (frag 12/244)
2026-01-03 18:47:35,820 [DEBUG] [download]   5.5% of ~  17.95MiB at  719.66KiB/s ETA 00:21 (frag 12/244)
2026-01-03 18:47:35,821 [DEBUG] [download]   5.6% of ~  18.54MiB at  719.66KiB/s ETA 00:21 (frag 12/244)
2026-01-03 18:47:35,884 [DEBUG] [download]   4.8% of ~  21.47MiB at  719.66KiB/s ETA 00:21 (frag 13/244)
2026-01-03 18:47:35,885 [DEBUG] [download]   5.7% of ~  18.04MiB at  719.53KiB/s ETA 00:21 (frag 13/244)
2026-01-03 18:47:35,885 [DEBUG] [download]   5.7% of ~  18.06MiB at  719.53KiB/s ETA 00:21 (frag 13/244)
2026-01-03 18:47:35,886 [DEBUG] [download]   5.8% of ~  18.09MiB at  719.53KiB/s ETA 00:21 (frag 13/244)
2026-01-03 18:47:35,887 [DEBUG] [download]   5.8% of ~  18.16MiB at  719.53KiB/s ETA 00:21 (frag 13/244)
2026-01-03 18:47:35,894 [DEBUG] [download]   5.8% of ~  18.30MiB at  719.53KiB/s ETA 00:21 (frag 13/244)
2026-01-03 18:47:35,895 [DEBUG] [download]   5.8% of ~  18.57MiB at  719.53KiB/s ETA 00:21 (frag 13/244)
2026-01-03 18:47:35,955 [DEBUG] [download]   5.5% of ~  19.75MiB at  719.53KiB/s ETA 00:21 (frag 14/244)
2026-01-03 18:47:35,955 [DEBUG] [download]   6.2% of ~  17.63MiB at  719.34KiB/s ETA 00:22 (frag 14/244)
2026-01-03 18:47:35,955 [DEBUG] [download]   6.2% of ~  17.65MiB at  719.34KiB/s ETA 00:22 (frag 14/244)
2026-01-03 18:47:35,959 [DEBUG] [download]   6.2% of ~  17.68MiB at  719.34KiB/s ETA 00:22 (frag 14/244)
2026-01-03 18:47:35,963 [DEBUG] [download]   6.2% of ~  17.74MiB at  719.34KiB/s ETA 00:22 (frag 14/244)
2026-01-03 18:47:35,965 [DEBUG] [download]   6.2% of ~  17.87MiB at  719.34KiB/s ETA 00:22 (frag 14/244)
2026-01-03 18:47:35,966 [DEBUG] [download]   6.3% of ~  18.13MiB at  719.34KiB/s ETA 00:22 (frag 14/244)
2026-01-03 18:47:35,966 [DEBUG] [download]   6.2% of ~  18.63MiB at  719.34KiB/s ETA 00:22 (frag 14/244)
2026-01-03 18:47:36,031 [DEBUG] [download]   5.8% of ~  20.06MiB at  719.34KiB/s ETA 00:22 (frag 15/244)
2026-01-03 18:47:36,032 [DEBUG] [download]   6.6% of ~  17.67MiB at  723.17KiB/s ETA 00:22 (frag 15/244)
2026-01-03 18:47:36,032 [DEBUG] [download]   6.6% of ~  17.68MiB at  723.17KiB/s ETA 00:22 (frag 15/244)
2026-01-03 18:47:36,033 [DEBUG] [download]   6.6% of ~  17.71MiB at  723.17KiB/s ETA 00:22 (frag 15/244)
2026-01-03 18:47:36,034 [DEBUG] [download]   6.6% of ~  17.77MiB at  723.17KiB/s ETA 00:22 (frag 15/244)
2026-01-03 18:47:36,039 [DEBUG] [download]   6.6% of ~  17.89MiB at  723.17KiB/s ETA 00:22 (frag 15/244)
2026-01-03 18:47:36,039 [DEBUG] [download]   6.7% of ~  18.13MiB at  723.17KiB/s ETA 00:22 (frag 15/244)
2026-01-03 18:47:36,106 [DEBUG] [download]   6.3% of ~  19.45MiB at  723.17KiB/s ETA 00:22 (frag 16/244)
2026-01-03 18:47:36,106 [DEBUG] [download]   7.0% of ~  17.47MiB at  726.74KiB/s ETA 00:22 (frag 16/244)
2026-01-03 18:47:36,107 [DEBUG] [download]   7.0% of ~  17.48MiB at  726.74KiB/s ETA 00:22 (frag 16/244)
2026-01-03 18:47:36,108 [DEBUG] [download]   7.0% of ~  17.51MiB at  726.74KiB/s ETA 00:22 (frag 16/244)
2026-01-03 18:47:36,108 [DEBUG] [download]   7.0% of ~  17.56MiB at  726.74KiB/s ETA 00:22 (frag 16/244)
2026-01-03 18:47:36,114 [DEBUG] [download]   7.1% of ~  17.68MiB at  726.74KiB/s ETA 00:22 (frag 16/244)
2026-01-03 18:47:36,120 [DEBUG] [download]   7.1% of ~  17.90MiB at  726.74KiB/s ETA 00:22 (frag 16/244)
2026-01-03 18:47:36,120 [DEBUG] [download]   7.1% of ~  18.35MiB at  726.74KiB/s ETA 00:22 (frag 16/244)
2026-01-03 18:47:36,195 [DEBUG] [download]   6.5% of ~  19.93MiB at  726.74KiB/s ETA 00:22 (frag 17/244)
2026-01-03 18:47:36,196 [DEBUG] [download]   7.4% of ~  17.66MiB at  732.95KiB/s ETA 00:22 (frag 17/244)
2026-01-03 18:47:36,196 [DEBUG] [download]   7.4% of ~  17.67MiB at  732.95KiB/s ETA 00:22 (frag 17/244)
2026-01-03 18:47:36,198 [DEBUG] [download]   7.4% of ~  17.70MiB at  732.95KiB/s ETA 00:22 (frag 17/244)
2026-01-03 18:47:36,207 [DEBUG] [download]   7.4% of ~  17.75MiB at  732.95KiB/s ETA 00:22 (frag 17/244)
2026-01-03 18:47:36,208 [DEBUG] [download]   7.5% of ~  17.86MiB at  732.95KiB/s ETA 00:22 (frag 17/244)
2026-01-03 18:47:36,208 [DEBUG] [download]   7.5% of ~  18.07MiB at  732.95KiB/s ETA 00:22 (frag 17/244)
2026-01-03 18:47:36,256 [DEBUG] [download]   7.1% of ~  18.97MiB at  732.95KiB/s ETA 00:22 (frag 18/244)
2026-01-03 18:47:36,257 [DEBUG] [download]   7.8% of ~  17.35MiB at  737.96KiB/s ETA 00:22 (frag 18/244)
2026-01-03 18:47:36,257 [DEBUG] [download]   7.8% of ~  17.36MiB at  737.96KiB/s ETA 00:22 (frag 18/244)
2026-01-03 18:47:36,258 [DEBUG] [download]   7.8% of ~  17.39MiB at  737.96KiB/s ETA 00:22 (frag 18/244)
2026-01-03 18:47:36,260 [DEBUG] [download]   7.8% of ~  17.44MiB at  737.96KiB/s ETA 00:22 (frag 18/244)
2026-01-03 18:47:36,263 [DEBUG] [download]   7.9% of ~  17.54MiB at  737.96KiB/s ETA 00:22 (frag 18/244)
2026-01-03 18:47:36,273 [DEBUG] [download]   8.0% of ~  17.74MiB at  737.96KiB/s ETA 00:22 (frag 18/244)
2026-01-03 18:47:36,273 [DEBUG] [download]   8.0% of ~  18.14MiB at  737.96KiB/s ETA 00:22 (frag 18/244)
2026-01-03 18:47:36,328 [DEBUG] [download]   7.3% of ~  20.02MiB at  737.96KiB/s ETA 00:22 (frag 19/244)
2026-01-03 18:47:36,329 [DEBUG] [download]   8.2% of ~  17.75MiB at  749.62KiB/s ETA 00:22 (frag 19/244)
2026-01-03 18:47:36,332 [DEBUG] [download]   8.2% of ~  17.76MiB at  749.62KiB/s ETA 00:22 (frag 19/244)
2026-01-03 18:47:36,332 [DEBUG] [download]   8.2% of ~  17.79MiB at  749.62KiB/s ETA 00:22 (frag 19/244)
2026-01-03 18:47:36,333 [DEBUG] [download]   8.2% of ~  17.84MiB at  749.62KiB/s ETA 00:22 (frag 19/244)
2026-01-03 18:47:36,339 [DEBUG] [download]   8.3% of ~  17.93MiB at  749.62KiB/s ETA 00:22 (frag 19/244)
2026-01-03 18:47:36,340 [DEBUG] [download]   8.3% of ~  18.12MiB at  749.62KiB/s ETA 00:22 (frag 19/244)
2026-01-03 18:47:36,405 [DEBUG] [download]   7.9% of ~  19.13MiB at  749.62KiB/s ETA 00:22 (frag 20/244)
2026-01-03 18:47:36,405 [DEBUG] [download]   8.6% of ~  17.56MiB at  757.55KiB/s ETA 00:22 (frag 20/244)
2026-01-03 18:47:36,406 [DEBUG] [download]   8.6% of ~  17.57MiB at  757.55KiB/s ETA 00:22 (frag 20/244)
2026-01-03 18:47:36,406 [DEBUG] [download]   8.6% of ~  17.60MiB at  757.55KiB/s ETA 00:22 (frag 20/244)
2026-01-03 18:47:36,407 [DEBUG] [download]   8.7% of ~  17.64MiB at  757.55KiB/s ETA 00:22 (frag 20/244)
2026-01-03 18:47:36,411 [DEBUG] [download]   8.7% of ~  17.73MiB at  757.55KiB/s ETA 00:22 (frag 20/244)
2026-01-03 18:47:36,411 [DEBUG] [download]   8.8% of ~  17.91MiB at  757.55KiB/s ETA 00:22 (frag 20/244)
2026-01-03 18:47:36,477 [DEBUG] [download]   8.3% of ~  18.87MiB at  757.55KiB/s ETA 00:22 (frag 21/244)
2026-01-03 18:47:36,478 [DEBUG] [download]   9.0% of ~  17.39MiB at  763.33KiB/s ETA 00:21 (frag 21/244)
2026-01-03 18:47:36,478 [DEBUG] [download]   9.0% of ~  17.40MiB at  763.33KiB/s ETA 00:21 (frag 21/244)
2026-01-03 18:47:36,479 [DEBUG] [download]   9.0% of ~  17.42MiB at  763.33KiB/s ETA 00:21 (frag 21/244)
2026-01-03 18:47:36,481 [DEBUG] [download]   9.1% of ~  17.46MiB at  763.33KiB/s ETA 00:21 (frag 21/244)
2026-01-03 18:47:36,484 [DEBUG] [download]   9.1% of ~  17.55MiB at  763.33KiB/s ETA 00:21 (frag 21/244)
2026-01-03 18:47:36,485 [DEBUG] [download]   9.2% of ~  17.72MiB at  763.33KiB/s ETA 00:21 (frag 21/244)
2026-01-03 18:47:36,485 [DEBUG] [download]   9.0% of ~  18.07MiB at  763.33KiB/s ETA 00:21 (frag 21/244)
2026-01-03 18:47:36,555 [DEBUG] [download]   8.7% of ~  18.86MiB at  763.33KiB/s ETA 00:21 (frag 22/244)
2026-01-03 18:47:36,556 [DEBUG] [download]   9.4% of ~  17.33MiB at  768.38KiB/s ETA 00:21 (frag 22/244)
2026-01-03 18:47:36,556 [DEBUG] [download]   9.4% of ~  17.34MiB at  768.38KiB/s ETA 00:21 (frag 22/244)
2026-01-03 18:47:36,557 [DEBUG] [download]   9.4% of ~  17.36MiB at  768.38KiB/s ETA 00:21 (frag 22/244)
2026-01-03 18:47:36,559 [DEBUG] [download]   9.5% of ~  17.41MiB at  768.38KiB/s ETA 00:21 (frag 22/244)
2026-01-03 18:47:36,566 [DEBUG] [download]   9.5% of ~  17.49MiB at  768.38KiB/s ETA 00:21 (frag 22/244)
2026-01-03 18:47:36,567 [DEBUG] [download]   9.6% of ~  17.65MiB at  768.38KiB/s ETA 00:21 (frag 22/244)
2026-01-03 18:47:36,630 [DEBUG] [download]   9.1% of ~  18.56MiB at  768.38KiB/s ETA 00:21 (frag 23/244)
2026-01-03 18:47:36,630 [DEBUG] [download]   9.8% of ~  17.20MiB at  772.00KiB/s ETA 00:21 (frag 23/244)
2026-01-03 18:47:36,634 [DEBUG] [download]   9.8% of ~  17.21MiB at  772.00KiB/s ETA 00:21 (frag 23/244)
2026-01-03 18:47:36,635 [DEBUG] [download]   9.9% of ~  17.23MiB at  772.00KiB/s ETA 00:21 (frag 23/244)
2026-01-03 18:47:36,637 [DEBUG] [download]   9.9% of ~  17.27MiB at  772.00KiB/s ETA 00:21 (frag 23/244)
2026-01-03 18:47:36,643 [DEBUG] [download]   9.9% of ~  17.35MiB at  772.00KiB/s ETA 00:21 (frag 23/244)
2026-01-03 18:47:36,643 [DEBUG] [download]  10.0% of ~  17.50MiB at  772.00KiB/s ETA 00:21 (frag 23/244)
2026-01-03 18:47:36,644 [DEBUG] [download]   9.9% of ~  17.82MiB at  772.00KiB/s ETA 00:21 (frag 23/244)
2026-01-03 18:47:36,703 [DEBUG] [download]   9.5% of ~  18.54MiB at  772.00KiB/s ETA 00:21 (frag 24/244)
2026-01-03 18:47:36,704 [DEBUG] [download]  10.3% of ~  17.15MiB at  775.86KiB/s ETA 00:21 (frag 24/244)
2026-01-03 18:47:36,705 [DEBUG] [download]  10.3% of ~  17.16MiB at  775.86KiB/s ETA 00:21 (frag 24/244)
2026-01-03 18:47:36,705 [DEBUG] [download]  10.3% of ~  17.18MiB at  775.86KiB/s ETA 00:21 (frag 24/244)
2026-01-03 18:47:36,711 [DEBUG] [download]  10.3% of ~  17.22MiB at  775.86KiB/s ETA 00:21 (frag 24/244)
2026-01-03 18:47:36,711 [DEBUG] [download]  10.3% of ~  17.30MiB at  775.86KiB/s ETA 00:21 (frag 24/244)
2026-01-03 18:47:36,714 [DEBUG] [download]  10.4% of ~  17.45MiB at  775.86KiB/s ETA 00:21 (frag 24/244)
2026-01-03 18:47:36,715 [DEBUG] [download]  10.4% of ~  17.75MiB at  775.86KiB/s ETA 00:21 (frag 24/244)
2026-01-03 18:47:36,776 [DEBUG] [download]   9.8% of ~  18.84MiB at  775.86KiB/s ETA 00:21 (frag 25/244)
2026-01-03 18:47:36,776 [DEBUG] [download]  10.7% of ~  17.30MiB at  782.55KiB/s ETA 00:21 (frag 25/244)
2026-01-03 18:47:36,777 [DEBUG] [download]  10.7% of ~  17.31MiB at  782.55KiB/s ETA 00:21 (frag 25/244)
2026-01-03 18:47:36,781 [DEBUG] [download]  10.7% of ~  17.33MiB at  782.55KiB/s ETA 00:21 (frag 25/244)
2026-01-03 18:47:36,811 [DEBUG] [download]  10.7% of ~  17.37MiB at  782.55KiB/s ETA 00:21 (frag 25/244)
2026-01-03 18:47:36,813 [DEBUG] [download]  10.7% of ~  17.44MiB at  782.55KiB/s ETA 00:21 (frag 25/244)
2026-01-03 18:47:36,819 [DEBUG] [download]  10.8% of ~  17.59MiB at  782.55KiB/s ETA 00:21 (frag 25/244)
2026-01-03 18:47:36,819 [DEBUG] [download]  10.8% of ~  17.88MiB at  782.55KiB/s ETA 00:21 (frag 25/244)
2026-01-03 18:47:36,884 [DEBUG] [download]  10.2% of ~  18.88MiB at  782.55KiB/s ETA 00:21 (frag 26/244)
2026-01-03 18:47:36,884 [DEBUG] [download]  11.1% of ~  17.42MiB at  787.21KiB/s ETA 00:21 (frag 26/244)
2026-01-03 18:47:36,888 [DEBUG] [download]  11.1% of ~  17.43MiB at  787.21KiB/s ETA 00:21 (frag 26/244)
2026-01-03 18:47:36,888 [DEBUG] [download]  11.1% of ~  17.45MiB at  787.21KiB/s ETA 00:21 (frag 26/244)
2026-01-03 18:47:36,891 [DEBUG] [download]  11.1% of ~  17.48MiB at  787.21KiB/s ETA 00:21 (frag 26/244)
2026-01-03 18:47:36,893 [DEBUG] [download]  11.2% of ~  17.56MiB at  787.21KiB/s ETA 00:21 (frag 26/244)
2026-01-03 18:47:36,895 [DEBUG] [download]  11.2% of ~  17.70MiB at  787.21KiB/s ETA 00:21 (frag 26/244)
2026-01-03 18:47:36,896 [DEBUG] [download]  11.2% of ~  17.98MiB at  787.21KiB/s ETA 00:21 (frag 26/244)
2026-01-03 18:47:36,975 [DEBUG] [download]  10.6% of ~  18.99MiB at  787.21KiB/s ETA 00:21 (frag 27/244)
2026-01-03 18:47:36,976 [DEBUG] [download]  11.5% of ~  17.56MiB at  792.33KiB/s ETA 00:21 (frag 27/244)
2026-01-03 18:47:36,976 [DEBUG] [download]  11.5% of ~  17.56MiB at  792.33KiB/s ETA 00:21 (frag 27/244)
2026-01-03 18:47:36,982 [DEBUG] [download]  11.5% of ~  17.58MiB at  792.33KiB/s ETA 00:21 (frag 27/244)
2026-01-03 18:47:36,986 [DEBUG] [download]  11.5% of ~  17.62MiB at  792.33KiB/s ETA 00:21 (frag 27/244)
2026-01-03 18:47:36,987 [DEBUG] [download]  11.6% of ~  17.68MiB at  792.33KiB/s ETA 00:21 (frag 27/244)
2026-01-03 18:47:36,992 [DEBUG] [download]  11.7% of ~  17.82MiB at  792.33KiB/s ETA 00:21 (frag 27/244)
2026-01-03 18:47:36,992 [DEBUG] [download]  11.6% of ~  18.09MiB at  792.33KiB/s ETA 00:21 (frag 27/244)
2026-01-03 18:47:37,276 [DEBUG] [download]  11.0% of ~  18.99MiB at  792.33KiB/s ETA 00:21 (frag 28/244)
2026-01-03 18:47:37,276 [DEBUG] [download]  11.9% of ~  17.64MiB at  779.48KiB/s ETA 00:21 (frag 28/244)
2026-01-03 18:47:37,277 [DEBUG] [download]  11.9% of ~  17.65MiB at  779.48KiB/s ETA 00:21 (frag 28/244)
2026-01-03 18:47:37,283 [DEBUG] [download]  11.9% of ~  17.67MiB at  779.48KiB/s ETA 00:21 (frag 28/244)
2026-01-03 18:47:37,284 [DEBUG] [download]  11.9% of ~  17.70MiB at  779.48KiB/s ETA 00:21 (frag 28/244)
2026-01-03 18:47:37,287 [DEBUG] [download]  12.0% of ~  17.77MiB at  779.48KiB/s ETA 00:21 (frag 28/244)
2026-01-03 18:47:37,295 [DEBUG] [download]  12.1% of ~  17.90MiB at  779.48KiB/s ETA 00:21 (frag 28/244)
2026-01-03 18:47:37,296 [DEBUG] [download]  12.1% of ~  18.16MiB at  779.48KiB/s ETA 00:21 (frag 28/244)
2026-01-03 18:47:37,354 [DEBUG] [download]  11.3% of ~  19.41MiB at  779.48KiB/s ETA 00:21 (frag 29/244)
2026-01-03 18:47:37,354 [DEBUG] [download]  12.3% of ~  17.91MiB at  775.47KiB/s ETA 00:21 (frag 29/244)
2026-01-03 18:47:37,355 [DEBUG] [download]  12.3% of ~  17.92MiB at  775.47KiB/s ETA 00:21 (frag 29/244)
2026-01-03 18:47:37,355 [DEBUG] [download]  12.3% of ~  17.93MiB at  775.47KiB/s ETA 00:21 (frag 29/244)
2026-01-03 18:47:37,357 [DEBUG] [download]  12.3% of ~  17.97MiB at  775.47KiB/s ETA 00:21 (frag 29/244)
2026-01-03 18:47:37,366 [DEBUG] [download]  12.4% of ~  18.03MiB at  775.47KiB/s ETA 00:21 (frag 29/244)
2026-01-03 18:47:37,369 [DEBUG] [download]  12.5% of ~  18.16MiB at  775.47KiB/s ETA 00:21 (frag 29/244)
2026-01-03 18:47:37,369 [DEBUG] [download]  12.5% of ~  18.41MiB at  775.47KiB/s ETA 00:21 (frag 29/244)
2026-01-03 18:47:37,427 [DEBUG] [download]  11.8% of ~  19.53MiB at  775.47KiB/s ETA 00:21 (frag 30/244)
2026-01-03 18:47:37,427 [DEBUG] [download]  12.7% of ~  18.12MiB at  792.29KiB/s ETA 00:20 (frag 30/244)
2026-01-03 18:47:37,428 [DEBUG] [download]  12.7% of ~  18.12MiB at  792.29KiB/s ETA 00:20 (frag 30/244)
2026-01-03 18:47:37,428 [DEBUG] [download]  12.7% of ~  18.14MiB at  792.29KiB/s ETA 00:20 (frag 30/244)
2026-01-03 18:47:37,431 [DEBUG] [download]  12.7% of ~  18.17MiB at  792.29KiB/s ETA 00:20 (frag 30/244)
2026-01-03 18:47:37,440 [DEBUG] [download]  12.8% of ~  18.23MiB at  792.29KiB/s ETA 00:20 (frag 30/244)
2026-01-03 18:47:37,442 [DEBUG] [download]  12.9% of ~  18.35MiB at  792.29KiB/s ETA 00:20 (frag 30/244)
2026-01-03 18:47:37,443 [DEBUG] [download]  13.0% of ~  18.60MiB at  792.29KiB/s ETA 00:20 (frag 30/244)
2026-01-03 18:47:37,507 [DEBUG] [download]  12.2% of ~  19.82MiB at  792.29KiB/s ETA 00:20 (frag 31/244)
2026-01-03 18:47:37,508 [DEBUG] [download]  13.1% of ~  18.38MiB at  808.65KiB/s ETA 00:20 (frag 31/244)
2026-01-03 18:47:37,510 [DEBUG] [download]  13.1% of ~  18.38MiB at  808.65KiB/s ETA 00:20 (frag 31/244)
2026-01-03 18:47:37,511 [DEBUG] [download]  13.1% of ~  18.40MiB at  808.65KiB/s ETA 00:20 (frag 31/244)
2026-01-03 18:47:37,513 [DEBUG] [download]  13.2% of ~  18.43MiB at  808.65KiB/s ETA 00:20 (frag 31/244)
2026-01-03 18:47:37,517 [DEBUG] [download]  13.2% of ~  18.49MiB at  808.65KiB/s ETA 00:20 (frag 31/244)
2026-01-03 18:47:37,522 [DEBUG] [download]  13.3% of ~  18.61MiB at  808.65KiB/s ETA 00:20 (frag 31/244)
2026-01-03 18:47:37,523 [DEBUG] [download]  13.3% of ~  18.85MiB at  808.65KiB/s ETA 00:20 (frag 31/244)
2026-01-03 18:47:37,579 [DEBUG] [download]  12.6% of ~  19.94MiB at  808.65KiB/s ETA 00:20 (frag 32/244)
2026-01-03 18:47:37,580 [DEBUG] [download]  13.5% of ~  18.58MiB at  824.54KiB/s ETA 00:20 (frag 32/244)
2026-01-03 18:47:37,581 [DEBUG] [download]  13.5% of ~  18.59MiB at  824.54KiB/s ETA 00:20 (frag 32/244)
2026-01-03 18:47:37,581 [DEBUG] [download]  13.5% of ~  18.60MiB at  824.54KiB/s ETA 00:20 (frag 32/244)
2026-01-03 18:47:37,588 [DEBUG] [download]  13.6% of ~  18.63MiB at  824.54KiB/s ETA 00:20 (frag 32/244)
2026-01-03 18:47:37,590 [DEBUG] [download]  13.6% of ~  18.69MiB at  824.54KiB/s ETA 00:20 (frag 32/244)
2026-01-03 18:47:37,595 [DEBUG] [download]  13.7% of ~  18.80MiB at  824.54KiB/s ETA 00:20 (frag 32/244)
2026-01-03 18:47:37,596 [DEBUG] [download]  13.8% of ~  19.03MiB at  824.54KiB/s ETA 00:20 (frag 32/244)
2026-01-03 18:47:37,654 [DEBUG] [download]  13.0% of ~  20.16MiB at  824.54KiB/s ETA 00:20 (frag 33/244)
2026-01-03 18:47:37,655 [DEBUG] [download]  13.9% of ~  18.80MiB at  840.29KiB/s ETA 00:20 (frag 33/244)
2026-01-03 18:47:37,661 [DEBUG] [download]  13.9% of ~  18.81MiB at  840.29KiB/s ETA 00:20 (frag 33/244)
2026-01-03 18:47:37,661 [DEBUG] [download]  14.0% of ~  18.82MiB at  840.29KiB/s ETA 00:20 (frag 33/244)
2026-01-03 18:47:37,667 [DEBUG] [download]  14.0% of ~  18.85MiB at  840.29KiB/s ETA 00:20 (frag 33/244)
2026-01-03 18:47:37,667 [DEBUG] [download]  14.0% of ~  18.90MiB at  840.29KiB/s ETA 00:20 (frag 33/244)
2026-01-03 18:47:37,668 [DEBUG] [download]  14.0% of ~  19.02MiB at  840.29KiB/s ETA 00:20 (frag 33/244)
2026-01-03 18:47:37,727 [DEBUG] [download]  13.7% of ~  19.47MiB at  840.29KiB/s ETA 00:20 (frag 34/244)
2026-01-03 18:47:37,728 [DEBUG] [download]  14.3% of ~  18.59MiB at  848.19KiB/s ETA 00:20 (frag 34/244)
2026-01-03 18:47:37,728 [DEBUG] [download]  14.4% of ~  18.59MiB at  848.19KiB/s ETA 00:20 (frag 34/244)
2026-01-03 18:47:37,730 [DEBUG] [download]  14.4% of ~  18.61MiB at  848.19KiB/s ETA 00:20 (frag 34/244)
2026-01-03 18:47:37,732 [DEBUG] [download]  14.4% of ~  18.63MiB at  848.19KiB/s ETA 00:20 (frag 34/244)
2026-01-03 18:47:37,735 [DEBUG] [download]  14.4% of ~  18.69MiB at  848.19KiB/s ETA 00:20 (frag 34/244)
2026-01-03 18:47:37,747 [DEBUG] [download]  14.5% of ~  18.80MiB at  848.19KiB/s ETA 00:20 (frag 34/244)
2026-01-03 18:47:37,747 [DEBUG] [download]  14.6% of ~  19.02MiB at  848.19KiB/s ETA 00:20 (frag 34/244)
2026-01-03 18:47:37,805 [DEBUG] [download]  13.8% of ~  20.10MiB at  848.19KiB/s ETA 00:20 (frag 35/244)
2026-01-03 18:47:37,806 [DEBUG] [download]  14.8% of ~  18.81MiB at  859.51KiB/s ETA 00:20 (frag 35/244)
2026-01-03 18:47:37,806 [DEBUG] [download]  14.8% of ~  18.81MiB at  859.51KiB/s ETA 00:20 (frag 35/244)
2026-01-03 18:47:37,807 [DEBUG] [download]  14.8% of ~  18.83MiB at  859.51KiB/s ETA 00:20 (frag 35/244)
2026-01-03 18:47:37,807 [DEBUG] [download]  14.8% of ~  18.85MiB at  859.51KiB/s ETA 00:20 (frag 35/244)
2026-01-03 18:47:37,811 [DEBUG] [download]  14.8% of ~  18.91MiB at  859.51KiB/s ETA 00:20 (frag 35/244)
2026-01-03 18:47:37,823 [DEBUG] [download]  14.9% of ~  19.01MiB at  859.51KiB/s ETA 00:20 (frag 35/244)
2026-01-03 18:47:37,824 [DEBUG] [download]  15.0% of ~  19.22MiB at  859.51KiB/s ETA 00:20 (frag 35/244)
2026-01-03 18:47:37,879 [DEBUG] [download]  14.2% of ~  20.19MiB at  859.51KiB/s ETA 00:20 (frag 36/244)
2026-01-03 18:47:37,879 [DEBUG] [download]  15.2% of ~  18.97MiB at  875.07KiB/s ETA 00:19 (frag 36/244)
2026-01-03 18:47:37,880 [DEBUG] [download]  15.2% of ~  18.98MiB at  875.07KiB/s ETA 00:19 (frag 36/244)
2026-01-03 18:47:37,882 [DEBUG] [download]  15.2% of ~  18.99MiB at  875.07KiB/s ETA 00:19 (frag 36/244)
2026-01-03 18:47:37,883 [DEBUG] [download]  15.2% of ~  19.02MiB at  875.07KiB/s ETA 00:19 (frag 36/244)
2026-01-03 18:47:37,885 [DEBUG] [download]  15.2% of ~  19.07MiB at  875.07KiB/s ETA 00:19 (frag 36/244)
2026-01-03 18:47:37,885 [DEBUG] [download]  15.3% of ~  19.17MiB at  875.07KiB/s ETA 00:19 (frag 36/244)
2026-01-03 18:47:37,954 [DEBUG] [download]  14.9% of ~  19.72MiB at  875.07KiB/s ETA 00:19 (frag 37/244)
2026-01-03 18:47:37,954 [DEBUG] [download]  15.6% of ~  18.84MiB at  884.88KiB/s ETA 00:19 (frag 37/244)
2026-01-03 18:47:37,955 [DEBUG] [download]  15.6% of ~  18.84MiB at  884.88KiB/s ETA 00:19 (frag 37/244)
2026-01-03 18:47:37,956 [DEBUG] [download]  15.6% of ~  18.85MiB at  884.88KiB/s ETA 00:19 (frag 37/244)
2026-01-03 18:47:37,956 [DEBUG] [download]  15.6% of ~  18.88MiB at  884.88KiB/s ETA 00:19 (frag 37/244)
2026-01-03 18:47:37,964 [DEBUG] [download]  15.7% of ~  18.93MiB at  884.88KiB/s ETA 00:19 (frag 37/244)
2026-01-03 18:47:37,964 [DEBUG] [download]  15.7% of ~  19.03MiB at  884.88KiB/s ETA 00:19 (frag 37/244)
2026-01-03 18:47:37,964 [DEBUG] [download]  15.6% of ~  19.23MiB at  884.88KiB/s ETA 00:19 (frag 37/244)
2026-01-03 18:47:38,039 [DEBUG] [download]  15.2% of ~  19.68MiB at  884.88KiB/s ETA 00:19 (frag 38/244)
2026-01-03 18:47:38,040 [DEBUG] [download]  16.0% of ~  18.76MiB at  887.07KiB/s ETA 00:19 (frag 38/244)
2026-01-03 18:47:38,040 [DEBUG] [download]  16.0% of ~  18.77MiB at  887.07KiB/s ETA 00:19 (frag 38/244)
2026-01-03 18:47:38,044 [DEBUG] [download]  16.0% of ~  18.78MiB at  887.07KiB/s ETA 00:19 (frag 38/244)
2026-01-03 18:47:38,045 [DEBUG] [download]  16.0% of ~  18.81MiB at  887.07KiB/s ETA 00:19 (frag 38/244)
2026-01-03 18:47:38,048 [DEBUG] [download]  16.1% of ~  18.85MiB at  887.07KiB/s ETA 00:19 (frag 38/244)
2026-01-03 18:47:38,048 [DEBUG] [download]  16.1% of ~  18.95MiB at  887.07KiB/s ETA 00:19 (frag 38/244)
2026-01-03 18:47:38,048 [DEBUG] [download]  16.2% of ~  19.15MiB at  887.07KiB/s ETA 00:19 (frag 38/244)
2026-01-03 18:47:38,101 [DEBUG] [download]  15.5% of ~  20.00MiB at  887.07KiB/s ETA 00:19 (frag 39/244)
2026-01-03 18:47:38,101 [DEBUG] [download]  16.4% of ~  18.90MiB at  890.33KiB/s ETA 00:19 (frag 39/244)
2026-01-03 18:47:38,102 [DEBUG] [download]  16.4% of ~  18.90MiB at  890.33KiB/s ETA 00:19 (frag 39/244)
2026-01-03 18:47:38,103 [DEBUG] [download]  16.4% of ~  18.92MiB at  890.33KiB/s ETA 00:19 (frag 39/244)
2026-01-03 18:47:38,105 [DEBUG] [download]  16.4% of ~  18.94MiB at  890.33KiB/s ETA 00:19 (frag 39/244)
2026-01-03 18:47:38,109 [DEBUG] [download]  16.5% of ~  18.99MiB at  890.33KiB/s ETA 00:19 (frag 39/244)
2026-01-03 18:47:38,114 [DEBUG] [download]  16.6% of ~  19.08MiB at  890.33KiB/s ETA 00:19 (frag 39/244)
2026-01-03 18:47:38,115 [DEBUG] [download]  16.6% of ~  19.27MiB at  890.33KiB/s ETA 00:19 (frag 39/244)
2026-01-03 18:47:38,174 [DEBUG] [download]  15.9% of ~  20.23MiB at  890.33KiB/s ETA 00:19 (frag 40/244)
2026-01-03 18:47:38,175 [DEBUG] [download]  16.8% of ~  19.09MiB at  898.68KiB/s ETA 00:19 (frag 40/244)
2026-01-03 18:47:38,176 [DEBUG] [download]  16.8% of ~  19.09MiB at  898.68KiB/s ETA 00:19 (frag 40/244)
2026-01-03 18:47:38,176 [DEBUG] [download]  16.8% of ~  19.10MiB at  898.68KiB/s ETA 00:19 (frag 40/244)
2026-01-03 18:47:38,177 [DEBUG] [download]  16.8% of ~  19.13MiB at  898.68KiB/s ETA 00:19 (frag 40/244)
2026-01-03 18:47:38,183 [DEBUG] [download]  16.9% of ~  19.17MiB at  898.68KiB/s ETA 00:19 (frag 40/244)
2026-01-03 18:47:38,185 [DEBUG] [download]  17.0% of ~  19.27MiB at  898.68KiB/s ETA 00:19 (frag 40/244)
2026-01-03 18:47:38,185 [DEBUG] [download]  16.9% of ~  19.45MiB at  898.68KiB/s ETA 00:19 (frag 40/244)
2026-01-03 18:47:38,249 [DEBUG] [download]  16.4% of ~  20.11MiB at  898.68KiB/s ETA 00:19 (frag 41/244)
2026-01-03 18:47:38,249 [DEBUG] [download]  17.2% of ~  19.13MiB at  904.40KiB/s ETA 00:19 (frag 41/244)
2026-01-03 18:47:38,249 [DEBUG] [download]  17.2% of ~  19.14MiB at  904.40KiB/s ETA 00:19 (frag 41/244)
2026-01-03 18:47:38,252 [DEBUG] [download]  17.2% of ~  19.15MiB at  904.40KiB/s ETA 00:19 (frag 41/244)
2026-01-03 18:47:38,253 [DEBUG] [download]  17.3% of ~  19.17MiB at  904.40KiB/s ETA 00:19 (frag 41/244)
2026-01-03 18:47:38,261 [DEBUG] [download]  17.3% of ~  19.21MiB at  904.40KiB/s ETA 00:19 (frag 41/244)
2026-01-03 18:47:38,263 [DEBUG] [download]  17.4% of ~  19.31MiB at  904.40KiB/s ETA 00:19 (frag 41/244)
2026-01-03 18:47:38,264 [DEBUG] [download]  17.3% of ~  19.49MiB at  904.40KiB/s ETA 00:19 (frag 41/244)
2026-01-03 18:47:38,330 [DEBUG] [download]  16.8% of ~  20.04MiB at  904.40KiB/s ETA 00:19 (frag 42/244)
2026-01-03 18:47:38,330 [DEBUG] [download]  17.6% of ~  19.13MiB at  906.63KiB/s ETA 00:18 (frag 42/244)
2026-01-03 18:47:38,331 [DEBUG] [download]  17.6% of ~  19.14MiB at  906.63KiB/s ETA 00:18 (frag 42/244)
2026-01-03 18:47:38,331 [DEBUG] [download]  17.6% of ~  19.15MiB at  906.63KiB/s ETA 00:18 (frag 42/244)
2026-01-03 18:47:38,334 [DEBUG] [download]  17.7% of ~  19.17MiB at  906.63KiB/s ETA 00:18 (frag 42/244)
2026-01-03 18:47:38,340 [DEBUG] [download]  17.7% of ~  19.21MiB at  906.63KiB/s ETA 00:18 (frag 42/244)
2026-01-03 18:47:38,342 [DEBUG] [download]  17.8% of ~  19.30MiB at  906.63KiB/s ETA 00:18 (frag 42/244)
2026-01-03 18:47:38,342 [DEBUG] [download]  17.8% of ~  19.48MiB at  906.63KiB/s ETA 00:18 (frag 42/244)
2026-01-03 18:47:38,567 [DEBUG] [download]  17.1% of ~  20.22MiB at  906.63KiB/s ETA 00:18 (frag 43/244)
2026-01-03 18:47:38,568 [DEBUG] [download]  18.0% of ~  19.23MiB at  917.28KiB/s ETA 00:18 (frag 43/244)
2026-01-03 18:47:38,568 [DEBUG] [download]  18.0% of ~  19.23MiB at  917.28KiB/s ETA 00:18 (frag 43/244)
2026-01-03 18:47:38,569 [DEBUG] [download]  18.1% of ~  19.24MiB at  917.28KiB/s ETA 00:18 (frag 43/244)
2026-01-03 18:47:38,570 [DEBUG] [download]  18.1% of ~  19.27MiB at  917.28KiB/s ETA 00:18 (frag 43/244)
2026-01-03 18:47:38,572 [DEBUG] [download]  18.1% of ~  19.31MiB at  917.28KiB/s ETA 00:18 (frag 43/244)
2026-01-03 18:47:38,572 [DEBUG] [download]  18.2% of ~  19.40MiB at  917.28KiB/s ETA 00:18 (frag 43/244)
2026-01-03 18:47:38,573 [DEBUG] [download]  18.1% of ~  19.57MiB at  917.28KiB/s ETA 00:18 (frag 43/244)
2026-01-03 18:47:38,715 [DEBUG] [download]  17.7% of ~  20.00MiB at  917.28KiB/s ETA 00:18 (frag 44/244)
2026-01-03 18:47:38,715 [DEBUG] [download]  18.4% of ~  19.18MiB at  917.72KiB/s ETA 00:18 (frag 44/244)
2026-01-03 18:47:38,716 [DEBUG] [download]  18.5% of ~  19.18MiB at  917.72KiB/s ETA 00:18 (frag 44/244)
2026-01-03 18:47:38,716 [DEBUG] [download]  18.5% of ~  19.19MiB at  917.72KiB/s ETA 00:18 (frag 44/244)
2026-01-03 18:47:38,723 [DEBUG] [download]  18.5% of ~  19.21MiB at  917.72KiB/s ETA 00:18 (frag 44/244)
2026-01-03 18:47:38,730 [DEBUG] [download]  18.5% of ~  19.26MiB at  917.72KiB/s ETA 00:18 (frag 44/244)
2026-01-03 18:47:38,732 [DEBUG] [download]  18.6% of ~  19.34MiB at  917.72KiB/s ETA 00:18 (frag 44/244)
2026-01-03 18:47:38,732 [DEBUG] [download]  18.6% of ~  19.51MiB at  917.72KiB/s ETA 00:18 (frag 44/244)
2026-01-03 18:47:38,787 [DEBUG] [download]  18.0% of ~  20.21MiB at  917.72KiB/s ETA 00:18 (frag 45/244)
2026-01-03 18:47:38,787 [DEBUG] [download]  18.9% of ~  19.27MiB at  921.20KiB/s ETA 00:18 (frag 45/244)
2026-01-03 18:47:38,794 [DEBUG] [download]  18.9% of ~  19.27MiB at  921.20KiB/s ETA 00:18 (frag 45/244)
2026-01-03 18:47:38,795 [DEBUG] [download]  18.9% of ~  19.28MiB at  921.20KiB/s ETA 00:18 (frag 45/244)
2026-01-03 18:47:38,796 [DEBUG] [download]  18.9% of ~  19.30MiB at  921.20KiB/s ETA 00:18 (frag 45/244)
2026-01-03 18:47:38,797 [DEBUG] [download]  18.9% of ~  19.34MiB at  921.20KiB/s ETA 00:18 (frag 45/244)
2026-01-03 18:47:38,798 [DEBUG] [download]  19.0% of ~  19.43MiB at  921.20KiB/s ETA 00:18 (frag 45/244)
2026-01-03 18:47:38,798 [DEBUG] [download]  18.9% of ~  19.59MiB at  921.20KiB/s ETA 00:18 (frag 45/244)
2026-01-03 18:47:38,863 [DEBUG] [download]  18.5% of ~  20.04MiB at  921.20KiB/s ETA 00:18 (frag 46/244)
2026-01-03 18:47:38,863 [DEBUG] [download]  19.3% of ~  19.24MiB at  920.24KiB/s ETA 00:18 (frag 46/244)
2026-01-03 18:47:38,864 [DEBUG] [download]  19.3% of ~  19.24MiB at  920.24KiB/s ETA 00:18 (frag 46/244)
2026-01-03 18:47:38,865 [DEBUG] [download]  19.3% of ~  19.25MiB at  920.24KiB/s ETA 00:18 (frag 46/244)
2026-01-03 18:47:38,866 [DEBUG] [download]  19.3% of ~  19.27MiB at  920.24KiB/s ETA 00:18 (frag 46/244)
2026-01-03 18:47:38,869 [DEBUG] [download]  19.3% of ~  19.31MiB at  920.24KiB/s ETA 00:18 (frag 46/244)
2026-01-03 18:47:38,869 [DEBUG] [download]  19.4% of ~  19.39MiB at  920.24KiB/s ETA 00:18 (frag 46/244)
2026-01-03 18:47:38,939 [DEBUG] [download]  19.0% of ~  19.76MiB at  920.24KiB/s ETA 00:18 (frag 47/244)
2026-01-03 18:47:38,939 [DEBUG] [download]  19.7% of ~  19.09MiB at  919.25KiB/s ETA 00:18 (frag 47/244)
2026-01-03 18:47:38,950 [DEBUG] [download]  19.7% of ~  19.10MiB at  919.25KiB/s ETA 00:18 (frag 47/244)
2026-01-03 18:47:38,951 [DEBUG] [download]  19.7% of ~  19.11MiB at  919.25KiB/s ETA 00:18 (frag 47/244)
2026-01-03 18:47:38,951 [DEBUG] [download]  19.7% of ~  19.13MiB at  919.25KiB/s ETA 00:18 (frag 47/244)
2026-01-03 18:47:38,954 [DEBUG] [download]  19.8% of ~  19.17MiB at  919.25KiB/s ETA 00:18 (frag 47/244)
2026-01-03 18:47:38,955 [DEBUG] [download]  19.8% of ~  19.25MiB at  919.25KiB/s ETA 00:18 (frag 47/244)
2026-01-03 18:47:38,955 [DEBUG] [download]  19.9% of ~  19.41MiB at  919.25KiB/s ETA 00:18 (frag 47/244)
2026-01-03 18:47:39,012 [DEBUG] [download]  19.2% of ~  20.08MiB at  919.25KiB/s ETA 00:18 (frag 48/244)
2026-01-03 18:47:39,012 [DEBUG] [download]  20.1% of ~  19.19MiB at  921.17KiB/s ETA 00:18 (frag 48/244)
2026-01-03 18:47:39,014 [DEBUG] [download]  20.1% of ~  19.19MiB at  921.17KiB/s ETA 00:18 (frag 48/244)
2026-01-03 18:47:39,014 [DEBUG] [download]  20.1% of ~  19.20MiB at  921.17KiB/s ETA 00:18 (frag 48/244)
2026-01-03 18:47:39,015 [DEBUG] [download]  20.1% of ~  19.22MiB at  921.17KiB/s ETA 00:18 (frag 48/244)
2026-01-03 18:47:39,038 [DEBUG] [download]  20.2% of ~  19.26MiB at  921.17KiB/s ETA 00:18 (frag 48/244)
2026-01-03 18:47:39,044 [DEBUG] [download]  20.2% of ~  19.34MiB at  921.17KiB/s ETA 00:18 (frag 48/244)
2026-01-03 18:47:39,045 [DEBUG] [download]  20.2% of ~  19.49MiB at  921.17KiB/s ETA 00:18 (frag 48/244)
2026-01-03 18:47:39,110 [DEBUG] [download]  19.6% of ~  20.12MiB at  921.17KiB/s ETA 00:18 (frag 49/244)
2026-01-03 18:47:39,111 [DEBUG] [download]  20.5% of ~  19.26MiB at  923.41KiB/s ETA 00:17 (frag 49/244)
2026-01-03 18:47:39,114 [DEBUG] [download]  20.5% of ~  19.26MiB at  923.41KiB/s ETA 00:17 (frag 49/244)
2026-01-03 18:47:39,115 [DEBUG] [download]  20.5% of ~  19.27MiB at  923.41KiB/s ETA 00:17 (frag 49/244)
2026-01-03 18:47:39,115 [DEBUG] [download]  20.5% of ~  19.29MiB at  923.41KiB/s ETA 00:17 (frag 49/244)
2026-01-03 18:47:39,119 [DEBUG] [download]  20.6% of ~  19.33MiB at  923.41KiB/s ETA 00:17 (frag 49/244)
2026-01-03 18:47:39,120 [DEBUG] [download]  20.7% of ~  19.41MiB at  923.41KiB/s ETA 00:17 (frag 49/244)
2026-01-03 18:47:39,121 [DEBUG] [download]  20.6% of ~  19.56MiB at  923.41KiB/s ETA 00:17 (frag 49/244)
2026-01-03 18:47:39,184 [DEBUG] [download]  20.1% of ~  20.11MiB at  923.41KiB/s ETA 00:17 (frag 50/244)
2026-01-03 18:47:39,184 [DEBUG] [download]  20.9% of ~  19.30MiB at  927.17KiB/s ETA 00:17 (frag 50/244)
2026-01-03 18:47:39,185 [DEBUG] [download]  20.9% of ~  19.31MiB at  927.17KiB/s ETA 00:17 (frag 50/244)
2026-01-03 18:47:39,185 [DEBUG] [download]  20.9% of ~  19.31MiB at  927.17KiB/s ETA 00:17 (frag 50/244)
2026-01-03 18:47:39,186 [DEBUG] [download]  20.9% of ~  19.33MiB at  927.17KiB/s ETA 00:17 (frag 50/244)
2026-01-03 18:47:39,197 [DEBUG] [download]  21.0% of ~  19.37MiB at  927.17KiB/s ETA 00:17 (frag 50/244)
2026-01-03 18:47:39,199 [DEBUG] [download]  21.1% of ~  19.45MiB at  927.17KiB/s ETA 00:17 (frag 50/244)
2026-01-03 18:47:39,200 [DEBUG] [download]  21.1% of ~  19.60MiB at  927.17KiB/s ETA 00:17 (frag 50/244)
2026-01-03 18:47:39,263 [DEBUG] [download]  20.4% of ~  20.34MiB at  927.17KiB/s ETA 00:17 (frag 51/244)
2026-01-03 18:47:39,263 [DEBUG] [download]  21.3% of ~  19.44MiB at  930.43KiB/s ETA 00:17 (frag 51/244)
2026-01-03 18:47:39,264 [DEBUG] [download]  21.3% of ~  19.44MiB at  930.43KiB/s ETA 00:17 (frag 51/244)
2026-01-03 18:47:39,264 [DEBUG] [download]  21.3% of ~  19.45MiB at  930.43KiB/s ETA 00:17 (frag 51/244)
2026-01-03 18:47:39,266 [DEBUG] [download]  21.4% of ~  19.47MiB at  930.43KiB/s ETA 00:17 (frag 51/244)
2026-01-03 18:47:39,271 [DEBUG] [download]  21.4% of ~  19.51MiB at  930.43KiB/s ETA 00:17 (frag 51/244)
2026-01-03 18:47:39,271 [DEBUG] [download]  21.4% of ~  19.58MiB at  930.43KiB/s ETA 00:17 (frag 51/244)
2026-01-03 18:47:39,335 [DEBUG] [download]  21.1% of ~  19.91MiB at  930.43KiB/s ETA 00:17 (frag 52/244)
2026-01-03 18:47:39,336 [DEBUG] [download]  21.7% of ~  19.30MiB at  932.42KiB/s ETA 00:17 (frag 52/244)
2026-01-03 18:47:39,336 [DEBUG] [download]  21.7% of ~  19.31MiB at  932.42KiB/s ETA 00:17 (frag 52/244)
2026-01-03 18:47:39,336 [DEBUG] [download]  21.7% of ~  19.32MiB at  932.42KiB/s ETA 00:17 (frag 52/244)
2026-01-03 18:47:39,337 [DEBUG] [download]  21.8% of ~  19.33MiB at  932.42KiB/s ETA 00:17 (frag 52/244)
2026-01-03 18:47:39,346 [DEBUG] [download]  21.8% of ~  19.37MiB at  932.42KiB/s ETA 00:17 (frag 52/244)
2026-01-03 18:47:39,347 [DEBUG] [download]  21.9% of ~  19.44MiB at  932.42KiB/s ETA 00:17 (frag 52/244)
2026-01-03 18:47:39,348 [DEBUG] [download]  21.8% of ~  19.58MiB at  932.42KiB/s ETA 00:17 (frag 52/244)
2026-01-03 18:47:39,406 [DEBUG] [download]  21.4% of ~  19.97MiB at  932.42KiB/s ETA 00:17 (frag 53/244)
2026-01-03 18:47:39,407 [DEBUG] [download]  22.1% of ~  19.27MiB at  935.55KiB/s ETA 00:17 (frag 53/244)
2026-01-03 18:47:39,407 [DEBUG] [download]  22.1% of ~  19.28MiB at  935.55KiB/s ETA 00:17 (frag 53/244)
2026-01-03 18:47:39,411 [DEBUG] [download]  22.2% of ~  19.28MiB at  935.55KiB/s ETA 00:17 (frag 53/244)
2026-01-03 18:47:39,412 [DEBUG] [download]  22.2% of ~  19.30MiB at  935.55KiB/s ETA 00:17 (frag 53/244)
2026-01-03 18:47:39,417 [DEBUG] [download]  22.2% of ~  19.34MiB at  935.55KiB/s ETA 00:17 (frag 53/244)
2026-01-03 18:47:39,417 [DEBUG] [download]  22.3% of ~  19.41MiB at  935.55KiB/s ETA 00:17 (frag 53/244)
2026-01-03 18:47:39,481 [DEBUG] [download]  21.9% of ~  19.77MiB at  935.55KiB/s ETA 00:17 (frag 54/244)
2026-01-03 18:47:39,481 [DEBUG] [download]  22.5% of ~  19.17MiB at  936.96KiB/s ETA 00:17 (frag 54/244)
2026-01-03 18:47:39,482 [DEBUG] [download]  22.6% of ~  19.17MiB at  936.96KiB/s ETA 00:17 (frag 54/244)
2026-01-03 18:47:39,482 [DEBUG] [download]  22.6% of ~  19.18MiB at  936.96KiB/s ETA 00:17 (frag 54/244)
2026-01-03 18:47:39,483 [DEBUG] [download]  22.6% of ~  19.20MiB at  936.96KiB/s ETA 00:17 (frag 54/244)
2026-01-03 18:47:39,495 [DEBUG] [download]  22.6% of ~  19.23MiB at  936.96KiB/s ETA 00:17 (frag 54/244)
2026-01-03 18:47:39,500 [DEBUG] [download]  22.7% of ~  19.30MiB at  936.96KiB/s ETA 00:17 (frag 54/244)
2026-01-03 18:47:39,501 [DEBUG] [download]  22.8% of ~  19.44MiB at  936.96KiB/s ETA 00:17 (frag 54/244)
2026-01-03 18:47:39,559 [DEBUG] [download]  22.0% of ~  20.11MiB at  936.96KiB/s ETA 00:17 (frag 55/244)
2026-01-03 18:47:39,560 [DEBUG] [download]  23.0% of ~  19.29MiB at  942.72KiB/s ETA 00:17 (frag 55/244)
2026-01-03 18:47:39,563 [DEBUG] [download]  23.0% of ~  19.29MiB at  942.72KiB/s ETA 00:17 (frag 55/244)
2026-01-03 18:47:39,564 [DEBUG] [download]  23.0% of ~  19.30MiB at  942.72KiB/s ETA 00:17 (frag 55/244)
2026-01-03 18:47:39,564 [DEBUG] [download]  23.0% of ~  19.32MiB at  942.72KiB/s ETA 00:17 (frag 55/244)
2026-01-03 18:47:39,567 [DEBUG] [download]  23.0% of ~  19.35MiB at  942.72KiB/s ETA 00:17 (frag 55/244)
2026-01-03 18:47:39,574 [DEBUG] [download]  23.1% of ~  19.42MiB at  942.72KiB/s ETA 00:17 (frag 55/244)
2026-01-03 18:47:39,575 [DEBUG] [download]  23.1% of ~  19.56MiB at  942.72KiB/s ETA 00:17 (frag 55/244)
2026-01-03 18:47:39,630 [DEBUG] [download]  22.5% of ~  20.06MiB at  942.72KiB/s ETA 00:17 (frag 56/244)
2026-01-03 18:47:39,630 [DEBUG] [download]  23.4% of ~  19.33MiB at  949.45KiB/s ETA 00:17 (frag 56/244)
2026-01-03 18:47:39,631 [DEBUG] [download]  23.4% of ~  19.33MiB at  949.45KiB/s ETA 00:17 (frag 56/244)
2026-01-03 18:47:39,632 [DEBUG] [download]  23.4% of ~  19.34MiB at  949.45KiB/s ETA 00:17 (frag 56/244)
2026-01-03 18:47:39,634 [DEBUG] [download]  23.4% of ~  19.36MiB at  949.45KiB/s ETA 00:17 (frag 56/244)
2026-01-03 18:47:39,647 [DEBUG] [download]  23.4% of ~  19.39MiB at  949.45KiB/s ETA 00:17 (frag 56/244)
2026-01-03 18:47:39,651 [DEBUG] [download]  23.5% of ~  19.46MiB at  949.45KiB/s ETA 00:17 (frag 56/244)
2026-01-03 18:47:39,652 [DEBUG] [download]  23.6% of ~  19.59MiB at  949.45KiB/s ETA 00:17 (frag 56/244)
2026-01-03 18:47:39,705 [DEBUG] [download]  22.8% of ~  20.26MiB at  949.45KiB/s ETA 00:17 (frag 57/244)
2026-01-03 18:47:39,706 [DEBUG] [download]  23.8% of ~  19.46MiB at  956.25KiB/s ETA 00:16 (frag 57/244)
2026-01-03 18:47:39,706 [DEBUG] [download]  23.8% of ~  19.46MiB at  956.25KiB/s ETA 00:16 (frag 57/244)
2026-01-03 18:47:39,707 [DEBUG] [download]  23.8% of ~  19.47MiB at  956.25KiB/s ETA 00:16 (frag 57/244)
2026-01-03 18:47:39,709 [DEBUG] [download]  23.8% of ~  19.49MiB at  956.25KiB/s ETA 00:16 (frag 57/244)
2026-01-03 18:47:39,726 [DEBUG] [download]  23.9% of ~  19.52MiB at  956.25KiB/s ETA 00:16 (frag 57/244)
2026-01-03 18:47:39,728 [DEBUG] [download]  23.9% of ~  19.58MiB at  956.25KiB/s ETA 00:16 (frag 57/244)
2026-01-03 18:47:39,729 [DEBUG] [download]  24.0% of ~  19.72MiB at  956.25KiB/s ETA 00:16 (frag 57/244)
2026-01-03 18:47:39,790 [DEBUG] [download]  23.3% of ~  20.29MiB at  956.25KiB/s ETA 00:16 (frag 58/244)
2026-01-03 18:47:39,794 [DEBUG] [download]  24.2% of ~  19.53MiB at  964.87KiB/s ETA 00:16 (frag 58/244)
2026-01-03 18:47:39,794 [DEBUG] [download]  24.2% of ~  19.54MiB at  964.87KiB/s ETA 00:16 (frag 58/244)
2026-01-03 18:47:39,795 [DEBUG] [download]  24.2% of ~  19.55MiB at  964.87KiB/s ETA 00:16 (frag 58/244)
2026-01-03 18:47:39,797 [DEBUG] [download]  24.2% of ~  19.56MiB at  964.87KiB/s ETA 00:16 (frag 58/244)
2026-01-03 18:47:39,798 [DEBUG] [download]  24.3% of ~  19.59MiB at  964.87KiB/s ETA 00:16 (frag 58/244)
2026-01-03 18:47:39,800 [DEBUG] [download]  24.3% of ~  19.66MiB at  964.87KiB/s ETA 00:16 (frag 58/244)
2026-01-03 18:47:39,800 [DEBUG] [download]  24.4% of ~  19.79MiB at  964.87KiB/s ETA 00:16 (frag 58/244)
2026-01-03 18:47:40,031 [DEBUG] [download]  23.7% of ~  20.39MiB at  964.87KiB/s ETA 00:16 (frag 59/244)
2026-01-03 18:47:40,032 [DEBUG] [download]  24.6% of ~  19.63MiB at  979.76KiB/s ETA 00:16 (frag 59/244)
2026-01-03 18:47:40,032 [DEBUG] [download]  24.6% of ~  19.63MiB at  979.76KiB/s ETA 00:16 (frag 59/244)
2026-01-03 18:47:40,033 [DEBUG] [download]  24.6% of ~  19.64MiB at  979.76KiB/s ETA 00:16 (frag 59/244)
2026-01-03 18:47:40,034 [DEBUG] [download]  24.6% of ~  19.66MiB at  979.76KiB/s ETA 00:16 (frag 59/244)
2026-01-03 18:47:40,035 [DEBUG] [download]  24.7% of ~  19.69MiB at  979.76KiB/s ETA 00:16 (frag 59/244)
2026-01-03 18:47:40,039 [DEBUG] [download]  24.7% of ~  19.75MiB at  979.76KiB/s ETA 00:16 (frag 59/244)
2026-01-03 18:47:40,040 [DEBUG] [download]  24.7% of ~  19.88MiB at  979.76KiB/s ETA 00:16 (frag 59/244)
2026-01-03 18:47:40,174 [DEBUG] [download]  24.2% of ~  20.32MiB at  979.76KiB/s ETA 00:16 (frag 60/244)
2026-01-03 18:47:40,174 [DEBUG] [download]  25.0% of ~  19.65MiB at  984.16KiB/s ETA 00:16 (frag 60/244)
2026-01-03 18:47:40,178 [DEBUG] [download]  25.0% of ~  19.65MiB at  984.16KiB/s ETA 00:16 (frag 60/244)
2026-01-03 18:47:40,178 [DEBUG] [download]  25.0% of ~  19.66MiB at  984.16KiB/s ETA 00:16 (frag 60/244)
2026-01-03 18:47:40,180 [DEBUG] [download]  25.0% of ~  19.67MiB at  984.16KiB/s ETA 00:16 (frag 60/244)
2026-01-03 18:47:40,182 [DEBUG] [download]  25.1% of ~  19.70MiB at  984.16KiB/s ETA 00:16 (frag 60/244)
2026-01-03 18:47:40,191 [DEBUG] [download]  25.2% of ~  19.77MiB at  984.16KiB/s ETA 00:16 (frag 60/244)
2026-01-03 18:47:40,191 [DEBUG] [download]  25.2% of ~  19.89MiB at  984.16KiB/s ETA 00:16 (frag 60/244)
2026-01-03 18:47:40,251 [DEBUG] [download]  24.5% of ~  20.51MiB at  984.16KiB/s ETA 00:16 (frag 61/244)
2026-01-03 18:47:40,251 [DEBUG] [download]  25.4% of ~  19.75MiB at  990.68KiB/s ETA 00:16 (frag 61/244)
2026-01-03 18:47:40,251 [DEBUG] [download]  25.4% of ~  19.76MiB at  990.68KiB/s ETA 00:16 (frag 61/244)
2026-01-03 18:47:40,252 [DEBUG] [download]  25.4% of ~  19.77MiB at  990.68KiB/s ETA 00:16 (frag 61/244)
2026-01-03 18:47:40,254 [DEBUG] [download]  25.4% of ~  19.78MiB at  990.68KiB/s ETA 00:16 (frag 61/244)
2026-01-03 18:47:40,262 [DEBUG] [download]  25.5% of ~  19.81MiB at  990.68KiB/s ETA 00:16 (frag 61/244)
2026-01-03 18:47:40,264 [DEBUG] [download]  25.6% of ~  19.87MiB at  990.68KiB/s ETA 00:16 (frag 61/244)
2026-01-03 18:47:40,265 [DEBUG] [download]  25.5% of ~  20.00MiB at  990.68KiB/s ETA 00:16 (frag 61/244)
2026-01-03 18:47:40,323 [DEBUG] [download]  25.0% of ~  20.45MiB at  990.68KiB/s ETA 00:16 (frag 62/244)
2026-01-03 18:47:40,323 [DEBUG] [download]  25.8% of ~  19.78MiB at  994.12KiB/s ETA 00:16 (frag 62/244)
2026-01-03 18:47:40,326 [DEBUG] [download]  25.8% of ~  19.78MiB at  994.12KiB/s ETA 00:16 (frag 62/244)
2026-01-03 18:47:40,330 [DEBUG] [download]  25.8% of ~  19.79MiB at  994.12KiB/s ETA 00:16 (frag 62/244)
2026-01-03 18:47:40,332 [DEBUG] [download]  25.9% of ~  19.81MiB at  994.12KiB/s ETA 00:16 (frag 62/244)
2026-01-03 18:47:40,336 [DEBUG] [download]  25.9% of ~  19.84MiB at  994.12KiB/s ETA 00:16 (frag 62/244)
2026-01-03 18:47:40,337 [DEBUG] [download]  26.0% of ~  19.90MiB at  994.12KiB/s ETA 00:16 (frag 62/244)
2026-01-03 18:47:40,337 [DEBUG] [download]  25.9% of ~  20.02MiB at  994.12KiB/s ETA 00:16 (frag 62/244)
2026-01-03 18:47:40,398 [DEBUG] [download]  25.5% of ~  20.36MiB at  994.12KiB/s ETA 00:16 (frag 63/244)
2026-01-03 18:47:40,399 [DEBUG] [download]  26.2% of ~  19.76MiB at  993.67KiB/s ETA 00:16 (frag 63/244)
2026-01-03 18:47:40,400 [DEBUG] [download]  26.2% of ~  19.76MiB at  993.67KiB/s ETA 00:16 (frag 63/244)
2026-01-03 18:47:40,400 [DEBUG] [download]  26.2% of ~  19.77MiB at  993.67KiB/s ETA 00:16 (frag 63/244)
2026-01-03 18:47:40,401 [DEBUG] [download]  26.3% of ~  19.78MiB at  993.67KiB/s ETA 00:16 (frag 63/244)
2026-01-03 18:47:40,406 [DEBUG] [download]  26.3% of ~  19.81MiB at  993.67KiB/s ETA 00:16 (frag 63/244)
2026-01-03 18:47:40,411 [DEBUG] [download]  26.4% of ~  19.87MiB at  993.67KiB/s ETA 00:16 (frag 63/244)
2026-01-03 18:47:40,412 [DEBUG] [download]  26.4% of ~  19.99MiB at  993.67KiB/s ETA 00:16 (frag 63/244)
2026-01-03 18:47:40,474 [DEBUG] [download]  25.7% of ~  20.53MiB at  993.67KiB/s ETA 00:16 (frag 64/244)
2026-01-03 18:47:40,475 [DEBUG] [download]  26.6% of ~  19.84MiB at  993.10KiB/s ETA 00:15 (frag 64/244)
2026-01-03 18:47:40,475 [DEBUG] [download]  26.6% of ~  19.84MiB at  993.10KiB/s ETA 00:15 (frag 64/244)
2026-01-03 18:47:40,476 [DEBUG] [download]  26.7% of ~  19.85MiB at  993.10KiB/s ETA 00:15 (frag 64/244)
2026-01-03 18:47:40,476 [DEBUG] [download]  26.7% of ~  19.86MiB at  993.10KiB/s ETA 00:15 (frag 64/244)
2026-01-03 18:47:40,490 [DEBUG] [download]  26.7% of ~  19.89MiB at  993.10KiB/s ETA 00:15 (frag 64/244)
2026-01-03 18:47:40,490 [DEBUG] [download]  26.8% of ~  19.95MiB at  993.10KiB/s ETA 00:15 (frag 64/244)
2026-01-03 18:47:40,491 [DEBUG] [download]  26.6% of ~  20.07MiB at  993.10KiB/s ETA 00:15 (frag 64/244)
2026-01-03 18:47:40,547 [DEBUG] [download]  26.3% of ~  20.31MiB at  993.10KiB/s ETA 00:15 (frag 65/244)
2026-01-03 18:47:40,547 [DEBUG] [download]  27.1% of ~  19.77MiB at  988.53KiB/s ETA 00:15 (frag 65/244)
2026-01-03 18:47:40,547 [DEBUG] [download]  27.1% of ~  19.77MiB at  988.53KiB/s ETA 00:15 (frag 65/244)
2026-01-03 18:47:40,548 [DEBUG] [download]  27.1% of ~  19.78MiB at  988.53KiB/s ETA 00:15 (frag 65/244)
2026-01-03 18:47:40,551 [DEBUG] [download]  27.1% of ~  19.79MiB at  988.53KiB/s ETA 00:15 (frag 65/244)
2026-01-03 18:47:40,554 [DEBUG] [download]  27.1% of ~  19.82MiB at  988.53KiB/s ETA 00:15 (frag 65/244)
2026-01-03 18:47:40,555 [DEBUG] [download]  27.2% of ~  19.88MiB at  988.53KiB/s ETA 00:15 (frag 65/244)
2026-01-03 18:47:40,622 [DEBUG] [download]  26.8% of ~  20.17MiB at  988.53KiB/s ETA 00:15 (frag 66/244)
2026-01-03 18:47:40,623 [DEBUG] [download]  27.5% of ~  19.67MiB at  979.91KiB/s ETA 00:15 (frag 66/244)
2026-01-03 18:47:40,624 [DEBUG] [download]  27.5% of ~  19.67MiB at  979.91KiB/s ETA 00:15 (frag 66/244)
2026-01-03 18:47:40,626 [DEBUG] [download]  27.5% of ~  19.68MiB at  979.91KiB/s ETA 00:15 (frag 66/244)
2026-01-03 18:47:40,627 [DEBUG] [download]  27.5% of ~  19.70MiB at  979.91KiB/s ETA 00:15 (frag 66/244)
2026-01-03 18:47:40,634 [DEBUG] [download]  27.5% of ~  19.72MiB at  979.91KiB/s ETA 00:15 (frag 66/244)
2026-01-03 18:47:40,635 [DEBUG] [download]  27.6% of ~  19.78MiB at  979.91KiB/s ETA 00:15 (frag 66/244)
2026-01-03 18:47:40,636 [DEBUG] [download]  27.6% of ~  19.89MiB at  979.91KiB/s ETA 00:15 (frag 66/244)
2026-01-03 18:47:40,697 [DEBUG] [download]  27.1% of ~  20.27MiB at  979.91KiB/s ETA 00:15 (frag 67/244)
2026-01-03 18:47:40,698 [DEBUG] [download]  27.9% of ~  19.68MiB at  977.36KiB/s ETA 00:15 (frag 67/244)
2026-01-03 18:47:40,698 [DEBUG] [download]  27.9% of ~  19.68MiB at  977.36KiB/s ETA 00:15 (frag 67/244)
2026-01-03 18:47:40,699 [DEBUG] [download]  27.9% of ~  19.69MiB at  977.36KiB/s ETA 00:15 (frag 67/244)
2026-01-03 18:47:40,699 [DEBUG] [download]  27.9% of ~  19.70MiB at  977.36KiB/s ETA 00:15 (frag 67/244)
2026-01-03 18:47:40,706 [DEBUG] [download]  27.9% of ~  19.73MiB at  977.36KiB/s ETA 00:15 (frag 67/244)
2026-01-03 18:47:40,707 [DEBUG] [download]  28.0% of ~  19.78MiB at  977.36KiB/s ETA 00:15 (frag 67/244)
2026-01-03 18:47:40,707 [DEBUG] [download]  27.9% of ~  19.90MiB at  977.36KiB/s ETA 00:15 (frag 67/244)
2026-01-03 18:47:40,768 [DEBUG] [download]  27.6% of ~  20.13MiB at  977.36KiB/s ETA 00:15 (frag 68/244)
2026-01-03 18:47:40,769 [DEBUG] [download]  28.3% of ~  19.61MiB at  971.49KiB/s ETA 00:15 (frag 68/244)
2026-01-03 18:47:40,778 [DEBUG] [download]  28.3% of ~  19.62MiB at  971.49KiB/s ETA 00:15 (frag 68/244)
2026-01-03 18:47:40,779 [DEBUG] [download]  28.3% of ~  19.62MiB at  971.49KiB/s ETA 00:15 (frag 68/244)
2026-01-03 18:47:40,779 [DEBUG] [download]  28.3% of ~  19.64MiB at  971.49KiB/s ETA 00:15 (frag 68/244)
2026-01-03 18:47:40,780 [DEBUG] [download]  28.4% of ~  19.67MiB at  971.49KiB/s ETA 00:15 (frag 68/244)
2026-01-03 18:47:40,781 [DEBUG] [download]  28.4% of ~  19.72MiB at  971.49KiB/s ETA 00:15 (frag 68/244)
2026-01-03 18:47:40,887 [DEBUG] [download]  28.0% of ~  19.94MiB at  971.49KiB/s ETA 00:15 (frag 69/244)
2026-01-03 18:47:40,887 [DEBUG] [download]  28.7% of ~  19.50MiB at  958.68KiB/s ETA 00:15 (frag 69/244)
2026-01-03 18:47:40,888 [DEBUG] [download]  28.7% of ~  19.50MiB at  958.68KiB/s ETA 00:15 (frag 69/244)
2026-01-03 18:47:40,891 [DEBUG] [download]  28.7% of ~  19.51MiB at  958.68KiB/s ETA 00:15 (frag 69/244)
2026-01-03 18:47:40,891 [DEBUG] [download]  28.7% of ~  19.52MiB at  958.68KiB/s ETA 00:15 (frag 69/244)
2026-01-03 18:47:40,892 [DEBUG] [download]  28.8% of ~  19.55MiB at  958.68KiB/s ETA 00:15 (frag 69/244)
2026-01-03 18:47:40,893 [DEBUG] [download]  28.8% of ~  19.60MiB at  958.68KiB/s ETA 00:15 (frag 69/244)
2026-01-03 18:47:40,893 [DEBUG] [download]  28.7% of ~  19.71MiB at  958.68KiB/s ETA 00:15 (frag 69/244)
2026-01-03 18:47:41,003 [DEBUG] [download]  28.4% of ~  19.96MiB at  958.68KiB/s ETA 00:15 (frag 70/244)
2026-01-03 18:47:41,003 [DEBUG] [download]  29.1% of ~  19.45MiB at  946.87KiB/s ETA 00:15 (frag 70/244)
2026-01-03 18:47:41,004 [DEBUG] [download]  29.1% of ~  19.45MiB at  946.87KiB/s ETA 00:15 (frag 70/244)
2026-01-03 18:47:41,004 [DEBUG] [download]  29.1% of ~  19.46MiB at  946.87KiB/s ETA 00:15 (frag 70/244)
2026-01-03 18:47:41,005 [DEBUG] [download]  29.1% of ~  19.47MiB at  946.87KiB/s ETA 00:15 (frag 70/244)
2026-01-03 18:47:41,011 [DEBUG] [download]  29.2% of ~  19.50MiB at  946.87KiB/s ETA 00:15 (frag 70/244)
2026-01-03 18:47:41,012 [DEBUG] [download]  29.3% of ~  19.56MiB at  946.87KiB/s ETA 00:15 (frag 70/244)
2026-01-03 18:47:41,014 [DEBUG] [download]  29.2% of ~  19.66MiB at  946.87KiB/s ETA 00:15 (frag 70/244)
2026-01-03 18:47:41,083 [DEBUG] [download]  28.7% of ~  19.99MiB at  946.87KiB/s ETA 00:15 (frag 71/244)
2026-01-03 18:47:41,083 [DEBUG] [download]  29.5% of ~  19.45MiB at  934.85KiB/s ETA 00:15 (frag 71/244)
2026-01-03 18:47:41,085 [DEBUG] [download]  29.5% of ~  19.45MiB at  934.85KiB/s ETA 00:15 (frag 71/244)
2026-01-03 18:47:41,086 [DEBUG] [download]  29.5% of ~  19.46MiB at  934.85KiB/s ETA 00:15 (frag 71/244)
2026-01-03 18:47:41,087 [DEBUG] [download]  29.5% of ~  19.47MiB at  934.85KiB/s ETA 00:15 (frag 71/244)
2026-01-03 18:47:41,093 [DEBUG] [download]  29.6% of ~  19.50MiB at  934.85KiB/s ETA 00:15 (frag 71/244)
2026-01-03 18:47:41,101 [DEBUG] [download]  29.7% of ~  19.55MiB at  934.85KiB/s ETA 00:15 (frag 71/244)
2026-01-03 18:47:41,102 [DEBUG] [download]  29.7% of ~  19.66MiB at  934.85KiB/s ETA 00:15 (frag 71/244)
2026-01-03 18:47:41,155 [DEBUG] [download]  29.0% of ~  20.18MiB at  934.85KiB/s ETA 00:15 (frag 72/244)
2026-01-03 18:47:41,155 [DEBUG] [download]  29.9% of ~  19.54MiB at  926.47KiB/s ETA 00:15 (frag 72/244)
2026-01-03 18:47:41,155 [DEBUG] [download]  29.9% of ~  19.55MiB at  926.47KiB/s ETA 00:15 (frag 72/244)
2026-01-03 18:47:41,156 [DEBUG] [download]  29.9% of ~  19.55MiB at  926.47KiB/s ETA 00:15 (frag 72/244)
2026-01-03 18:47:41,157 [DEBUG] [download]  30.0% of ~  19.57MiB at  926.47KiB/s ETA 00:15 (frag 72/244)
2026-01-03 18:47:41,167 [DEBUG] [download]  30.0% of ~  19.59MiB at  926.47KiB/s ETA 00:15 (frag 72/244)
2026-01-03 18:47:41,167 [DEBUG] [download]  30.1% of ~  19.64MiB at  926.47KiB/s ETA 00:15 (frag 72/244)
2026-01-03 18:47:41,225 [DEBUG] [download]  29.6% of ~  19.92MiB at  926.47KiB/s ETA 00:15 (frag 73/244)
2026-01-03 18:47:41,225 [DEBUG] [download]  30.3% of ~  19.46MiB at  918.00KiB/s ETA 00:15 (frag 73/244)
2026-01-03 18:47:41,225 [DEBUG] [download]  30.3% of ~  19.47MiB at  918.00KiB/s ETA 00:15 (frag 73/244)
2026-01-03 18:47:41,226 [DEBUG] [download]  30.3% of ~  19.47MiB at  918.00KiB/s ETA 00:15 (frag 73/244)
2026-01-03 18:47:41,228 [DEBUG] [download]  30.4% of ~  19.49MiB at  918.00KiB/s ETA 00:15 (frag 73/244)
2026-01-03 18:47:41,265 [DEBUG] [download]  30.4% of ~  19.51MiB at  918.00KiB/s ETA 00:15 (frag 73/244)
2026-01-03 18:47:41,279 [DEBUG] [download]  30.5% of ~  19.56MiB at  918.00KiB/s ETA 00:15 (frag 73/244)
2026-01-03 18:47:41,279 [DEBUG] [download]  30.6% of ~  19.67MiB at  917.66KiB/s ETA 00:15 (frag 73/244)
2026-01-03 18:47:41,379 [DEBUG] [download]  29.8% of ~  20.18MiB at  917.66KiB/s ETA 00:15 (frag 74/244)
2026-01-03 18:47:41,380 [DEBUG] [download]  30.7% of ~  19.56MiB at  920.41KiB/s ETA 00:15 (frag 74/244)
2026-01-03 18:47:41,380 [DEBUG] [download]  30.7% of ~  19.56MiB at  920.41KiB/s ETA 00:15 (frag 74/244)
2026-01-03 18:47:41,496 [DEBUG] [download]  30.8% of ~  19.57MiB at  920.41KiB/s ETA 00:15 (frag 74/244)
2026-01-03 18:47:41,497 [DEBUG] [download]  30.8% of ~  19.58MiB at  912.72KiB/s ETA 00:15 (frag 74/244)
2026-01-03 18:47:41,499 [DEBUG] [download]  30.8% of ~  19.61MiB at  912.72KiB/s ETA 00:15 (frag 74/244)
2026-01-03 18:47:41,500 [DEBUG] [download]  30.9% of ~  19.66MiB at  912.72KiB/s ETA 00:15 (frag 74/244)
2026-01-03 18:47:41,501 [DEBUG] [download]  30.9% of ~  19.76MiB at  912.72KiB/s ETA 00:15 (frag 74/244)
2026-01-03 18:47:41,655 [DEBUG] [download]  30.2% of ~  20.23MiB at  912.72KiB/s ETA 00:15 (frag 75/244)
2026-01-03 18:47:41,656 [DEBUG] [download]  31.2% of ~  19.64MiB at  908.36KiB/s ETA 00:15 (frag 75/244)
2026-01-03 18:47:41,656 [DEBUG] [download]  31.2% of ~  19.64MiB at  908.36KiB/s ETA 00:15 (frag 75/244)
2026-01-03 18:47:41,657 [DEBUG] [download]  31.2% of ~  19.64MiB at  908.36KiB/s ETA 00:15 (frag 75/244)
2026-01-03 18:47:41,662 [DEBUG] [download]  31.2% of ~  19.66MiB at  908.36KiB/s ETA 00:15 (frag 75/244)
2026-01-03 18:47:41,665 [DEBUG] [download]  31.2% of ~  19.68MiB at  908.36KiB/s ETA 00:15 (frag 75/244)
2026-01-03 18:47:41,672 [DEBUG] [download]  31.3% of ~  19.73MiB at  908.36KiB/s ETA 00:15 (frag 75/244)
2026-01-03 18:47:41,673 [DEBUG] [download]  31.4% of ~  19.83MiB at  908.36KiB/s ETA 00:15 (frag 75/244)
2026-01-03 18:47:41,732 [DEBUG] [download]  30.6% of ~  20.31MiB at  908.36KiB/s ETA 00:15 (frag 76/244)
2026-01-03 18:47:41,732 [DEBUG] [download]  31.6% of ~  19.71MiB at  905.85KiB/s ETA 00:15 (frag 76/244)
2026-01-03 18:47:41,733 [DEBUG] [download]  31.6% of ~  19.71MiB at  905.85KiB/s ETA 00:15 (frag 76/244)
2026-01-03 18:47:41,733 [DEBUG] [download]  31.6% of ~  19.72MiB at  905.85KiB/s ETA 00:15 (frag 76/244)
2026-01-03 18:47:41,735 [DEBUG] [download]  31.6% of ~  19.73MiB at  905.85KiB/s ETA 00:15 (frag 76/244)
2026-01-03 18:47:41,741 [DEBUG] [download]  31.6% of ~  19.76MiB at  905.85KiB/s ETA 00:15 (frag 76/244)
2026-01-03 18:47:41,744 [DEBUG] [download]  31.7% of ~  19.81MiB at  905.85KiB/s ETA 00:15 (frag 76/244)
2026-01-03 18:47:41,745 [DEBUG] [download]  31.7% of ~  19.91MiB at  905.85KiB/s ETA 00:15 (frag 76/244)
2026-01-03 18:47:41,807 [DEBUG] [download]  31.1% of ~  20.25MiB at  905.85KiB/s ETA 00:15 (frag 77/244)
2026-01-03 18:47:41,807 [DEBUG] [download]  32.0% of ~  19.72MiB at  905.37KiB/s ETA 00:15 (frag 77/244)
2026-01-03 18:47:41,808 [DEBUG] [download]  32.0% of ~  19.73MiB at  905.37KiB/s ETA 00:15 (frag 77/244)
2026-01-03 18:47:41,809 [DEBUG] [download]  32.0% of ~  19.73MiB at  905.37KiB/s ETA 00:15 (frag 77/244)
2026-01-03 18:47:41,815 [DEBUG] [download]  32.0% of ~  19.74MiB at  905.37KiB/s ETA 00:15 (frag 77/244)
2026-01-03 18:47:41,816 [DEBUG] [download]  32.0% of ~  19.77MiB at  905.37KiB/s ETA 00:15 (frag 77/244)
2026-01-03 18:47:41,818 [DEBUG] [download]  32.1% of ~  19.82MiB at  905.37KiB/s ETA 00:15 (frag 77/244)
2026-01-03 18:47:41,818 [DEBUG] [download]  32.0% of ~  19.92MiB at  905.37KiB/s ETA 00:15 (frag 77/244)
2026-01-03 18:47:41,880 [DEBUG] [download]  31.6% of ~  20.21MiB at  905.37KiB/s ETA 00:15 (frag 78/244)
2026-01-03 18:47:41,880 [DEBUG] [download]  32.4% of ~  19.71MiB at  908.13KiB/s ETA 00:15 (frag 78/244)
2026-01-03 18:47:41,886 [DEBUG] [download]  32.4% of ~  19.72MiB at  908.13KiB/s ETA 00:15 (frag 78/244)
2026-01-03 18:47:41,887 [DEBUG] [download]  32.4% of ~  19.72MiB at  908.13KiB/s ETA 00:15 (frag 78/244)
2026-01-03 18:47:41,889 [DEBUG] [download]  32.4% of ~  19.73MiB at  908.13KiB/s ETA 00:15 (frag 78/244)
2026-01-03 18:47:41,890 [DEBUG] [download]  32.5% of ~  19.76MiB at  908.13KiB/s ETA 00:15 (frag 78/244)
2026-01-03 18:47:41,890 [DEBUG] [download]  32.5% of ~  19.81MiB at  908.13KiB/s ETA 00:15 (frag 78/244)
2026-01-03 18:47:41,951 [DEBUG] [download]  32.1% of ~  20.00MiB at  908.13KiB/s ETA 00:15 (frag 79/244)
2026-01-03 18:47:41,951 [DEBUG] [download]  32.8% of ~  19.61MiB at  904.99KiB/s ETA 00:15 (frag 79/244)
2026-01-03 18:47:41,955 [DEBUG] [download]  32.8% of ~  19.61MiB at  904.99KiB/s ETA 00:15 (frag 79/244)
2026-01-03 18:47:41,955 [DEBUG] [download]  32.8% of ~  19.62MiB at  904.99KiB/s ETA 00:15 (frag 79/244)
2026-01-03 18:47:41,959 [DEBUG] [download]  32.8% of ~  19.63MiB at  904.99KiB/s ETA 00:15 (frag 79/244)
2026-01-03 18:47:41,963 [DEBUG] [download]  32.9% of ~  19.66MiB at  904.99KiB/s ETA 00:15 (frag 79/244)
2026-01-03 18:47:41,966 [DEBUG] [download]  32.9% of ~  19.70MiB at  904.99KiB/s ETA 00:15 (frag 79/244)
2026-01-03 18:47:41,966 [DEBUG] [download]  32.9% of ~  19.80MiB at  904.99KiB/s ETA 00:15 (frag 79/244)
2026-01-03 18:47:42,027 [DEBUG] [download]  32.3% of ~  20.16MiB at  904.99KiB/s ETA 00:15 (frag 80/244)
2026-01-03 18:47:42,028 [DEBUG] [download]  33.2% of ~  19.64MiB at  904.52KiB/s ETA 00:15 (frag 80/244)
2026-01-03 18:47:42,029 [DEBUG] [download]  33.2% of ~  19.64MiB at  904.52KiB/s ETA 00:15 (frag 80/244)
2026-01-03 18:47:42,030 [DEBUG] [download]  33.2% of ~  19.65MiB at  904.52KiB/s ETA 00:15 (frag 80/244)
2026-01-03 18:47:42,033 [DEBUG] [download]  33.2% of ~  19.66MiB at  904.52KiB/s ETA 00:15 (frag 80/244)
2026-01-03 18:47:42,038 [DEBUG] [download]  33.3% of ~  19.68MiB at  904.52KiB/s ETA 00:15 (frag 80/244)
2026-01-03 18:47:42,039 [DEBUG] [download]  33.4% of ~  19.73MiB at  904.52KiB/s ETA 00:15 (frag 80/244)
2026-01-03 18:47:42,039 [DEBUG] [download]  33.2% of ~  19.83MiB at  904.52KiB/s ETA 00:15 (frag 80/244)
2026-01-03 18:47:42,105 [DEBUG] [download]  32.9% of ~  20.05MiB at  904.52KiB/s ETA 00:15 (frag 81/244)
2026-01-03 18:47:42,105 [DEBUG] [download]  33.6% of ~  19.60MiB at  904.14KiB/s ETA 00:15 (frag 81/244)
2026-01-03 18:47:42,106 [DEBUG] [download]  33.6% of ~  19.61MiB at  904.14KiB/s ETA 00:15 (frag 81/244)
2026-01-03 18:47:42,107 [DEBUG] [download]  33.6% of ~  19.61MiB at  904.14KiB/s ETA 00:15 (frag 81/244)
2026-01-03 18:47:42,108 [DEBUG] [download]  33.6% of ~  19.62MiB at  904.14KiB/s ETA 00:15 (frag 81/244)
2026-01-03 18:47:42,109 [DEBUG] [download]  33.7% of ~  19.65MiB at  904.14KiB/s ETA 00:15 (frag 81/244)
2026-01-03 18:47:42,109 [DEBUG] [download]  33.7% of ~  19.69MiB at  904.14KiB/s ETA 00:15 (frag 81/244)
2026-01-03 18:47:42,179 [DEBUG] [download]  33.4% of ~  19.88MiB at  904.14KiB/s ETA 00:15 (frag 82/244)
2026-01-03 18:47:42,180 [DEBUG] [download]  34.0% of ~  19.51MiB at  899.66KiB/s ETA 00:15 (frag 82/244)
2026-01-03 18:47:42,180 [DEBUG] [download]  34.0% of ~  19.51MiB at  899.66KiB/s ETA 00:15 (frag 82/244)
2026-01-03 18:47:42,185 [DEBUG] [download]  34.0% of ~  19.51MiB at  899.66KiB/s ETA 00:15 (frag 82/244)
2026-01-03 18:47:42,185 [DEBUG] [download]  34.1% of ~  19.53MiB at  899.66KiB/s ETA 00:15 (frag 82/244)
2026-01-03 18:47:42,187 [DEBUG] [download]  34.1% of ~  19.55MiB at  899.66KiB/s ETA 00:15 (frag 82/244)
2026-01-03 18:47:42,193 [DEBUG] [download]  34.2% of ~  19.59MiB at  899.66KiB/s ETA 00:15 (frag 82/244)
2026-01-03 18:47:42,193 [DEBUG] [download]  34.2% of ~  19.69MiB at  899.66KiB/s ETA 00:15 (frag 82/244)
2026-01-03 18:47:42,252 [DEBUG] [download]  33.5% of ~  20.14MiB at  899.66KiB/s ETA 00:15 (frag 83/244)
2026-01-03 18:47:42,258 [DEBUG] [download]  34.4% of ~  19.58MiB at  896.84KiB/s ETA 00:15 (frag 83/244)
2026-01-03 18:47:42,259 [DEBUG] [download]  34.4% of ~  19.59MiB at  896.84KiB/s ETA 00:15 (frag 83/244)
2026-01-03 18:47:42,259 [DEBUG] [download]  34.4% of ~  19.59MiB at  896.84KiB/s ETA 00:15 (frag 83/244)
2026-01-03 18:47:42,262 [DEBUG] [download]  34.5% of ~  19.60MiB at  896.84KiB/s ETA 00:15 (frag 83/244)
2026-01-03 18:47:42,264 [DEBUG] [download]  34.5% of ~  19.63MiB at  896.84KiB/s ETA 00:15 (frag 83/244)
2026-01-03 18:47:42,264 [DEBUG] [download]  34.6% of ~  19.67MiB at  896.84KiB/s ETA 00:15 (frag 83/244)
2026-01-03 18:47:42,329 [DEBUG] [download]  34.1% of ~  19.92MiB at  896.84KiB/s ETA 00:15 (frag 84/244)
2026-01-03 18:47:42,329 [DEBUG] [download]  34.8% of ~  19.52MiB at  895.29KiB/s ETA 00:15 (frag 84/244)
2026-01-03 18:47:42,330 [DEBUG] [download]  34.8% of ~  19.52MiB at  895.29KiB/s ETA 00:15 (frag 84/244)
2026-01-03 18:47:42,330 [DEBUG] [download]  34.9% of ~  19.53MiB at  895.29KiB/s ETA 00:15 (frag 84/244)
2026-01-03 18:47:42,334 [DEBUG] [download]  34.9% of ~  19.54MiB at  895.29KiB/s ETA 00:15 (frag 84/244)
2026-01-03 18:47:42,340 [DEBUG] [download]  34.9% of ~  19.56MiB at  895.29KiB/s ETA 00:15 (frag 84/244)
2026-01-03 18:47:42,341 [DEBUG] [download]  35.0% of ~  19.61MiB at  895.29KiB/s ETA 00:15 (frag 84/244)
2026-01-03 18:47:42,341 [DEBUG] [download]  35.0% of ~  19.70MiB at  895.29KiB/s ETA 00:15 (frag 84/244)
2026-01-03 18:47:42,403 [DEBUG] [download]  34.4% of ~  20.02MiB at  895.29KiB/s ETA 00:15 (frag 85/244)
2026-01-03 18:47:42,403 [DEBUG] [download]  35.3% of ~  19.54MiB at  895.61KiB/s ETA 00:15 (frag 85/244)
2026-01-03 18:47:42,403 [DEBUG] [download]  35.3% of ~  19.54MiB at  895.61KiB/s ETA 00:15 (frag 85/244)
2026-01-03 18:47:42,404 [DEBUG] [download]  35.3% of ~  19.55MiB at  895.61KiB/s ETA 00:15 (frag 85/244)
2026-01-03 18:47:42,404 [DEBUG] [download]  35.3% of ~  19.56MiB at  895.61KiB/s ETA 00:15 (frag 85/244)
2026-01-03 18:47:42,413 [DEBUG] [download]  35.3% of ~  19.58MiB at  895.61KiB/s ETA 00:15 (frag 85/244)
2026-01-03 18:47:42,414 [DEBUG] [download]  35.4% of ~  19.63MiB at  895.61KiB/s ETA 00:15 (frag 85/244)
2026-01-03 18:47:42,415 [DEBUG] [download]  35.4% of ~  19.72MiB at  895.61KiB/s ETA 00:15 (frag 85/244)
2026-01-03 18:47:42,475 [DEBUG] [download]  34.8% of ~  20.01MiB at  895.61KiB/s ETA 00:15 (frag 86/244)
2026-01-03 18:47:42,476 [DEBUG] [download]  35.7% of ~  19.55MiB at  898.87KiB/s ETA 00:14 (frag 86/244)
2026-01-03 18:47:42,476 [DEBUG] [download]  35.7% of ~  19.55MiB at  898.87KiB/s ETA 00:14 (frag 86/244)
2026-01-03 18:47:42,477 [DEBUG] [download]  35.7% of ~  19.56MiB at  898.87KiB/s ETA 00:14 (frag 86/244)
2026-01-03 18:47:42,480 [DEBUG] [download]  35.7% of ~  19.57MiB at  898.87KiB/s ETA 00:14 (frag 86/244)
2026-01-03 18:47:42,487 [DEBUG] [download]  35.7% of ~  19.59MiB at  898.87KiB/s ETA 00:14 (frag 86/244)
2026-01-03 18:47:42,490 [DEBUG] [download]  35.8% of ~  19.64MiB at  898.87KiB/s ETA 00:14 (frag 86/244)
2026-01-03 18:47:42,491 [DEBUG] [download]  35.9% of ~  19.72MiB at  898.87KiB/s ETA 00:14 (frag 86/244)
2026-01-03 18:47:42,555 [DEBUG] [download]  35.1% of ~  20.13MiB at  898.87KiB/s ETA 00:14 (frag 87/244)
2026-01-03 18:47:42,555 [DEBUG] [download]  36.1% of ~  19.62MiB at  900.78KiB/s ETA 00:14 (frag 87/244)
2026-01-03 18:47:42,556 [DEBUG] [download]  36.1% of ~  19.62MiB at  900.78KiB/s ETA 00:14 (frag 87/244)
2026-01-03 18:47:42,556 [DEBUG] [download]  36.1% of ~  19.63MiB at  900.78KiB/s ETA 00:14 (frag 87/244)
2026-01-03 18:47:42,558 [DEBUG] [download]  36.1% of ~  19.64MiB at  900.78KiB/s ETA 00:14 (frag 87/244)
2026-01-03 18:47:42,562 [DEBUG] [download]  36.1% of ~  19.66MiB at  900.78KiB/s ETA 00:14 (frag 87/244)
2026-01-03 18:47:42,565 [DEBUG] [download]  36.2% of ~  19.70MiB at  900.78KiB/s ETA 00:14 (frag 87/244)
2026-01-03 18:47:42,565 [DEBUG] [download]  36.3% of ~  19.79MiB at  900.78KiB/s ETA 00:14 (frag 87/244)
2026-01-03 18:47:42,635 [DEBUG] [download]  35.5% of ~  20.21MiB at  900.78KiB/s ETA 00:14 (frag 88/244)
2026-01-03 18:47:42,635 [DEBUG] [download]  36.5% of ~  19.69MiB at  898.79KiB/s ETA 00:14 (frag 88/244)
2026-01-03 18:47:42,636 [DEBUG] [download]  36.5% of ~  19.69MiB at  898.79KiB/s ETA 00:14 (frag 88/244)
2026-01-03 18:47:42,636 [DEBUG] [download]  36.5% of ~  19.70MiB at  898.79KiB/s ETA 00:14 (frag 88/244)
2026-01-03 18:47:42,638 [DEBUG] [download]  36.5% of ~  19.71MiB at  898.79KiB/s ETA 00:14 (frag 88/244)
2026-01-03 18:47:42,641 [DEBUG] [download]  36.6% of ~  19.73MiB at  898.79KiB/s ETA 00:14 (frag 88/244)
2026-01-03 18:47:42,642 [DEBUG] [download]  36.6% of ~  19.77MiB at  898.79KiB/s ETA 00:14 (frag 88/244)
2026-01-03 18:47:42,642 [DEBUG] [download]  36.6% of ~  19.86MiB at  898.79KiB/s ETA 00:14 (frag 88/244)
2026-01-03 18:47:42,699 [DEBUG] [download]  36.0% of ~  20.18MiB at  898.79KiB/s ETA 00:14 (frag 89/244)
2026-01-03 18:47:42,699 [DEBUG] [download]  36.9% of ~  19.72MiB at  900.83KiB/s ETA 00:14 (frag 89/244)
2026-01-03 18:47:42,700 [DEBUG] [download]  36.9% of ~  19.72MiB at  900.83KiB/s ETA 00:14 (frag 89/244)
2026-01-03 18:47:42,701 [DEBUG] [download]  36.9% of ~  19.72MiB at  900.83KiB/s ETA 00:14 (frag 89/244)
2026-01-03 18:47:42,703 [DEBUG] [download]  36.9% of ~  19.73MiB at  900.83KiB/s ETA 00:14 (frag 89/244)
2026-01-03 18:47:42,710 [DEBUG] [download]  37.0% of ~  19.76MiB at  900.83KiB/s ETA 00:14 (frag 89/244)
2026-01-03 18:47:42,712 [DEBUG] [download]  37.0% of ~  19.80MiB at  900.83KiB/s ETA 00:14 (frag 89/244)
2026-01-03 18:47:42,712 [DEBUG] [download]  37.0% of ~  19.88MiB at  900.83KiB/s ETA 00:14 (frag 89/244)
2026-01-03 18:47:42,786 [DEBUG] [download]  36.5% of ~  20.18MiB at  900.83KiB/s ETA 00:14 (frag 90/244)
2026-01-03 18:47:42,786 [DEBUG] [download]  37.3% of ~  19.73MiB at  900.76KiB/s ETA 00:14 (frag 90/244)
2026-01-03 18:47:42,787 [DEBUG] [download]  37.3% of ~  19.73MiB at  900.76KiB/s ETA 00:14 (frag 90/244)
2026-01-03 18:47:42,788 [DEBUG] [download]  37.3% of ~  19.74MiB at  900.76KiB/s ETA 00:14 (frag 90/244)
2026-01-03 18:47:42,788 [DEBUG] [download]  37.3% of ~  19.75MiB at  900.76KiB/s ETA 00:14 (frag 90/244)
2026-01-03 18:47:42,789 [DEBUG] [download]  37.4% of ~  19.77MiB at  900.76KiB/s ETA 00:14 (frag 90/244)
2026-01-03 18:47:42,789 [DEBUG] [download]  37.4% of ~  19.81MiB at  900.76KiB/s ETA 00:14 (frag 90/244)
2026-01-03 18:47:43,089 [DEBUG] [download]  37.0% of ~  20.00MiB at  900.76KiB/s ETA 00:14 (frag 91/244)
2026-01-03 18:47:43,090 [DEBUG] [download]  37.7% of ~  19.65MiB at  893.70KiB/s ETA 00:14 (frag 91/244)
2026-01-03 18:47:43,090 [DEBUG] [download]  37.7% of ~  19.65MiB at  893.70KiB/s ETA 00:14 (frag 91/244)
2026-01-03 18:47:43,091 [DEBUG] [download]  37.7% of ~  19.66MiB at  893.70KiB/s ETA 00:14 (frag 91/244)
2026-01-03 18:47:43,091 [DEBUG] [download]  37.7% of ~  19.67MiB at  893.70KiB/s ETA 00:14 (frag 91/244)
2026-01-03 18:47:43,102 [DEBUG] [download]  37.8% of ~  19.69MiB at  893.70KiB/s ETA 00:14 (frag 91/244)
2026-01-03 18:47:43,104 [DEBUG] [download]  37.9% of ~  19.73MiB at  893.70KiB/s ETA 00:14 (frag 91/244)
2026-01-03 18:47:43,104 [DEBUG] [download]  37.9% of ~  19.81MiB at  893.70KiB/s ETA 00:14 (frag 91/244)
2026-01-03 18:47:43,163 [DEBUG] [download]  37.2% of ~  20.15MiB at  893.70KiB/s ETA 00:14 (frag 92/244)
2026-01-03 18:47:43,163 [DEBUG] [download]  38.1% of ~  19.69MiB at  892.06KiB/s ETA 00:14 (frag 92/244)
2026-01-03 18:47:43,164 [DEBUG] [download]  38.1% of ~  19.69MiB at  892.06KiB/s ETA 00:14 (frag 92/244)
2026-01-03 18:47:43,164 [DEBUG] [download]  38.1% of ~  19.70MiB at  892.06KiB/s ETA 00:14 (frag 92/244)
2026-01-03 18:47:43,166 [DEBUG] [download]  38.2% of ~  19.71MiB at  892.06KiB/s ETA 00:14 (frag 92/244)
2026-01-03 18:47:43,168 [DEBUG] [download]  38.2% of ~  19.73MiB at  892.06KiB/s ETA 00:14 (frag 92/244)
2026-01-03 18:47:43,170 [DEBUG] [download]  38.3% of ~  19.77MiB at  892.06KiB/s ETA 00:14 (frag 92/244)
2026-01-03 18:47:43,170 [DEBUG] [download]  38.2% of ~  19.85MiB at  892.06KiB/s ETA 00:14 (frag 92/244)
2026-01-03 18:47:43,240 [DEBUG] [download]  37.8% of ~  20.05MiB at  892.06KiB/s ETA 00:14 (frag 93/244)
2026-01-03 18:47:43,240 [DEBUG] [download]  38.5% of ~  19.66MiB at  886.91KiB/s ETA 00:14 (frag 93/244)
2026-01-03 18:47:43,241 [DEBUG] [download]  38.5% of ~  19.66MiB at  886.91KiB/s ETA 00:14 (frag 93/244)
2026-01-03 18:47:43,241 [DEBUG] [download]  38.5% of ~  19.67MiB at  886.91KiB/s ETA 00:14 (frag 93/244)
2026-01-03 18:47:43,246 [DEBUG] [download]  38.6% of ~  19.68MiB at  886.91KiB/s ETA 00:14 (frag 93/244)
2026-01-03 18:47:43,265 [DEBUG] [download]  38.6% of ~  19.70MiB at  886.91KiB/s ETA 00:14 (frag 93/244)
2026-01-03 18:47:43,265 [DEBUG] [download]  38.7% of ~  19.74MiB at  886.91KiB/s ETA 00:14 (frag 93/244)
2026-01-03 18:47:43,266 [DEBUG] [download]  38.5% of ~  19.82MiB at  886.91KiB/s ETA 00:14 (frag 93/244)
2026-01-03 18:47:43,312 [DEBUG] [download]  38.2% of ~  20.00MiB at  886.91KiB/s ETA 00:14 (frag 94/244)
2026-01-03 18:47:43,313 [DEBUG] [download]  38.9% of ~  19.62MiB at  880.98KiB/s ETA 00:14 (frag 94/244)
2026-01-03 18:47:43,313 [DEBUG] [download]  38.9% of ~  19.62MiB at  880.98KiB/s ETA 00:14 (frag 94/244)
2026-01-03 18:47:43,314 [DEBUG] [download]  39.0% of ~  19.63MiB at  880.98KiB/s ETA 00:14 (frag 94/244)
2026-01-03 18:47:43,317 [DEBUG] [download]  39.0% of ~  19.64MiB at  880.98KiB/s ETA 00:14 (frag 94/244)
2026-01-03 18:47:43,320 [DEBUG] [download]  39.0% of ~  19.66MiB at  880.98KiB/s ETA 00:14 (frag 94/244)
2026-01-03 18:47:43,321 [DEBUG] [download]  39.1% of ~  19.70MiB at  880.98KiB/s ETA 00:14 (frag 94/244)
2026-01-03 18:47:43,322 [DEBUG] [download]  39.0% of ~  19.78MiB at  880.98KiB/s ETA 00:14 (frag 94/244)
2026-01-03 18:47:43,387 [DEBUG] [download]  38.6% of ~  19.99MiB at  880.98KiB/s ETA 00:14 (frag 95/244)
2026-01-03 18:47:43,388 [DEBUG] [download]  39.3% of ~  19.60MiB at  876.58KiB/s ETA 00:14 (frag 95/244)
2026-01-03 18:47:43,389 [DEBUG] [download]  39.4% of ~  19.60MiB at  876.58KiB/s ETA 00:14 (frag 95/244)
2026-01-03 18:47:43,390 [DEBUG] [download]  39.4% of ~  19.60MiB at  876.58KiB/s ETA 00:14 (frag 95/244)
2026-01-03 18:47:43,391 [DEBUG] [download]  39.4% of ~  19.61MiB at  876.58KiB/s ETA 00:14 (frag 95/244)
2026-01-03 18:47:43,392 [DEBUG] [download]  39.4% of ~  19.63MiB at  876.58KiB/s ETA 00:14 (frag 95/244)
2026-01-03 18:47:43,393 [DEBUG] [download]  39.5% of ~  19.67MiB at  876.58KiB/s ETA 00:14 (frag 95/244)
2026-01-03 18:47:43,463 [DEBUG] [download]  39.1% of ~  19.86MiB at  876.58KiB/s ETA 00:14 (frag 96/244)
2026-01-03 18:47:43,463 [DEBUG] [download]  39.8% of ~  19.52MiB at  868.34KiB/s ETA 00:14 (frag 96/244)
2026-01-03 18:47:43,466 [DEBUG] [download]  39.8% of ~  19.53MiB at  868.34KiB/s ETA 00:14 (frag 96/244)
2026-01-03 18:47:43,467 [DEBUG] [download]  39.8% of ~  19.53MiB at  868.34KiB/s ETA 00:14 (frag 96/244)
2026-01-03 18:47:43,468 [DEBUG] [download]  39.8% of ~  19.54MiB at  868.34KiB/s ETA 00:14 (frag 96/244)
2026-01-03 18:47:43,469 [DEBUG] [download]  39.8% of ~  19.56MiB at  868.34KiB/s ETA 00:14 (frag 96/244)
2026-01-03 18:47:43,471 [DEBUG] [download]  39.9% of ~  19.60MiB at  868.34KiB/s ETA 00:14 (frag 96/244)
2026-01-03 18:47:43,471 [DEBUG] [download]  39.9% of ~  19.68MiB at  868.34KiB/s ETA 00:14 (frag 96/244)
2026-01-03 18:47:43,549 [DEBUG] [download]  39.3% of ~  20.01MiB at  868.34KiB/s ETA 00:14 (frag 97/244)
2026-01-03 18:47:43,549 [DEBUG] [download]  40.2% of ~  19.57MiB at  865.76KiB/s ETA 00:14 (frag 97/244)
2026-01-03 18:47:43,550 [DEBUG] [download]  40.2% of ~  19.57MiB at  865.76KiB/s ETA 00:14 (frag 97/244)
2026-01-03 18:47:43,550 [DEBUG] [download]  40.2% of ~  19.57MiB at  865.76KiB/s ETA 00:14 (frag 97/244)
2026-01-03 18:47:43,552 [DEBUG] [download]  40.2% of ~  19.58MiB at  865.76KiB/s ETA 00:14 (frag 97/244)
2026-01-03 18:47:43,552 [DEBUG] [download]  40.2% of ~  19.60MiB at  865.76KiB/s ETA 00:14 (frag 97/244)
2026-01-03 18:47:43,556 [DEBUG] [download]  40.3% of ~  19.64MiB at  865.76KiB/s ETA 00:14 (frag 97/244)
2026-01-03 18:47:43,619 [DEBUG] [download]  39.9% of ~  19.80MiB at  865.76KiB/s ETA 00:14 (frag 98/244)
2026-01-03 18:47:43,620 [DEBUG] [download]  40.6% of ~  19.49MiB at  862.81KiB/s ETA 00:14 (frag 98/244)
2026-01-03 18:47:43,620 [DEBUG] [download]  40.6% of ~  19.49MiB at  862.81KiB/s ETA 00:14 (frag 98/244)
2026-01-03 18:47:43,621 [DEBUG] [download]  40.6% of ~  19.49MiB at  862.81KiB/s ETA 00:14 (frag 98/244)
2026-01-03 18:47:43,622 [DEBUG] [download]  40.6% of ~  19.50MiB at  862.81KiB/s ETA 00:14 (frag 98/244)
2026-01-03 18:47:43,647 [DEBUG] [download]  40.7% of ~  19.52MiB at  862.81KiB/s ETA 00:14 (frag 98/244)
2026-01-03 18:47:43,655 [DEBUG] [download]  40.7% of ~  19.56MiB at  862.81KiB/s ETA 00:14 (frag 98/244)
2026-01-03 18:47:43,655 [DEBUG] [download]  40.8% of ~  19.64MiB at  862.81KiB/s ETA 00:14 (frag 98/244)
2026-01-03 18:47:43,720 [DEBUG] [download]  40.0% of ~  20.02MiB at  862.81KiB/s ETA 00:14 (frag 99/244)
2026-01-03 18:47:43,721 [DEBUG] [download]  41.0% of ~  19.55MiB at  860.72KiB/s ETA 00:14 (frag 99/244)
2026-01-03 18:47:43,722 [DEBUG] [download]  41.0% of ~  19.56MiB at  860.72KiB/s ETA 00:14 (frag 99/244)
2026-01-03 18:47:43,726 [DEBUG] [download]  41.0% of ~  19.56MiB at  860.72KiB/s ETA 00:14 (frag 99/244)
2026-01-03 18:47:43,728 [DEBUG] [download]  41.0% of ~  19.57MiB at  860.72KiB/s ETA 00:14 (frag 99/244)
2026-01-03 18:47:43,730 [DEBUG] [download]  41.1% of ~  19.59MiB at  860.72KiB/s ETA 00:14 (frag 99/244)
2026-01-03 18:47:43,730 [DEBUG] [download]  41.1% of ~  19.63MiB at  860.72KiB/s ETA 00:14 (frag 99/244)
2026-01-03 18:47:43,731 [DEBUG] [download]  41.0% of ~  19.70MiB at  860.72KiB/s ETA 00:14 (frag 99/244)
2026-01-03 18:47:43,795 [DEBUG] [download]  40.6% of ~  19.90MiB at  860.72KiB/s ETA 00:14 (frag 100/244)
2026-01-03 18:47:43,795 [DEBUG] [download]  41.4% of ~  19.53MiB at  865.69KiB/s ETA 00:14 (frag 100/244)
2026-01-03 18:47:43,796 [DEBUG] [download]  41.4% of ~  19.53MiB at  865.69KiB/s ETA 00:14 (frag 100/244)
2026-01-03 18:47:43,798 [DEBUG] [download]  41.4% of ~  19.54MiB at  865.69KiB/s ETA 00:14 (frag 100/244)
2026-01-03 18:47:43,799 [DEBUG] [download]  41.4% of ~  19.55MiB at  865.69KiB/s ETA 00:14 (frag 100/244)
2026-01-03 18:47:43,802 [DEBUG] [download]  41.5% of ~  19.57MiB at  865.69KiB/s ETA 00:14 (frag 100/244)
2026-01-03 18:47:43,802 [DEBUG] [download]  41.6% of ~  19.60MiB at  865.69KiB/s ETA 00:14 (frag 100/244)
2026-01-03 18:47:43,803 [DEBUG] [download]  41.4% of ~  19.68MiB at  865.69KiB/s ETA 00:14 (frag 100/244)
2026-01-03 18:47:43,874 [DEBUG] [download]  41.0% of ~  19.88MiB at  865.69KiB/s ETA 00:14 (frag 101/244)
2026-01-03 18:47:43,874 [DEBUG] [download]  41.8% of ~  19.51MiB at  869.68KiB/s ETA 00:14 (frag 101/244)
2026-01-03 18:47:43,874 [DEBUG] [download]  41.8% of ~  19.52MiB at  869.68KiB/s ETA 00:14 (frag 101/244)
2026-01-03 18:47:43,876 [DEBUG] [download]  41.8% of ~  19.52MiB at  869.68KiB/s ETA 00:14 (frag 101/244)
2026-01-03 18:47:43,877 [DEBUG] [download]  41.8% of ~  19.53MiB at  869.68KiB/s ETA 00:14 (frag 101/244)
2026-01-03 18:47:43,878 [DEBUG] [download]  41.9% of ~  19.55MiB at  869.68KiB/s ETA 00:14 (frag 101/244)
2026-01-03 18:47:43,881 [DEBUG] [download]  42.0% of ~  19.59MiB at  869.68KiB/s ETA 00:14 (frag 101/244)
2026-01-03 18:47:43,882 [DEBUG] [download]  42.0% of ~  19.66MiB at  869.68KiB/s ETA 00:14 (frag 101/244)
2026-01-03 18:47:43,945 [DEBUG] [download]  41.3% of ~  20.01MiB at  869.68KiB/s ETA 00:14 (frag 102/244)
2026-01-03 18:47:43,946 [DEBUG] [download]  42.2% of ~  19.57MiB at  880.36KiB/s ETA 00:13 (frag 102/244)
2026-01-03 18:47:43,946 [DEBUG] [download]  42.2% of ~  19.57MiB at  880.36KiB/s ETA 00:13 (frag 102/244)
2026-01-03 18:47:43,949 [DEBUG] [download]  42.2% of ~  19.58MiB at  880.36KiB/s ETA 00:13 (frag 102/244)
2026-01-03 18:47:43,950 [DEBUG] [download]  42.3% of ~  19.59MiB at  880.36KiB/s ETA 00:13 (frag 102/244)
2026-01-03 18:47:43,951 [DEBUG] [download]  42.3% of ~  19.61MiB at  880.36KiB/s ETA 00:13 (frag 102/244)
2026-01-03 18:47:43,955 [DEBUG] [download]  42.4% of ~  19.64MiB at  880.36KiB/s ETA 00:13 (frag 102/244)
2026-01-03 18:47:43,955 [DEBUG] [download]  42.4% of ~  19.72MiB at  880.36KiB/s ETA 00:13 (frag 102/244)
2026-01-03 18:47:44,023 [DEBUG] [download]  41.7% of ~  20.06MiB at  880.36KiB/s ETA 00:13 (frag 103/244)
2026-01-03 18:47:44,023 [DEBUG] [download]  42.6% of ~  19.62MiB at  890.62KiB/s ETA 00:13 (frag 103/244)
2026-01-03 18:47:44,024 [DEBUG] [download]  42.6% of ~  19.63MiB at  890.62KiB/s ETA 00:13 (frag 103/244)
2026-01-03 18:47:44,030 [DEBUG] [download]  42.6% of ~  19.63MiB at  890.62KiB/s ETA 00:13 (frag 103/244)
2026-01-03 18:47:44,030 [DEBUG] [download]  42.7% of ~  19.64MiB at  890.62KiB/s ETA 00:13 (frag 103/244)
2026-01-03 18:47:44,030 [DEBUG] [download]  42.7% of ~  19.66MiB at  890.62KiB/s ETA 00:13 (frag 103/244)
2026-01-03 18:47:44,030 [DEBUG] [download]  42.8% of ~  19.70MiB at  890.62KiB/s ETA 00:13 (frag 103/244)
2026-01-03 18:47:44,031 [DEBUG] [download]  42.7% of ~  19.77MiB at  890.62KiB/s ETA 00:13 (frag 103/244)
2026-01-03 18:47:44,095 [DEBUG] [download]  42.2% of ~  20.01MiB at  890.62KiB/s ETA 00:13 (frag 104/244)
2026-01-03 18:47:44,095 [DEBUG] [download]  43.0% of ~  19.63MiB at  895.07KiB/s ETA 00:13 (frag 104/244)
2026-01-03 18:47:44,096 [DEBUG] [download]  43.0% of ~  19.63MiB at  895.07KiB/s ETA 00:13 (frag 104/244)
2026-01-03 18:47:44,096 [DEBUG] [download]  43.1% of ~  19.63MiB at  895.07KiB/s ETA 00:13 (frag 104/244)
2026-01-03 18:47:44,098 [DEBUG] [download]  43.1% of ~  19.64MiB at  895.07KiB/s ETA 00:13 (frag 104/244)
2026-01-03 18:47:44,099 [DEBUG] [download]  43.1% of ~  19.66MiB at  895.07KiB/s ETA 00:13 (frag 104/244)
2026-01-03 18:47:44,100 [DEBUG] [download]  43.2% of ~  19.70MiB at  895.07KiB/s ETA 00:13 (frag 104/244)
2026-01-03 18:47:44,174 [DEBUG] [download]  42.8% of ~  19.89MiB at  895.07KiB/s ETA 00:13 (frag 105/244)
2026-01-03 18:47:44,175 [DEBUG] [download]  43.4% of ~  19.57MiB at  897.29KiB/s ETA 00:13 (frag 105/244)
2026-01-03 18:47:44,176 [DEBUG] [download]  43.5% of ~  19.57MiB at  897.29KiB/s ETA 00:13 (frag 105/244)
2026-01-03 18:47:44,176 [DEBUG] [download]  43.5% of ~  19.58MiB at  897.29KiB/s ETA 00:13 (frag 105/244)
2026-01-03 18:47:44,181 [DEBUG] [download]  43.5% of ~  19.59MiB at  897.29KiB/s ETA 00:13 (frag 105/244)
2026-01-03 18:47:44,182 [DEBUG] [download]  43.5% of ~  19.61MiB at  897.29KiB/s ETA 00:13 (frag 105/244)
2026-01-03 18:47:44,182 [DEBUG] [download]  43.6% of ~  19.64MiB at  897.29KiB/s ETA 00:13 (frag 105/244)
2026-01-03 18:47:44,182 [DEBUG] [download]  43.6% of ~  19.71MiB at  897.29KiB/s ETA 00:13 (frag 105/244)
2026-01-03 18:47:44,247 [DEBUG] [download]  43.0% of ~  19.97MiB at  897.29KiB/s ETA 00:13 (frag 106/244)
2026-01-03 18:47:44,247 [DEBUG] [download]  43.9% of ~  19.59MiB at  894.92KiB/s ETA 00:13 (frag 106/244)
2026-01-03 18:47:44,247 [DEBUG] [download]  43.9% of ~  19.59MiB at  894.92KiB/s ETA 00:13 (frag 106/244)
2026-01-03 18:47:44,248 [DEBUG] [download]  43.9% of ~  19.59MiB at  894.92KiB/s ETA 00:13 (frag 106/244)
2026-01-03 18:47:44,402 [DEBUG] [download]  43.9% of ~  19.60MiB at  894.92KiB/s ETA 00:13 (frag 106/244)
2026-01-03 18:47:44,403 [DEBUG] [download]  43.9% of ~  19.62MiB at  900.48KiB/s ETA 00:13 (frag 106/244)
2026-01-03 18:47:44,404 [DEBUG] [download]  44.0% of ~  19.66MiB at  900.48KiB/s ETA 00:13 (frag 106/244)
2026-01-03 18:47:44,562 [DEBUG] [download]  43.6% of ~  19.83MiB at  900.48KiB/s ETA 00:13 (frag 107/244)
2026-01-03 18:47:44,562 [DEBUG] [download]  44.3% of ~  19.53MiB at  897.34KiB/s ETA 00:13 (frag 107/244)
2026-01-03 18:47:44,563 [DEBUG] [download]  44.3% of ~  19.53MiB at  897.34KiB/s ETA 00:13 (frag 107/244)
2026-01-03 18:47:44,563 [DEBUG] [download]  44.3% of ~  19.53MiB at  897.34KiB/s ETA 00:13 (frag 107/244)
2026-01-03 18:47:44,564 [DEBUG] [download]  44.3% of ~  19.54MiB at  897.34KiB/s ETA 00:13 (frag 107/244)
2026-01-03 18:47:44,567 [DEBUG] [download]  44.3% of ~  19.56MiB at  897.34KiB/s ETA 00:13 (frag 107/244)
2026-01-03 18:47:44,580 [DEBUG] [download]  44.4% of ~  19.59MiB at  897.34KiB/s ETA 00:13 (frag 107/244)
2026-01-03 18:47:44,581 [DEBUG] [download]  44.5% of ~  19.66MiB at  897.34KiB/s ETA 00:13 (frag 107/244)
2026-01-03 18:47:44,635 [DEBUG] [download]  43.7% of ~  20.02MiB at  897.34KiB/s ETA 00:13 (frag 108/244)
2026-01-03 18:47:44,636 [DEBUG] [download]  44.7% of ~  19.59MiB at  899.86KiB/s ETA 00:13 (frag 108/244)
2026-01-03 18:47:44,638 [DEBUG] [download]  44.7% of ~  19.59MiB at  899.86KiB/s ETA 00:13 (frag 108/244)
2026-01-03 18:47:44,638 [DEBUG] [download]  44.7% of ~  19.60MiB at  899.86KiB/s ETA 00:13 (frag 108/244)
2026-01-03 18:47:44,642 [DEBUG] [download]  44.7% of ~  19.61MiB at  899.86KiB/s ETA 00:13 (frag 108/244)
2026-01-03 18:47:44,645 [DEBUG] [download]  44.8% of ~  19.62MiB at  899.86KiB/s ETA 00:13 (frag 108/244)
2026-01-03 18:47:44,648 [DEBUG] [download]  44.8% of ~  19.66MiB at  899.86KiB/s ETA 00:13 (frag 108/244)
2026-01-03 18:47:44,649 [DEBUG] [download]  44.9% of ~  19.73MiB at  899.86KiB/s ETA 00:13 (frag 108/244)
2026-01-03 18:47:44,718 [DEBUG] [download]  44.1% of ~  20.08MiB at  899.86KiB/s ETA 00:13 (frag 109/244)
2026-01-03 18:47:44,718 [DEBUG] [download]  45.1% of ~  19.65MiB at  901.48KiB/s ETA 00:13 (frag 109/244)
2026-01-03 18:47:44,719 [DEBUG] [download]  45.1% of ~  19.66MiB at  901.48KiB/s ETA 00:13 (frag 109/244)
2026-01-03 18:47:44,719 [DEBUG] [download]  45.1% of ~  19.66MiB at  901.48KiB/s ETA 00:13 (frag 109/244)
2026-01-03 18:47:44,720 [DEBUG] [download]  45.1% of ~  19.67MiB at  901.48KiB/s ETA 00:13 (frag 109/244)
2026-01-03 18:47:44,722 [DEBUG] [download]  45.2% of ~  19.69MiB at  901.48KiB/s ETA 00:13 (frag 109/244)
2026-01-03 18:47:44,723 [DEBUG] [download]  45.2% of ~  19.72MiB at  901.48KiB/s ETA 00:13 (frag 109/244)
2026-01-03 18:47:44,723 [DEBUG] [download]  45.2% of ~  19.79MiB at  901.48KiB/s ETA 00:13 (frag 109/244)
2026-01-03 18:47:44,783 [DEBUG] [download]  44.7% of ~  20.00MiB at  901.48KiB/s ETA 00:13 (frag 110/244)
2026-01-03 18:47:44,783 [DEBUG] [download]  45.5% of ~  19.65MiB at  902.89KiB/s ETA 00:12 (frag 110/244)
2026-01-03 18:47:44,786 [DEBUG] [download]  45.5% of ~  19.65MiB at  902.89KiB/s ETA 00:12 (frag 110/244)
2026-01-03 18:47:44,789 [DEBUG] [download]  45.5% of ~  19.65MiB at  902.89KiB/s ETA 00:12 (frag 110/244)
2026-01-03 18:47:44,789 [DEBUG] [download]  45.5% of ~  19.66MiB at  902.89KiB/s ETA 00:12 (frag 110/244)
2026-01-03 18:47:44,794 [DEBUG] [download]  45.6% of ~  19.68MiB at  902.89KiB/s ETA 00:12 (frag 110/244)
2026-01-03 18:47:44,795 [DEBUG] [download]  45.7% of ~  19.71MiB at  902.89KiB/s ETA 00:12 (frag 110/244)
2026-01-03 18:47:44,795 [DEBUG] [download]  45.6% of ~  19.78MiB at  902.89KiB/s ETA 00:12 (frag 110/244)
2026-01-03 18:47:44,858 [DEBUG] [download]  45.1% of ~  19.98MiB at  902.89KiB/s ETA 00:12 (frag 111/244)
2026-01-03 18:47:44,858 [DEBUG] [download]  45.9% of ~  19.64MiB at  903.37KiB/s ETA 00:12 (frag 111/244)
2026-01-03 18:47:44,858 [DEBUG] [download]  45.9% of ~  19.64MiB at  903.37KiB/s ETA 00:12 (frag 111/244)
2026-01-03 18:47:44,859 [DEBUG] [download]  45.9% of ~  19.64MiB at  903.37KiB/s ETA 00:12 (frag 111/244)
2026-01-03 18:47:44,863 [DEBUG] [download]  45.9% of ~  19.65MiB at  903.37KiB/s ETA 00:12 (frag 111/244)
2026-01-03 18:47:44,866 [DEBUG] [download]  46.0% of ~  19.67MiB at  903.37KiB/s ETA 00:12 (frag 111/244)
2026-01-03 18:47:44,871 [DEBUG] [download]  46.1% of ~  19.70MiB at  903.37KiB/s ETA 00:12 (frag 111/244)
2026-01-03 18:47:44,872 [DEBUG] [download]  46.1% of ~  19.77MiB at  903.37KiB/s ETA 00:12 (frag 111/244)
2026-01-03 18:47:44,932 [DEBUG] [download]  45.4% of ~  20.09MiB at  903.37KiB/s ETA 00:12 (frag 112/244)
2026-01-03 18:47:44,933 [DEBUG] [download]  46.3% of ~  19.69MiB at  909.25KiB/s ETA 00:12 (frag 112/244)
2026-01-03 18:47:44,933 [DEBUG] [download]  46.3% of ~  19.69MiB at  909.25KiB/s ETA 00:12 (frag 112/244)
2026-01-03 18:47:44,934 [DEBUG] [download]  46.3% of ~  19.69MiB at  909.25KiB/s ETA 00:12 (frag 112/244)
2026-01-03 18:47:44,943 [DEBUG] [download]  46.4% of ~  19.70MiB at  909.25KiB/s ETA 00:12 (frag 112/244)
2026-01-03 18:47:44,946 [DEBUG] [download]  46.4% of ~  19.72MiB at  909.25KiB/s ETA 00:12 (frag 112/244)
2026-01-03 18:47:44,947 [DEBUG] [download]  46.5% of ~  19.75MiB at  909.25KiB/s ETA 00:12 (frag 112/244)
2026-01-03 18:47:45,007 [DEBUG] [download]  46.0% of ~  19.94MiB at  909.25KiB/s ETA 00:12 (frag 113/244)
2026-01-03 18:47:45,008 [DEBUG] [download]  46.7% of ~  19.64MiB at  910.19KiB/s ETA 00:12 (frag 113/244)
2026-01-03 18:47:45,008 [DEBUG] [download]  46.7% of ~  19.64MiB at  910.19KiB/s ETA 00:12 (frag 113/244)
2026-01-03 18:47:45,009 [DEBUG] [download]  46.7% of ~  19.64MiB at  910.19KiB/s ETA 00:12 (frag 113/244)
2026-01-03 18:47:45,013 [DEBUG] [download]  46.8% of ~  19.65MiB at  910.19KiB/s ETA 00:12 (frag 113/244)
2026-01-03 18:47:45,020 [DEBUG] [download]  46.8% of ~  19.67MiB at  910.19KiB/s ETA 00:12 (frag 113/244)
2026-01-03 18:47:45,026 [DEBUG] [download]  46.9% of ~  19.70MiB at  910.19KiB/s ETA 00:12 (frag 113/244)
2026-01-03 18:47:45,027 [DEBUG] [download]  46.9% of ~  19.77MiB at  910.19KiB/s ETA 00:12 (frag 113/244)
2026-01-03 18:47:45,095 [DEBUG] [download]  46.2% of ~  20.08MiB at  910.19KiB/s ETA 00:12 (frag 114/244)
2026-01-03 18:47:45,096 [DEBUG] [download]  47.1% of ~  19.68MiB at  913.48KiB/s ETA 00:12 (frag 114/244)
2026-01-03 18:47:45,096 [DEBUG] [download]  47.1% of ~  19.69MiB at  913.48KiB/s ETA 00:12 (frag 114/244)
2026-01-03 18:47:45,098 [DEBUG] [download]  47.2% of ~  19.69MiB at  913.48KiB/s ETA 00:12 (frag 114/244)
2026-01-03 18:47:45,103 [DEBUG] [download]  47.2% of ~  19.70MiB at  913.48KiB/s ETA 00:12 (frag 114/244)
2026-01-03 18:47:45,119 [DEBUG] [download]  47.2% of ~  19.72MiB at  913.48KiB/s ETA 00:12 (frag 114/244)
2026-01-03 18:47:45,124 [DEBUG] [download]  47.3% of ~  19.75MiB at  913.48KiB/s ETA 00:12 (frag 114/244)
2026-01-03 18:47:45,124 [DEBUG] [download]  47.4% of ~  19.82MiB at  913.48KiB/s ETA 00:12 (frag 114/244)
2026-01-03 18:47:45,237 [DEBUG] [download]  46.6% of ~  20.15MiB at  913.48KiB/s ETA 00:12 (frag 115/244)
2026-01-03 18:47:45,242 [DEBUG] [download]  47.5% of ~  19.74MiB at  911.63KiB/s ETA 00:12 (frag 115/244)
2026-01-03 18:47:45,244 [DEBUG] [download]  47.6% of ~  19.75MiB at  911.63KiB/s ETA 00:12 (frag 115/244)
2026-01-03 18:47:45,244 [DEBUG] [download]  47.6% of ~  19.75MiB at  911.63KiB/s ETA 00:12 (frag 115/244)
2026-01-03 18:47:45,244 [DEBUG] [download]  47.6% of ~  19.76MiB at  911.63KiB/s ETA 00:12 (frag 115/244)
2026-01-03 18:47:45,246 [DEBUG] [download]  47.6% of ~  19.78MiB at  911.63KiB/s ETA 00:12 (frag 115/244)
2026-01-03 18:47:45,258 [DEBUG] [download]  47.7% of ~  19.81MiB at  911.63KiB/s ETA 00:12 (frag 115/244)
2026-01-03 18:47:45,258 [DEBUG] [download]  47.7% of ~  19.87MiB at  911.63KiB/s ETA 00:12 (frag 115/244)
2026-01-03 18:47:45,392 [DEBUG] [download]  47.0% of ~  20.16MiB at  911.63KiB/s ETA 00:12 (frag 116/244)
2026-01-03 18:47:45,393 [DEBUG] [download]  48.0% of ~  19.78MiB at  905.16KiB/s ETA 00:12 (frag 116/244)
2026-01-03 18:47:45,393 [DEBUG] [download]  48.0% of ~  19.79MiB at  905.16KiB/s ETA 00:12 (frag 116/244)
2026-01-03 18:47:45,393 [DEBUG] [download]  48.0% of ~  19.79MiB at  905.16KiB/s ETA 00:12 (frag 116/244)
2026-01-03 18:47:45,398 [DEBUG] [download]  48.0% of ~  19.80MiB at  905.16KiB/s ETA 00:12 (frag 116/244)
2026-01-03 18:47:45,404 [DEBUG] [download]  48.0% of ~  19.81MiB at  905.16KiB/s ETA 00:12 (frag 116/244)
2026-01-03 18:47:45,405 [DEBUG] [download]  48.1% of ~  19.85MiB at  905.16KiB/s ETA 00:12 (frag 116/244)
2026-01-03 18:47:45,405 [DEBUG] [download]  48.0% of ~  19.91MiB at  905.16KiB/s ETA 00:12 (frag 116/244)
2026-01-03 18:47:45,469 [DEBUG] [download]  47.6% of ~  20.07MiB at  905.16KiB/s ETA 00:12 (frag 117/244)
2026-01-03 18:47:45,469 [DEBUG] [download]  48.4% of ~  19.76MiB at  898.77KiB/s ETA 00:12 (frag 117/244)
2026-01-03 18:47:45,470 [DEBUG] [download]  48.4% of ~  19.76MiB at  898.77KiB/s ETA 00:12 (frag 117/244)
2026-01-03 18:47:45,471 [DEBUG] [download]  48.4% of ~  19.76MiB at  898.77KiB/s ETA 00:12 (frag 117/244)
2026-01-03 18:47:45,474 [DEBUG] [download]  48.4% of ~  19.77MiB at  898.77KiB/s ETA 00:12 (frag 117/244)
2026-01-03 18:47:45,479 [DEBUG] [download]  48.4% of ~  19.79MiB at  898.77KiB/s ETA 00:12 (frag 117/244)
2026-01-03 18:47:45,484 [DEBUG] [download]  48.5% of ~  19.82MiB at  898.77KiB/s ETA 00:12 (frag 117/244)
2026-01-03 18:47:45,484 [DEBUG] [download]  48.6% of ~  19.88MiB at  898.77KiB/s ETA 00:12 (frag 117/244)
2026-01-03 18:47:45,543 [DEBUG] [download]  47.8% of ~  20.19MiB at  898.77KiB/s ETA 00:12 (frag 118/244)
2026-01-03 18:47:45,543 [DEBUG] [download]  48.8% of ~  19.80MiB at  894.72KiB/s ETA 00:12 (frag 118/244)
2026-01-03 18:47:45,544 [DEBUG] [download]  48.8% of ~  19.81MiB at  894.72KiB/s ETA 00:12 (frag 118/244)
2026-01-03 18:47:45,551 [DEBUG] [download]  48.8% of ~  19.81MiB at  894.72KiB/s ETA 00:12 (frag 118/244)
2026-01-03 18:47:45,551 [DEBUG] [download]  48.8% of ~  19.82MiB at  894.72KiB/s ETA 00:12 (frag 118/244)
2026-01-03 18:47:45,555 [DEBUG] [download]  48.8% of ~  19.83MiB at  894.72KiB/s ETA 00:12 (frag 118/244)
2026-01-03 18:47:45,559 [DEBUG] [download]  48.9% of ~  19.87MiB at  894.72KiB/s ETA 00:12 (frag 118/244)
2026-01-03 18:47:45,559 [DEBUG] [download]  49.0% of ~  19.93MiB at  894.72KiB/s ETA 00:12 (frag 118/244)
2026-01-03 18:47:45,619 [DEBUG] [download]  48.3% of ~  20.22MiB at  894.72KiB/s ETA 00:12 (frag 119/244)
2026-01-03 18:47:45,619 [DEBUG] [download]  49.2% of ~  19.85MiB at  891.73KiB/s ETA 00:12 (frag 119/244)
2026-01-03 18:47:45,620 [DEBUG] [download]  49.2% of ~  19.85MiB at  891.73KiB/s ETA 00:12 (frag 119/244)
2026-01-03 18:47:45,620 [DEBUG] [download]  49.2% of ~  19.85MiB at  891.73KiB/s ETA 00:12 (frag 119/244)
2026-01-03 18:47:45,621 [DEBUG] [download]  49.2% of ~  19.86MiB at  891.73KiB/s ETA 00:12 (frag 119/244)
2026-01-03 18:47:45,623 [DEBUG] [download]  49.3% of ~  19.88MiB at  891.73KiB/s ETA 00:12 (frag 119/244)
2026-01-03 18:47:45,624 [DEBUG] [download]  49.3% of ~  19.91MiB at  891.73KiB/s ETA 00:12 (frag 119/244)
2026-01-03 18:47:45,695 [DEBUG] [download]  48.9% of ~  20.07MiB at  891.73KiB/s ETA 00:12 (frag 120/244)
2026-01-03 18:47:45,695 [DEBUG] [download]  49.6% of ~  19.79MiB at  884.94KiB/s ETA 00:12 (frag 120/244)
2026-01-03 18:47:45,696 [DEBUG] [download]  49.6% of ~  19.79MiB at  884.94KiB/s ETA 00:12 (frag 120/244)
2026-01-03 18:47:45,696 [DEBUG] [download]  49.6% of ~  19.80MiB at  884.94KiB/s ETA 00:12 (frag 120/244)
2026-01-03 18:47:45,697 [DEBUG] [download]  49.6% of ~  19.81MiB at  884.94KiB/s ETA 00:12 (frag 120/244)
2026-01-03 18:47:45,704 [DEBUG] [download]  49.7% of ~  19.82MiB at  884.94KiB/s ETA 00:12 (frag 120/244)
2026-01-03 18:47:45,711 [DEBUG] [download]  49.7% of ~  19.85MiB at  884.94KiB/s ETA 00:12 (frag 120/244)
2026-01-03 18:47:45,711 [DEBUG] [download]  49.8% of ~  19.92MiB at  884.94KiB/s ETA 00:12 (frag 120/244)
2026-01-03 18:47:45,898 [DEBUG] [download]  49.1% of ~  20.18MiB at  884.94KiB/s ETA 00:12 (frag 121/244)
2026-01-03 18:47:45,899 [DEBUG] [download]  50.0% of ~  19.82MiB at  893.20KiB/s ETA 00:12 (frag 121/244)
2026-01-03 18:47:45,899 [DEBUG] [download]  50.0% of ~  19.83MiB at  893.20KiB/s ETA 00:12 (frag 121/244)
2026-01-03 18:47:45,900 [DEBUG] [download]  50.0% of ~  19.83MiB at  893.20KiB/s ETA 00:12 (frag 121/244)
2026-01-03 18:47:45,901 [DEBUG] [download]  50.0% of ~  19.84MiB at  893.20KiB/s ETA 00:12 (frag 121/244)
2026-01-03 18:47:45,903 [DEBUG] [download]  50.1% of ~  19.85MiB at  893.20KiB/s ETA 00:12 (frag 121/244)
2026-01-03 18:47:45,904 [DEBUG] [download]  50.2% of ~  19.88MiB at  893.20KiB/s ETA 00:12 (frag 121/244)
2026-01-03 18:47:45,904 [DEBUG] [download]  50.1% of ~  19.95MiB at  893.20KiB/s ETA 00:12 (frag 121/244)
2026-01-03 18:47:46,031 [DEBUG] [download]  49.6% of ~  20.12MiB at  893.20KiB/s ETA 00:12 (frag 122/244)
2026-01-03 18:47:46,031 [DEBUG] [download]  50.4% of ~  19.81MiB at  894.28KiB/s ETA 00:11 (frag 122/244)
2026-01-03 18:47:46,031 [DEBUG] [download]  50.4% of ~  19.81MiB at  894.28KiB/s ETA 00:11 (frag 122/244)
2026-01-03 18:47:46,032 [DEBUG] [download]  50.4% of ~  19.81MiB at  894.28KiB/s ETA 00:11 (frag 122/244)
2026-01-03 18:47:46,035 [DEBUG] [download]  50.4% of ~  19.82MiB at  894.28KiB/s ETA 00:11 (frag 122/244)
2026-01-03 18:47:46,039 [DEBUG] [download]  50.5% of ~  19.84MiB at  894.28KiB/s ETA 00:11 (frag 122/244)
2026-01-03 18:47:46,063 [DEBUG] [download]  50.6% of ~  19.87MiB at  894.28KiB/s ETA 00:11 (frag 122/244)
2026-01-03 18:47:46,063 [DEBUG] [download]  50.6% of ~  19.93MiB at  894.28KiB/s ETA 00:11 (frag 122/244)
2026-01-03 18:47:46,103 [DEBUG] [download]  50.0% of ~  20.17MiB at  894.28KiB/s ETA 00:11 (frag 123/244)
2026-01-03 18:47:46,103 [DEBUG] [download]  50.8% of ~  19.83MiB at  894.76KiB/s ETA 00:11 (frag 123/244)
2026-01-03 18:47:46,118 [DEBUG] [download]  50.8% of ~  19.83MiB at  894.76KiB/s ETA 00:11 (frag 123/244)
2026-01-03 18:47:46,122 [DEBUG] [download]  50.8% of ~  19.83MiB at  894.76KiB/s ETA 00:11 (frag 123/244)
2026-01-03 18:47:46,124 [DEBUG] [download]  50.9% of ~  19.84MiB at  894.76KiB/s ETA 00:11 (frag 123/244)
2026-01-03 18:47:46,127 [DEBUG] [download]  50.9% of ~  19.86MiB at  894.76KiB/s ETA 00:11 (frag 123/244)
2026-01-03 18:47:46,128 [DEBUG] [download]  51.0% of ~  19.89MiB at  894.76KiB/s ETA 00:11 (frag 123/244)
2026-01-03 18:47:46,132 [DEBUG] [download]  50.9% of ~  19.95MiB at  894.76KiB/s ETA 00:11 (frag 123/244)
2026-01-03 18:47:46,183 [DEBUG] [download]  50.4% of ~  20.13MiB at  894.76KiB/s ETA 00:11 (frag 124/244)
2026-01-03 18:47:46,183 [DEBUG] [download]  51.2% of ~  19.82MiB at  895.61KiB/s ETA 00:11 (frag 124/244)
2026-01-03 18:47:46,183 [DEBUG] [download]  51.2% of ~  19.82MiB at  895.61KiB/s ETA 00:11 (frag 124/244)
2026-01-03 18:47:46,184 [DEBUG] [download]  51.2% of ~  19.82MiB at  895.61KiB/s ETA 00:11 (frag 124/244)
2026-01-03 18:47:46,188 [DEBUG] [download]  51.3% of ~  19.83MiB at  895.61KiB/s ETA 00:11 (frag 124/244)
2026-01-03 18:47:46,189 [DEBUG] [download]  51.3% of ~  19.85MiB at  895.61KiB/s ETA 00:11 (frag 124/244)
2026-01-03 18:47:46,190 [DEBUG] [download]  51.3% of ~  19.88MiB at  895.61KiB/s ETA 00:11 (frag 124/244)
2026-01-03 18:47:46,257 [DEBUG] [download]  51.0% of ~  20.01MiB at  895.61KiB/s ETA 00:11 (frag 125/244)
2026-01-03 18:47:46,257 [DEBUG] [download]  51.6% of ~  19.75MiB at  894.20KiB/s ETA 00:11 (frag 125/244)
2026-01-03 18:47:46,257 [DEBUG] [download]  51.6% of ~  19.76MiB at  894.20KiB/s ETA 00:11 (frag 125/244)
2026-01-03 18:47:46,266 [DEBUG] [download]  51.7% of ~  19.76MiB at  894.20KiB/s ETA 00:11 (frag 125/244)
2026-01-03 18:47:46,271 [DEBUG] [download]  51.7% of ~  19.77MiB at  894.20KiB/s ETA 00:11 (frag 125/244)
2026-01-03 18:47:46,273 [DEBUG] [download]  51.7% of ~  19.78MiB at  894.20KiB/s ETA 00:11 (frag 125/244)
2026-01-03 18:47:46,275 [DEBUG] [download]  51.8% of ~  19.81MiB at  894.20KiB/s ETA 00:11 (frag 125/244)
2026-01-03 18:47:46,276 [DEBUG] [download]  51.7% of ~  19.87MiB at  894.20KiB/s ETA 00:11 (frag 125/244)
2026-01-03 18:47:46,407 [DEBUG] [download]  51.2% of ~  20.08MiB at  894.20KiB/s ETA 00:11 (frag 126/244)
2026-01-03 18:47:46,407 [DEBUG] [download]  52.1% of ~  19.76MiB at  889.07KiB/s ETA 00:11 (frag 126/244)
2026-01-03 18:47:46,408 [DEBUG] [download]  52.1% of ~  19.76MiB at  889.07KiB/s ETA 00:11 (frag 126/244)
2026-01-03 18:47:46,409 [DEBUG] [download]  52.1% of ~  19.76MiB at  889.07KiB/s ETA 00:11 (frag 126/244)
2026-01-03 18:47:46,411 [DEBUG] [download]  52.1% of ~  19.77MiB at  889.07KiB/s ETA 00:11 (frag 126/244)
2026-01-03 18:47:46,455 [DEBUG] [download]  52.1% of ~  19.79MiB at  889.07KiB/s ETA 00:11 (frag 126/244)
2026-01-03 18:47:46,458 [DEBUG] [download]  52.2% of ~  19.82MiB at  889.07KiB/s ETA 00:11 (frag 126/244)
2026-01-03 18:47:46,458 [DEBUG] [download]  52.3% of ~  19.88MiB at  892.10KiB/s ETA 00:11 (frag 126/244)
2026-01-03 18:47:46,563 [DEBUG] [download]  51.5% of ~  20.18MiB at  892.10KiB/s ETA 00:11 (frag 127/244)
2026-01-03 18:47:46,563 [DEBUG] [download]  52.5% of ~  19.81MiB at  883.99KiB/s ETA 00:11 (frag 127/244)
2026-01-03 18:47:46,564 [DEBUG] [download]  52.5% of ~  19.81MiB at  883.99KiB/s ETA 00:11 (frag 127/244)
2026-01-03 18:47:46,565 [DEBUG] [download]  52.5% of ~  19.82MiB at  883.99KiB/s ETA 00:11 (frag 127/244)
2026-01-03 18:47:46,565 [DEBUG] [download]  52.5% of ~  19.82MiB at  883.99KiB/s ETA 00:11 (frag 127/244)
2026-01-03 18:47:46,579 [DEBUG] [download]  52.5% of ~  19.84MiB at  883.99KiB/s ETA 00:11 (frag 127/244)
2026-01-03 18:47:46,580 [DEBUG] [download]  52.6% of ~  19.87MiB at  883.99KiB/s ETA 00:11 (frag 127/244)
2026-01-03 18:47:46,581 [DEBUG] [download]  52.5% of ~  19.93MiB at  883.99KiB/s ETA 00:11 (frag 127/244)
2026-01-03 18:47:46,647 [DEBUG] [download]  52.1% of ~  20.06MiB at  883.99KiB/s ETA 00:11 (frag 128/244)
2026-01-03 18:47:46,647 [DEBUG] [download]  52.9% of ~  19.78MiB at  875.52KiB/s ETA 00:11 (frag 128/244)
2026-01-03 18:47:46,648 [DEBUG] [download]  52.9% of ~  19.79MiB at  875.52KiB/s ETA 00:11 (frag 128/244)
2026-01-03 18:47:46,651 [DEBUG] [download]  52.9% of ~  19.79MiB at  875.52KiB/s ETA 00:11 (frag 128/244)
2026-01-03 18:47:46,651 [DEBUG] [download]  52.9% of ~  19.80MiB at  875.52KiB/s ETA 00:11 (frag 128/244)
2026-01-03 18:47:46,652 [DEBUG] [download]  52.9% of ~  19.81MiB at  875.52KiB/s ETA 00:11 (frag 128/244)
2026-01-03 18:47:46,653 [DEBUG] [download]  53.0% of ~  19.84MiB at  875.52KiB/s ETA 00:11 (frag 128/244)
2026-01-03 18:47:46,727 [DEBUG] [download]  52.6% of ~  19.96MiB at  875.52KiB/s ETA 00:11 (frag 129/244)
2026-01-03 18:47:46,729 [DEBUG] [download]  53.3% of ~  19.72MiB at  866.53KiB/s ETA 00:11 (frag 129/244)
2026-01-03 18:47:46,733 [DEBUG] [download]  53.3% of ~  19.72MiB at  866.53KiB/s ETA 00:11 (frag 129/244)
2026-01-03 18:47:46,733 [DEBUG] [download]  53.3% of ~  19.72MiB at  866.53KiB/s ETA 00:11 (frag 129/244)
2026-01-03 18:47:46,735 [DEBUG] [download]  53.3% of ~  19.73MiB at  866.53KiB/s ETA 00:11 (frag 129/244)
2026-01-03 18:47:46,736 [DEBUG] [download]  53.4% of ~  19.75MiB at  866.53KiB/s ETA 00:11 (frag 129/244)
2026-01-03 18:47:46,738 [DEBUG] [download]  53.4% of ~  19.78MiB at  866.53KiB/s ETA 00:11 (frag 129/244)
2026-01-03 18:47:46,739 [DEBUG] [download]  53.5% of ~  19.83MiB at  866.53KiB/s ETA 00:11 (frag 129/244)
2026-01-03 18:47:46,787 [DEBUG] [download]  52.8% of ~  20.11MiB at  866.53KiB/s ETA 00:11 (frag 130/244)
2026-01-03 18:47:46,787 [DEBUG] [download]  53.7% of ~  19.76MiB at  865.84KiB/s ETA 00:11 (frag 130/244)
2026-01-03 18:47:46,788 [DEBUG] [download]  53.7% of ~  19.76MiB at  865.84KiB/s ETA 00:11 (frag 130/244)
2026-01-03 18:47:46,789 [DEBUG] [download]  53.7% of ~  19.77MiB at  865.84KiB/s ETA 00:11 (frag 130/244)
2026-01-03 18:47:46,790 [DEBUG] [download]  53.7% of ~  19.77MiB at  865.84KiB/s ETA 00:11 (frag 130/244)
2026-01-03 18:47:46,802 [DEBUG] [download]  53.8% of ~  19.79MiB at  865.84KiB/s ETA 00:11 (frag 130/244)
2026-01-03 18:47:46,804 [DEBUG] [download]  53.8% of ~  19.82MiB at  865.84KiB/s ETA 00:11 (frag 130/244)
2026-01-03 18:47:46,805 [DEBUG] [download]  53.9% of ~  19.88MiB at  865.84KiB/s ETA 00:11 (frag 130/244)
2026-01-03 18:47:46,863 [DEBUG] [download]  53.2% of ~  20.15MiB at  865.84KiB/s ETA 00:11 (frag 131/244)
2026-01-03 18:47:46,863 [DEBUG] [download]  54.1% of ~  19.80MiB at  868.78KiB/s ETA 00:11 (frag 131/244)
2026-01-03 18:47:46,864 [DEBUG] [download]  54.1% of ~  19.81MiB at  868.78KiB/s ETA 00:11 (frag 131/244)
2026-01-03 18:47:46,864 [DEBUG] [download]  54.1% of ~  19.81MiB at  868.78KiB/s ETA 00:11 (frag 131/244)
2026-01-03 18:47:46,865 [DEBUG] [download]  54.1% of ~  19.82MiB at  868.78KiB/s ETA 00:11 (frag 131/244)
2026-01-03 18:47:46,869 [DEBUG] [download]  54.2% of ~  19.83MiB at  868.78KiB/s ETA 00:11 (frag 131/244)
2026-01-03 18:47:46,874 [DEBUG] [download]  54.3% of ~  19.86MiB at  868.78KiB/s ETA 00:11 (frag 131/244)
2026-01-03 18:47:46,875 [DEBUG] [download]  54.3% of ~  19.92MiB at  868.78KiB/s ETA 00:11 (frag 131/244)
2026-01-03 18:47:46,939 [DEBUG] [download]  53.6% of ~  20.19MiB at  868.78KiB/s ETA 00:11 (frag 132/244)
2026-01-03 18:47:46,939 [DEBUG] [download]  54.5% of ~  19.85MiB at  870.45KiB/s ETA 00:11 (frag 132/244)
2026-01-03 18:47:46,940 [DEBUG] [download]  54.5% of ~  19.85MiB at  870.45KiB/s ETA 00:11 (frag 132/244)
2026-01-03 18:47:46,940 [DEBUG] [download]  54.5% of ~  19.85MiB at  870.45KiB/s ETA 00:11 (frag 132/244)
2026-01-03 18:47:46,942 [DEBUG] [download]  54.5% of ~  19.86MiB at  870.45KiB/s ETA 00:11 (frag 132/244)
2026-01-03 18:47:46,943 [DEBUG] [download]  54.6% of ~  19.87MiB at  870.45KiB/s ETA 00:11 (frag 132/244)
2026-01-03 18:47:46,950 [DEBUG] [download]  54.7% of ~  19.90MiB at  870.45KiB/s ETA 00:11 (frag 132/244)
2026-01-03 18:47:46,950 [DEBUG] [download]  54.7% of ~  19.96MiB at  870.45KiB/s ETA 00:11 (frag 132/244)
2026-01-03 18:47:47,013 [DEBUG] [download]  54.0% of ~  20.22MiB at  870.45KiB/s ETA 00:11 (frag 133/244)
2026-01-03 18:47:47,014 [DEBUG] [download]  54.9% of ~  19.89MiB at  871.87KiB/s ETA 00:11 (frag 133/244)
2026-01-03 18:47:47,014 [DEBUG] [download]  54.9% of ~  19.89MiB at  871.87KiB/s ETA 00:11 (frag 133/244)
2026-01-03 18:47:47,018 [DEBUG] [download]  54.9% of ~  19.89MiB at  871.87KiB/s ETA 00:11 (frag 133/244)
2026-01-03 18:47:47,019 [DEBUG] [download]  55.0% of ~  19.90MiB at  871.87KiB/s ETA 00:11 (frag 133/244)
2026-01-03 18:47:47,026 [DEBUG] [download]  55.0% of ~  19.91MiB at  871.87KiB/s ETA 00:11 (frag 133/244)
2026-01-03 18:47:47,029 [DEBUG] [download]  55.1% of ~  19.94MiB at  871.87KiB/s ETA 00:11 (frag 133/244)
2026-01-03 18:47:47,030 [DEBUG] [download]  55.1% of ~  20.00MiB at  871.87KiB/s ETA 00:11 (frag 133/244)
2026-01-03 18:47:47,091 [DEBUG] [download]  54.4% of ~  20.26MiB at  871.87KiB/s ETA 00:11 (frag 134/244)
2026-01-03 18:47:47,092 [DEBUG] [download]  55.3% of ~  19.93MiB at  874.61KiB/s ETA 00:11 (frag 134/244)
2026-01-03 18:47:47,092 [DEBUG] [download]  55.3% of ~  19.93MiB at  874.61KiB/s ETA 00:11 (frag 134/244)
2026-01-03 18:47:47,095 [DEBUG] [download]  55.3% of ~  19.93MiB at  874.61KiB/s ETA 00:11 (frag 134/244)
2026-01-03 18:47:47,096 [DEBUG] [download]  55.4% of ~  19.94MiB at  874.61KiB/s ETA 00:11 (frag 134/244)
2026-01-03 18:47:47,097 [DEBUG] [download]  55.4% of ~  19.95MiB at  874.61KiB/s ETA 00:11 (frag 134/244)
2026-01-03 18:47:47,098 [DEBUG] [download]  55.5% of ~  19.98MiB at  874.61KiB/s ETA 00:11 (frag 134/244)
2026-01-03 18:47:47,099 [DEBUG] [download]  55.4% of ~  20.04MiB at  874.61KiB/s ETA 00:11 (frag 134/244)
2026-01-03 18:47:47,163 [DEBUG] [download]  54.9% of ~  20.22MiB at  874.61KiB/s ETA 00:11 (frag 135/244)
2026-01-03 18:47:47,163 [DEBUG] [download]  55.7% of ~  19.92MiB at  879.79KiB/s ETA 00:10 (frag 135/244)
2026-01-03 18:47:47,164 [DEBUG] [download]  55.7% of ~  19.93MiB at  879.79KiB/s ETA 00:10 (frag 135/244)
2026-01-03 18:47:47,164 [DEBUG] [download]  55.8% of ~  19.93MiB at  879.79KiB/s ETA 00:10 (frag 135/244)
2026-01-03 18:47:47,167 [DEBUG] [download]  55.8% of ~  19.94MiB at  879.79KiB/s ETA 00:10 (frag 135/244)
2026-01-03 18:47:47,175 [DEBUG] [download]  55.8% of ~  19.95MiB at  879.79KiB/s ETA 00:10 (frag 135/244)
2026-01-03 18:47:47,175 [DEBUG] [download]  55.9% of ~  19.98MiB at  879.79KiB/s ETA 00:10 (frag 135/244)
2026-01-03 18:47:47,323 [DEBUG] [download]  55.4% of ~  20.14MiB at  879.79KiB/s ETA 00:10 (frag 136/244)
2026-01-03 18:47:47,323 [DEBUG] [download]  56.2% of ~  19.89MiB at  883.84KiB/s ETA 00:10 (frag 136/244)
2026-01-03 18:47:47,324 [DEBUG] [download]  56.2% of ~  19.89MiB at  883.84KiB/s ETA 00:10 (frag 136/244)
2026-01-03 18:47:47,324 [DEBUG] [download]  56.2% of ~  19.89MiB at  883.84KiB/s ETA 00:10 (frag 136/244)
2026-01-03 18:47:47,387 [DEBUG] [download]  56.2% of ~  19.90MiB at  883.84KiB/s ETA 00:10 (frag 136/244)
2026-01-03 18:47:47,394 [DEBUG] [download]  56.2% of ~  19.91MiB at  883.89KiB/s ETA 00:10 (frag 136/244)
2026-01-03 18:47:47,397 [DEBUG] [download]  56.3% of ~  19.94MiB at  883.89KiB/s ETA 00:10 (frag 136/244)
2026-01-03 18:47:47,397 [DEBUG] [download]  56.4% of ~  20.00MiB at  883.89KiB/s ETA 00:10 (frag 136/244)
2026-01-03 18:47:47,478 [DEBUG] [download]  55.6% of ~  20.28MiB at  883.89KiB/s ETA 00:10 (frag 137/244)
2026-01-03 18:47:47,478 [DEBUG] [download]  56.6% of ~  19.94MiB at  896.15KiB/s ETA 00:10 (frag 137/244)
2026-01-03 18:47:47,479 [DEBUG] [download]  56.6% of ~  19.94MiB at  896.15KiB/s ETA 00:10 (frag 137/244)
2026-01-03 18:47:47,479 [DEBUG] [download]  56.6% of ~  19.94MiB at  896.15KiB/s ETA 00:10 (frag 137/244)
2026-01-03 18:47:47,480 [DEBUG] [download]  56.6% of ~  19.95MiB at  896.15KiB/s ETA 00:10 (frag 137/244)
2026-01-03 18:47:47,481 [DEBUG] [download]  56.6% of ~  19.96MiB at  896.15KiB/s ETA 00:10 (frag 137/244)
2026-01-03 18:47:47,487 [DEBUG] [download]  56.7% of ~  19.99MiB at  896.15KiB/s ETA 00:10 (frag 137/244)
2026-01-03 18:47:47,488 [DEBUG] [download]  56.7% of ~  20.05MiB at  896.15KiB/s ETA 00:10 (frag 137/244)
2026-01-03 18:47:47,559 [DEBUG] [download]  56.1% of ~  20.29MiB at  896.15KiB/s ETA 00:10 (frag 138/244)
2026-01-03 18:47:47,559 [DEBUG] [download]  57.0% of ~  19.97MiB at  907.37KiB/s ETA 00:10 (frag 138/244)
2026-01-03 18:47:47,560 [DEBUG] [download]  57.0% of ~  19.97MiB at  907.37KiB/s ETA 00:10 (frag 138/244)
2026-01-03 18:47:47,563 [DEBUG] [download]  57.0% of ~  19.97MiB at  907.37KiB/s ETA 00:10 (frag 138/244)
2026-01-03 18:47:47,564 [DEBUG] [download]  57.0% of ~  19.98MiB at  907.37KiB/s ETA 00:10 (frag 138/244)
2026-01-03 18:47:47,566 [DEBUG] [download]  57.0% of ~  19.99MiB at  907.37KiB/s ETA 00:10 (frag 138/244)
2026-01-03 18:47:47,567 [DEBUG] [download]  57.1% of ~  20.02MiB at  907.37KiB/s ETA 00:10 (frag 138/244)
2026-01-03 18:47:47,567 [DEBUG] [download]  57.1% of ~  20.07MiB at  907.37KiB/s ETA 00:10 (frag 138/244)
2026-01-03 18:47:47,626 [DEBUG] [download]  56.5% of ~  20.28MiB at  907.37KiB/s ETA 00:10 (frag 139/244)
2026-01-03 18:47:47,626 [DEBUG] [download]  57.4% of ~  19.98MiB at  913.65KiB/s ETA 00:10 (frag 139/244)
2026-01-03 18:47:47,631 [DEBUG] [download]  57.4% of ~  19.98MiB at  913.65KiB/s ETA 00:10 (frag 139/244)
2026-01-03 18:47:47,631 [DEBUG] [download]  57.4% of ~  19.98MiB at  913.65KiB/s ETA 00:10 (frag 139/244)
2026-01-03 18:47:47,634 [DEBUG] [download]  57.4% of ~  19.99MiB at  913.65KiB/s ETA 00:10 (frag 139/244)
2026-01-03 18:47:47,637 [DEBUG] [download]  57.5% of ~  20.00MiB at  913.65KiB/s ETA 00:10 (frag 139/244)
2026-01-03 18:47:47,641 [DEBUG] [download]  57.5% of ~  20.03MiB at  913.65KiB/s ETA 00:10 (frag 139/244)
2026-01-03 18:47:47,641 [DEBUG] [download]  57.6% of ~  20.09MiB at  913.65KiB/s ETA 00:10 (frag 139/244)
2026-01-03 18:47:47,704 [DEBUG] [download]  56.9% of ~  20.32MiB at  913.65KiB/s ETA 00:10 (frag 140/244)
2026-01-03 18:47:47,704 [DEBUG] [download]  57.8% of ~  20.01MiB at  917.45KiB/s ETA 00:10 (frag 140/244)
2026-01-03 18:47:47,705 [DEBUG] [download]  57.8% of ~  20.01MiB at  917.45KiB/s ETA 00:10 (frag 140/244)
2026-01-03 18:47:47,705 [DEBUG] [download]  57.8% of ~  20.01MiB at  917.45KiB/s ETA 00:10 (frag 140/244)
2026-01-03 18:47:47,706 [DEBUG] [download]  57.8% of ~  20.02MiB at  917.45KiB/s ETA 00:10 (frag 140/244)
2026-01-03 18:47:47,709 [DEBUG] [download]  57.9% of ~  20.03MiB at  917.45KiB/s ETA 00:10 (frag 140/244)
2026-01-03 18:47:47,709 [DEBUG] [download]  57.9% of ~  20.06MiB at  917.45KiB/s ETA 00:10 (frag 140/244)
2026-01-03 18:47:47,710 [DEBUG] [download]  57.8% of ~  20.11MiB at  917.45KiB/s ETA 00:10 (frag 140/244)
2026-01-03 18:47:47,782 [DEBUG] [download]  57.4% of ~  20.26MiB at  917.45KiB/s ETA 00:10 (frag 141/244)
2026-01-03 18:47:47,783 [DEBUG] [download]  58.2% of ~  19.99MiB at  918.40KiB/s ETA 00:10 (frag 141/244)
2026-01-03 18:47:47,784 [DEBUG] [download]  58.2% of ~  19.99MiB at  918.40KiB/s ETA 00:10 (frag 141/244)
2026-01-03 18:47:47,784 [DEBUG] [download]  58.2% of ~  20.00MiB at  918.40KiB/s ETA 00:10 (frag 141/244)
2026-01-03 18:47:47,788 [DEBUG] [download]  58.2% of ~  20.00MiB at  918.40KiB/s ETA 00:10 (frag 141/244)
2026-01-03 18:47:47,790 [DEBUG] [download]  58.3% of ~  20.02MiB at  918.40KiB/s ETA 00:10 (frag 141/244)
2026-01-03 18:47:47,791 [DEBUG] [download]  58.4% of ~  20.04MiB at  918.40KiB/s ETA 00:10 (frag 141/244)
2026-01-03 18:47:47,792 [DEBUG] [download]  58.3% of ~  20.10MiB at  918.40KiB/s ETA 00:10 (frag 141/244)
2026-01-03 18:47:47,854 [DEBUG] [download]  57.8% of ~  20.28MiB at  918.40KiB/s ETA 00:10 (frag 142/244)
2026-01-03 18:47:47,855 [DEBUG] [download]  58.6% of ~  20.00MiB at  920.19KiB/s ETA 00:10 (frag 142/244)
2026-01-03 18:47:47,856 [DEBUG] [download]  58.6% of ~  20.00MiB at  920.19KiB/s ETA 00:10 (frag 142/244)
2026-01-03 18:47:47,861 [DEBUG] [download]  58.6% of ~  20.00MiB at  920.19KiB/s ETA 00:10 (frag 142/244)
2026-01-03 18:47:47,861 [DEBUG] [download]  58.6% of ~  20.01MiB at  920.19KiB/s ETA 00:10 (frag 142/244)
2026-01-03 18:47:47,861 [DEBUG] [download]  58.7% of ~  20.02MiB at  920.19KiB/s ETA 00:10 (frag 142/244)
2026-01-03 18:47:47,861 [DEBUG] [download]  58.8% of ~  20.05MiB at  920.19KiB/s ETA 00:10 (frag 142/244)
2026-01-03 18:47:47,861 [DEBUG] [download]  58.7% of ~  20.10MiB at  920.19KiB/s ETA 00:10 (frag 142/244)
2026-01-03 18:47:47,927 [DEBUG] [download]  58.2% of ~  20.28MiB at  920.19KiB/s ETA 00:10 (frag 143/244)
2026-01-03 18:47:47,928 [DEBUG] [download]  59.0% of ~  20.00MiB at  919.50KiB/s ETA 00:10 (frag 143/244)
2026-01-03 18:47:47,931 [DEBUG] [download]  59.0% of ~  20.00MiB at  919.50KiB/s ETA 00:10 (frag 143/244)
2026-01-03 18:47:47,931 [DEBUG] [download]  59.0% of ~  20.00MiB at  919.50KiB/s ETA 00:10 (frag 143/244)
2026-01-03 18:47:47,932 [DEBUG] [download]  59.1% of ~  20.01MiB at  919.50KiB/s ETA 00:10 (frag 143/244)
2026-01-03 18:47:47,934 [DEBUG] [download]  59.1% of ~  20.02MiB at  919.50KiB/s ETA 00:10 (frag 143/244)
2026-01-03 18:47:47,939 [DEBUG] [download]  59.2% of ~  20.05MiB at  919.50KiB/s ETA 00:10 (frag 143/244)
2026-01-03 18:47:47,939 [DEBUG] [download]  59.1% of ~  20.10MiB at  919.50KiB/s ETA 00:10 (frag 143/244)
2026-01-03 18:47:48,007 [DEBUG] [download]  58.6% of ~  20.28MiB at  919.50KiB/s ETA 00:10 (frag 144/244)
2026-01-03 18:47:48,007 [DEBUG] [download]  59.4% of ~  20.00MiB at  921.13KiB/s ETA 00:09 (frag 144/244)
2026-01-03 18:47:48,008 [DEBUG] [download]  59.4% of ~  20.00MiB at  921.13KiB/s ETA 00:09 (frag 144/244)
2026-01-03 18:47:48,008 [DEBUG] [download]  59.4% of ~  20.00MiB at  921.13KiB/s ETA 00:09 (frag 144/244)
2026-01-03 18:47:48,090 [DEBUG] [download]  59.5% of ~  20.01MiB at  921.13KiB/s ETA 00:09 (frag 144/244)
2026-01-03 18:47:48,092 [DEBUG] [download]  59.5% of ~  20.02MiB at  915.15KiB/s ETA 00:09 (frag 144/244)
2026-01-03 18:47:48,095 [DEBUG] [download]  59.6% of ~  20.05MiB at  915.15KiB/s ETA 00:09 (frag 144/244)
2026-01-03 18:47:48,095 [DEBUG] [download]  59.5% of ~  20.10MiB at  915.15KiB/s ETA 00:09 (frag 144/244)
2026-01-03 18:47:48,163 [DEBUG] [download]  59.0% of ~  20.27MiB at  915.15KiB/s ETA 00:09 (frag 145/244)
2026-01-03 18:47:48,163 [DEBUG] [download]  59.8% of ~  20.00MiB at  911.36KiB/s ETA 00:09 (frag 145/244)
2026-01-03 18:47:48,164 [DEBUG] [download]  59.8% of ~  20.00MiB at  911.36KiB/s ETA 00:09 (frag 145/244)
2026-01-03 18:47:48,164 [DEBUG] [download]  59.9% of ~  20.00MiB at  911.36KiB/s ETA 00:09 (frag 145/244)
2026-01-03 18:47:48,165 [DEBUG] [download]  59.9% of ~  20.01MiB at  911.36KiB/s ETA 00:09 (frag 145/244)
2026-01-03 18:47:48,171 [DEBUG] [download]  59.9% of ~  20.02MiB at  911.36KiB/s ETA 00:09 (frag 145/244)
2026-01-03 18:47:48,181 [DEBUG] [download]  60.0% of ~  20.05MiB at  911.36KiB/s ETA 00:09 (frag 145/244)
2026-01-03 18:47:48,182 [DEBUG] [download]  60.0% of ~  20.10MiB at  911.36KiB/s ETA 00:09 (frag 145/244)
2026-01-03 18:47:48,239 [DEBUG] [download]  59.3% of ~  20.34MiB at  911.36KiB/s ETA 00:09 (frag 146/244)
2026-01-03 18:47:48,240 [DEBUG] [download]  60.3% of ~  20.03MiB at  916.48KiB/s ETA 00:09 (frag 146/244)
2026-01-03 18:47:48,241 [DEBUG] [download]  60.3% of ~  20.03MiB at  916.48KiB/s ETA 00:09 (frag 146/244)
2026-01-03 18:47:48,242 [DEBUG] [download]  60.3% of ~  20.04MiB at  916.48KiB/s ETA 00:09 (frag 146/244)
2026-01-03 18:47:48,243 [DEBUG] [download]  60.3% of ~  20.04MiB at  916.48KiB/s ETA 00:09 (frag 146/244)
2026-01-03 18:47:48,247 [DEBUG] [download]  60.3% of ~  20.05MiB at  916.48KiB/s ETA 00:09 (frag 146/244)
2026-01-03 18:47:48,251 [DEBUG] [download]  60.4% of ~  20.08MiB at  916.48KiB/s ETA 00:09 (frag 146/244)
2026-01-03 18:47:48,251 [DEBUG] [download]  60.5% of ~  20.13MiB at  916.48KiB/s ETA 00:09 (frag 146/244)
2026-01-03 18:47:48,312 [DEBUG] [download]  59.7% of ~  20.38MiB at  916.48KiB/s ETA 00:09 (frag 147/244)
2026-01-03 18:47:48,312 [DEBUG] [download]  60.7% of ~  20.07MiB at  924.34KiB/s ETA 00:09 (frag 147/244)
2026-01-03 18:47:48,313 [DEBUG] [download]  60.7% of ~  20.07MiB at  924.34KiB/s ETA 00:09 (frag 147/244)
2026-01-03 18:47:48,313 [DEBUG] [download]  60.7% of ~  20.08MiB at  924.34KiB/s ETA 00:09 (frag 147/244)
2026-01-03 18:47:48,314 [DEBUG] [download]  60.7% of ~  20.08MiB at  924.34KiB/s ETA 00:09 (frag 147/244)
2026-01-03 18:47:48,315 [DEBUG] [download]  60.7% of ~  20.09MiB at  924.34KiB/s ETA 00:09 (frag 147/244)
2026-01-03 18:47:48,316 [DEBUG] [download]  60.7% of ~  20.12MiB at  924.34KiB/s ETA 00:09 (frag 147/244)
2026-01-03 18:47:48,390 [DEBUG] [download]  60.4% of ~  20.23MiB at  924.34KiB/s ETA 00:09 (frag 148/244)
2026-01-03 18:47:48,390 [DEBUG] [download]  61.1% of ~  20.02MiB at  927.49KiB/s ETA 00:09 (frag 148/244)
2026-01-03 18:47:48,391 [DEBUG] [download]  61.1% of ~  20.02MiB at  927.49KiB/s ETA 00:09 (frag 148/244)
2026-01-03 18:47:48,392 [DEBUG] [download]  61.1% of ~  20.02MiB at  927.49KiB/s ETA 00:09 (frag 148/244)
2026-01-03 18:47:48,392 [DEBUG] [download]  61.1% of ~  20.03MiB at  927.49KiB/s ETA 00:09 (frag 148/244)
2026-01-03 18:47:48,396 [DEBUG] [download]  61.1% of ~  20.04MiB at  927.49KiB/s ETA 00:09 (frag 148/244)
2026-01-03 18:47:48,397 [DEBUG] [download]  61.2% of ~  20.07MiB at  927.49KiB/s ETA 00:09 (frag 148/244)
2026-01-03 18:47:48,399 [DEBUG] [download]  61.1% of ~  20.12MiB at  927.49KiB/s ETA 00:09 (frag 148/244)
2026-01-03 18:47:48,467 [DEBUG] [download]  60.7% of ~  20.27MiB at  927.49KiB/s ETA 00:09 (frag 149/244)
2026-01-03 18:47:48,467 [DEBUG] [download]  61.5% of ~  20.01MiB at  930.64KiB/s ETA 00:09 (frag 149/244)
2026-01-03 18:47:48,467 [DEBUG] [download]  61.5% of ~  20.01MiB at  930.64KiB/s ETA 00:09 (frag 149/244)
2026-01-03 18:47:48,468 [DEBUG] [download]  61.5% of ~  20.01MiB at  930.64KiB/s ETA 00:09 (frag 149/244)
2026-01-03 18:47:48,469 [DEBUG] [download]  61.5% of ~  20.02MiB at  930.64KiB/s ETA 00:09 (frag 149/244)
2026-01-03 18:47:48,471 [DEBUG] [download]  61.6% of ~  20.03MiB at  930.64KiB/s ETA 00:09 (frag 149/244)
2026-01-03 18:47:48,474 [DEBUG] [download]  61.6% of ~  20.06MiB at  930.64KiB/s ETA 00:09 (frag 149/244)
2026-01-03 18:47:48,474 [DEBUG] [download]  61.7% of ~  20.11MiB at  930.64KiB/s ETA 00:09 (frag 149/244)
2026-01-03 18:47:48,540 [DEBUG] [download]  60.9% of ~  20.36MiB at  930.64KiB/s ETA 00:09 (frag 150/244)
2026-01-03 18:47:48,541 [DEBUG] [download]  61.9% of ~  20.05MiB at  933.35KiB/s ETA 00:09 (frag 150/244)
2026-01-03 18:47:48,541 [DEBUG] [download]  61.9% of ~  20.05MiB at  933.35KiB/s ETA 00:09 (frag 150/244)
2026-01-03 18:47:48,542 [DEBUG] [download]  61.9% of ~  20.06MiB at  933.35KiB/s ETA 00:09 (frag 150/244)
2026-01-03 18:47:48,543 [DEBUG] [download]  61.9% of ~  20.06MiB at  933.35KiB/s ETA 00:09 (frag 150/244)
2026-01-03 18:47:48,561 [DEBUG] [download]  62.0% of ~  20.08MiB at  933.35KiB/s ETA 00:09 (frag 150/244)
2026-01-03 18:47:48,561 [DEBUG] [download]  62.0% of ~  20.10MiB at  933.35KiB/s ETA 00:09 (frag 150/244)
2026-01-03 18:47:48,562 [DEBUG] [download]  61.9% of ~  20.15MiB at  933.35KiB/s ETA 00:09 (frag 150/244)
2026-01-03 18:47:48,616 [DEBUG] [download]  61.6% of ~  20.25MiB at  933.35KiB/s ETA 00:09 (frag 151/244)
2026-01-03 18:47:48,616 [DEBUG] [download]  62.3% of ~  20.02MiB at  931.14KiB/s ETA 00:09 (frag 151/244)
2026-01-03 18:47:48,617 [DEBUG] [download]  62.3% of ~  20.02MiB at  931.14KiB/s ETA 00:09 (frag 151/244)
2026-01-03 18:47:48,617 [DEBUG] [download]  62.3% of ~  20.02MiB at  931.14KiB/s ETA 00:09 (frag 151/244)
2026-01-03 18:47:48,618 [DEBUG] [download]  62.3% of ~  20.03MiB at  931.14KiB/s ETA 00:09 (frag 151/244)
2026-01-03 18:47:48,623 [DEBUG] [download]  62.4% of ~  20.04MiB at  931.14KiB/s ETA 00:09 (frag 151/244)
2026-01-03 18:47:48,624 [DEBUG] [download]  62.4% of ~  20.07MiB at  931.14KiB/s ETA 00:09 (frag 151/244)
2026-01-03 18:47:48,687 [DEBUG] [download]  62.1% of ~  20.17MiB at  931.14KiB/s ETA 00:09 (frag 152/244)
2026-01-03 18:47:48,688 [DEBUG] [download]  62.7% of ~  19.96MiB at  929.33KiB/s ETA 00:09 (frag 152/244)
2026-01-03 18:47:48,750 [DEBUG] [download]  62.7% of ~  19.97MiB at  929.33KiB/s ETA 00:09 (frag 152/244)
2026-01-03 18:47:48,751 [DEBUG] [download]  62.7% of ~  19.97MiB at  931.89KiB/s ETA 00:08 (frag 152/244)
2026-01-03 18:47:48,755 [DEBUG] [download]  62.7% of ~  19.97MiB at  931.89KiB/s ETA 00:08 (frag 152/244)
2026-01-03 18:47:48,757 [DEBUG] [download]  62.8% of ~  19.99MiB at  931.89KiB/s ETA 00:08 (frag 152/244)
2026-01-03 18:47:48,831 [DEBUG] [download]  62.9% of ~  20.01MiB at  931.89KiB/s ETA 00:08 (frag 152/244)
2026-01-03 18:47:48,831 [DEBUG] [download]  62.9% of ~  20.06MiB at  936.67KiB/s ETA 00:08 (frag 152/244)
2026-01-03 18:47:49,003 [DEBUG] [download]  62.2% of ~  20.31MiB at  936.67KiB/s ETA 00:08 (frag 153/244)
2026-01-03 18:47:49,004 [DEBUG] [download]  63.1% of ~  20.01MiB at  928.73KiB/s ETA 00:08 (frag 153/244)
2026-01-03 18:47:49,004 [DEBUG] [download]  63.1% of ~  20.01MiB at  928.73KiB/s ETA 00:08 (frag 153/244)
2026-01-03 18:47:49,004 [DEBUG] [download]  63.1% of ~  20.01MiB at  928.73KiB/s ETA 00:08 (frag 153/244)
2026-01-03 18:47:49,005 [DEBUG] [download]  63.2% of ~  20.02MiB at  928.73KiB/s ETA 00:08 (frag 153/244)
2026-01-03 18:47:49,010 [DEBUG] [download]  63.2% of ~  20.03MiB at  928.73KiB/s ETA 00:08 (frag 153/244)
2026-01-03 18:47:49,010 [DEBUG] [download]  63.2% of ~  20.05MiB at  928.73KiB/s ETA 00:08 (frag 153/244)
2026-01-03 18:47:49,076 [DEBUG] [download]  62.8% of ~  20.18MiB at  928.73KiB/s ETA 00:08 (frag 154/244)
2026-01-03 18:47:49,076 [DEBUG] [download]  63.5% of ~  19.96MiB at  919.28KiB/s ETA 00:08 (frag 154/244)
2026-01-03 18:47:49,077 [DEBUG] [download]  63.5% of ~  19.96MiB at  919.28KiB/s ETA 00:08 (frag 154/244)
2026-01-03 18:47:49,077 [DEBUG] [download]  63.5% of ~  19.97MiB at  919.28KiB/s ETA 00:08 (frag 154/244)
2026-01-03 18:47:49,082 [DEBUG] [download]  63.6% of ~  19.97MiB at  919.28KiB/s ETA 00:08 (frag 154/244)
2026-01-03 18:47:49,087 [DEBUG] [download]  63.6% of ~  19.99MiB at  919.28KiB/s ETA 00:08 (frag 154/244)
2026-01-03 18:47:49,088 [DEBUG] [download]  63.7% of ~  20.01MiB at  919.28KiB/s ETA 00:08 (frag 154/244)
2026-01-03 18:47:49,089 [DEBUG] [download]  63.6% of ~  20.06MiB at  919.28KiB/s ETA 00:08 (frag 154/244)
2026-01-03 18:47:49,156 [DEBUG] [download]  63.1% of ~  20.23MiB at  919.28KiB/s ETA 00:08 (frag 155/244)
2026-01-03 18:47:49,157 [DEBUG] [download]  63.9% of ~  19.97MiB at  913.47KiB/s ETA 00:08 (frag 155/244)
2026-01-03 18:47:49,157 [DEBUG] [download]  63.9% of ~  19.97MiB at  913.47KiB/s ETA 00:08 (frag 155/244)
2026-01-03 18:47:49,158 [DEBUG] [download]  64.0% of ~  19.97MiB at  913.47KiB/s ETA 00:08 (frag 155/244)
2026-01-03 18:47:49,159 [DEBUG] [download]  64.0% of ~  19.98MiB at  913.47KiB/s ETA 00:08 (frag 155/244)
2026-01-03 18:47:49,163 [DEBUG] [download]  64.0% of ~  19.99MiB at  913.47KiB/s ETA 00:08 (frag 155/244)
2026-01-03 18:47:49,166 [DEBUG] [download]  64.1% of ~  20.02MiB at  913.47KiB/s ETA 00:08 (frag 155/244)
2026-01-03 18:47:49,166 [DEBUG] [download]  64.2% of ~  20.06MiB at  913.47KiB/s ETA 00:08 (frag 155/244)
2026-01-03 18:47:49,227 [DEBUG] [download]  63.4% of ~  20.31MiB at  913.47KiB/s ETA 00:08 (frag 156/244)
2026-01-03 18:47:49,228 [DEBUG] [download]  64.3% of ~  20.01MiB at  915.95KiB/s ETA 00:08 (frag 156/244)
2026-01-03 18:47:49,228 [DEBUG] [download]  64.4% of ~  20.01MiB at  915.95KiB/s ETA 00:08 (frag 156/244)
2026-01-03 18:47:49,229 [DEBUG] [download]  64.4% of ~  20.01MiB at  915.95KiB/s ETA 00:08 (frag 156/244)
2026-01-03 18:47:49,231 [DEBUG] [download]  64.4% of ~  20.02MiB at  915.95KiB/s ETA 00:08 (frag 156/244)
2026-01-03 18:47:49,233 [DEBUG] [download]  64.4% of ~  20.03MiB at  915.95KiB/s ETA 00:08 (frag 156/244)
2026-01-03 18:47:49,241 [DEBUG] [download]  64.5% of ~  20.06MiB at  915.95KiB/s ETA 00:08 (frag 156/244)
2026-01-03 18:47:49,241 [DEBUG] [download]  64.5% of ~  20.10MiB at  915.95KiB/s ETA 00:08 (frag 156/244)
2026-01-03 18:47:49,303 [DEBUG] [download]  63.9% of ~  20.31MiB at  915.95KiB/s ETA 00:08 (frag 157/244)
2026-01-03 18:47:49,303 [DEBUG] [download]  64.8% of ~  20.03MiB at  926.47KiB/s ETA 00:08 (frag 157/244)
2026-01-03 18:47:49,310 [DEBUG] [download]  64.8% of ~  20.04MiB at  926.47KiB/s ETA 00:08 (frag 157/244)
2026-01-03 18:47:49,311 [DEBUG] [download]  64.8% of ~  20.04MiB at  926.47KiB/s ETA 00:08 (frag 157/244)
2026-01-03 18:47:49,316 [DEBUG] [download]  64.8% of ~  20.04MiB at  926.47KiB/s ETA 00:08 (frag 157/244)
2026-01-03 18:47:49,317 [DEBUG] [download]  64.8% of ~  20.06MiB at  926.47KiB/s ETA 00:08 (frag 157/244)
2026-01-03 18:47:49,319 [DEBUG] [download]  64.9% of ~  20.08MiB at  926.47KiB/s ETA 00:08 (frag 157/244)
2026-01-03 18:47:49,319 [DEBUG] [download]  64.9% of ~  20.13MiB at  926.47KiB/s ETA 00:08 (frag 157/244)
2026-01-03 18:47:49,378 [DEBUG] [download]  64.3% of ~  20.32MiB at  926.47KiB/s ETA 00:08 (frag 158/244)
2026-01-03 18:47:49,379 [DEBUG] [download]  65.2% of ~  20.05MiB at  936.14KiB/s ETA 00:08 (frag 158/244)
2026-01-03 18:47:49,380 [DEBUG] [download]  65.2% of ~  20.05MiB at  936.14KiB/s ETA 00:08 (frag 158/244)
2026-01-03 18:47:49,381 [DEBUG] [download]  65.2% of ~  20.06MiB at  936.14KiB/s ETA 00:08 (frag 158/244)
2026-01-03 18:47:49,386 [DEBUG] [download]  65.2% of ~  20.06MiB at  936.14KiB/s ETA 00:08 (frag 158/244)
2026-01-03 18:47:49,388 [DEBUG] [download]  65.2% of ~  20.07MiB at  936.14KiB/s ETA 00:08 (frag 158/244)
2026-01-03 18:47:49,391 [DEBUG] [download]  65.3% of ~  20.10MiB at  936.14KiB/s ETA 00:08 (frag 158/244)
2026-01-03 18:47:49,391 [DEBUG] [download]  65.4% of ~  20.14MiB at  936.14KiB/s ETA 00:08 (frag 158/244)
2026-01-03 18:47:49,454 [DEBUG] [download]  64.6% of ~  20.37MiB at  936.14KiB/s ETA 00:08 (frag 159/244)
2026-01-03 18:47:49,454 [DEBUG] [download]  65.6% of ~  20.09MiB at  940.30KiB/s ETA 00:08 (frag 159/244)
2026-01-03 18:47:49,455 [DEBUG] [download]  65.6% of ~  20.09MiB at  940.30KiB/s ETA 00:08 (frag 159/244)
2026-01-03 18:47:49,455 [DEBUG] [download]  65.6% of ~  20.09MiB at  940.30KiB/s ETA 00:08 (frag 159/244)
2026-01-03 18:47:49,458 [DEBUG] [download]  65.6% of ~  20.10MiB at  940.30KiB/s ETA 00:08 (frag 159/244)
2026-01-03 18:47:49,459 [DEBUG] [download]  65.7% of ~  20.11MiB at  940.30KiB/s ETA 00:08 (frag 159/244)
2026-01-03 18:47:49,460 [DEBUG] [download]  65.7% of ~  20.13MiB at  940.30KiB/s ETA 00:08 (frag 159/244)
2026-01-03 18:47:49,526 [DEBUG] [download]  65.3% of ~  20.26MiB at  940.30KiB/s ETA 00:08 (frag 160/244)
2026-01-03 18:47:49,526 [DEBUG] [download]  66.0% of ~  20.05MiB at  952.09KiB/s ETA 00:08 (frag 160/244)
2026-01-03 18:47:49,527 [DEBUG] [download]  66.0% of ~  20.05MiB at  952.09KiB/s ETA 00:08 (frag 160/244)
2026-01-03 18:47:49,528 [DEBUG] [download]  66.0% of ~  20.05MiB at  952.09KiB/s ETA 00:08 (frag 160/244)
2026-01-03 18:47:49,530 [DEBUG] [download]  66.0% of ~  20.06MiB at  952.09KiB/s ETA 00:08 (frag 160/244)
2026-01-03 18:47:49,533 [DEBUG] [download]  66.1% of ~  20.07MiB at  952.09KiB/s ETA 00:08 (frag 160/244)
2026-01-03 18:47:49,534 [DEBUG] [download]  66.1% of ~  20.09MiB at  952.09KiB/s ETA 00:08 (frag 160/244)
2026-01-03 18:47:49,603 [DEBUG] [download]  65.7% of ~  20.22MiB at  952.09KiB/s ETA 00:08 (frag 161/244)
2026-01-03 18:47:49,604 [DEBUG] [download]  66.4% of ~  20.01MiB at  959.98KiB/s ETA 00:08 (frag 161/244)
2026-01-03 18:47:49,604 [DEBUG] [download]  66.4% of ~  20.01MiB at  959.98KiB/s ETA 00:08 (frag 161/244)
2026-01-03 18:47:49,605 [DEBUG] [download]  66.4% of ~  20.01MiB at  959.98KiB/s ETA 00:08 (frag 161/244)
2026-01-03 18:47:49,606 [DEBUG] [download]  66.4% of ~  20.02MiB at  959.98KiB/s ETA 00:08 (frag 161/244)
2026-01-03 18:47:49,607 [DEBUG] [download]  66.5% of ~  20.03MiB at  959.98KiB/s ETA 00:08 (frag 161/244)
2026-01-03 18:47:49,613 [DEBUG] [download]  66.5% of ~  20.05MiB at  959.98KiB/s ETA 00:08 (frag 161/244)
2026-01-03 18:47:49,613 [DEBUG] [download]  66.6% of ~  20.10MiB at  959.98KiB/s ETA 00:08 (frag 161/244)
2026-01-03 18:47:49,678 [DEBUG] [download]  65.9% of ~  20.32MiB at  959.98KiB/s ETA 00:08 (frag 162/244)
2026-01-03 18:47:49,679 [DEBUG] [download]  66.8% of ~  20.04MiB at  971.86KiB/s ETA 00:07 (frag 162/244)
2026-01-03 18:47:49,679 [DEBUG] [download]  66.8% of ~  20.04MiB at  971.86KiB/s ETA 00:07 (frag 162/244)
2026-01-03 18:47:49,680 [DEBUG] [download]  66.8% of ~  20.04MiB at  971.86KiB/s ETA 00:07 (frag 162/244)
2026-01-03 18:47:49,687 [DEBUG] [download]  66.8% of ~  20.05MiB at  971.86KiB/s ETA 00:07 (frag 162/244)
2026-01-03 18:47:49,689 [DEBUG] [download]  66.9% of ~  20.06MiB at  971.86KiB/s ETA 00:07 (frag 162/244)
2026-01-03 18:47:49,689 [DEBUG] [download]  66.9% of ~  20.08MiB at  971.86KiB/s ETA 00:07 (frag 162/244)
2026-01-03 18:47:49,750 [DEBUG] [download]  66.5% of ~  20.20MiB at  971.86KiB/s ETA 00:07 (frag 163/244)
2026-01-03 18:47:49,750 [DEBUG] [download]  67.2% of ~  20.00MiB at  973.90KiB/s ETA 00:07 (frag 163/244)
2026-01-03 18:47:49,758 [DEBUG] [download]  67.2% of ~  20.00MiB at  973.90KiB/s ETA 00:07 (frag 163/244)
2026-01-03 18:47:49,758 [DEBUG] [download]  67.2% of ~  20.00MiB at  973.90KiB/s ETA 00:07 (frag 163/244)
2026-01-03 18:47:49,760 [DEBUG] [download]  67.3% of ~  20.01MiB at  973.90KiB/s ETA 00:07 (frag 163/244)
2026-01-03 18:47:49,764 [DEBUG] [download]  67.3% of ~  20.02MiB at  973.90KiB/s ETA 00:07 (frag 163/244)
2026-01-03 18:47:49,764 [DEBUG] [download]  67.4% of ~  20.04MiB at  973.90KiB/s ETA 00:07 (frag 163/244)
2026-01-03 18:47:49,765 [DEBUG] [download]  67.3% of ~  20.09MiB at  973.90KiB/s ETA 00:07 (frag 163/244)
2026-01-03 18:47:49,839 [DEBUG] [download]  66.8% of ~  20.24MiB at  973.90KiB/s ETA 00:07 (frag 164/244)
2026-01-03 18:47:49,839 [DEBUG] [download]  67.6% of ~  20.00MiB at  971.58KiB/s ETA 00:07 (frag 164/244)
2026-01-03 18:47:49,840 [DEBUG] [download]  67.6% of ~  20.00MiB at  971.58KiB/s ETA 00:07 (frag 164/244)
2026-01-03 18:47:49,840 [DEBUG] [download]  67.6% of ~  20.00MiB at  971.58KiB/s ETA 00:07 (frag 164/244)
2026-01-03 18:47:49,846 [DEBUG] [download]  67.7% of ~  20.01MiB at  971.58KiB/s ETA 00:07 (frag 164/244)
2026-01-03 18:47:49,848 [DEBUG] [download]  67.7% of ~  20.02MiB at  971.58KiB/s ETA 00:07 (frag 164/244)
2026-01-03 18:47:49,848 [DEBUG] [download]  67.8% of ~  20.04MiB at  971.58KiB/s ETA 00:07 (frag 164/244)
2026-01-03 18:47:49,898 [DEBUG] [download]  67.3% of ~  20.17MiB at  971.58KiB/s ETA 00:07 (frag 165/244)
2026-01-03 18:47:49,898 [DEBUG] [download]  68.0% of ~  19.96MiB at  967.01KiB/s ETA 00:07 (frag 165/244)
2026-01-03 18:47:49,899 [DEBUG] [download]  68.0% of ~  19.96MiB at  967.01KiB/s ETA 00:07 (frag 165/244)
2026-01-03 18:47:49,899 [DEBUG] [download]  68.1% of ~  19.97MiB at  967.01KiB/s ETA 00:07 (frag 165/244)
2026-01-03 18:47:49,902 [DEBUG] [download]  68.1% of ~  19.97MiB at  967.01KiB/s ETA 00:07 (frag 165/244)
2026-01-03 18:47:49,905 [DEBUG] [download]  68.1% of ~  19.98MiB at  967.01KiB/s ETA 00:07 (frag 165/244)
2026-01-03 18:47:49,911 [DEBUG] [download]  68.2% of ~  20.01MiB at  967.01KiB/s ETA 00:07 (frag 165/244)
2026-01-03 18:47:49,911 [DEBUG] [download]  68.2% of ~  20.05MiB at  967.01KiB/s ETA 00:07 (frag 165/244)
2026-01-03 18:47:49,974 [DEBUG] [download]  67.6% of ~  20.23MiB at  967.01KiB/s ETA 00:07 (frag 166/244)
2026-01-03 18:47:49,974 [DEBUG] [download]  68.4% of ~  19.98MiB at  962.40KiB/s ETA 00:07 (frag 166/244)
2026-01-03 18:47:49,975 [DEBUG] [download]  68.5% of ~  19.98MiB at  962.40KiB/s ETA 00:07 (frag 166/244)
2026-01-03 18:47:49,976 [DEBUG] [download]  68.5% of ~  19.98MiB at  962.40KiB/s ETA 00:07 (frag 166/244)
2026-01-03 18:47:49,979 [DEBUG] [download]  68.5% of ~  19.99MiB at  962.40KiB/s ETA 00:07 (frag 166/244)
2026-01-03 18:47:49,981 [DEBUG] [download]  68.5% of ~  20.00MiB at  962.40KiB/s ETA 00:07 (frag 166/244)
2026-01-03 18:47:49,982 [DEBUG] [download]  68.5% of ~  20.02MiB at  962.40KiB/s ETA 00:07 (frag 166/244)
2026-01-03 18:47:50,050 [DEBUG] [download]  68.2% of ~  20.13MiB at  962.40KiB/s ETA 00:07 (frag 167/244)
2026-01-03 18:47:50,051 [DEBUG] [download]  68.9% of ~  19.93MiB at  953.93KiB/s ETA 00:07 (frag 167/244)
2026-01-03 18:47:50,051 [DEBUG] [download]  68.9% of ~  19.93MiB at  953.93KiB/s ETA 00:07 (frag 167/244)
2026-01-03 18:47:50,052 [DEBUG] [download]  68.9% of ~  19.94MiB at  953.93KiB/s ETA 00:07 (frag 167/244)
2026-01-03 18:47:50,054 [DEBUG] [download]  68.9% of ~  19.94MiB at  953.93KiB/s ETA 00:07 (frag 167/244)
2026-01-03 18:47:50,060 [DEBUG] [download]  68.9% of ~  19.95MiB at  953.93KiB/s ETA 00:07 (frag 167/244)
2026-01-03 18:47:50,061 [DEBUG] [download]  69.0% of ~  19.98MiB at  953.93KiB/s ETA 00:07 (frag 167/244)
2026-01-03 18:47:50,061 [DEBUG] [download]  68.9% of ~  20.02MiB at  953.93KiB/s ETA 00:07 (frag 167/244)
2026-01-03 18:47:50,295 [DEBUG] [download]  68.5% of ~  20.13MiB at  953.93KiB/s ETA 00:07 (frag 168/244)
2026-01-03 18:47:50,295 [DEBUG] [download]  69.3% of ~  19.91MiB at  939.22KiB/s ETA 00:07 (frag 168/244)
2026-01-03 18:47:50,296 [DEBUG] [download]  69.3% of ~  19.92MiB at  939.22KiB/s ETA 00:07 (frag 168/244)
2026-01-03 18:47:50,296 [DEBUG] [download]  69.3% of ~  19.92MiB at  939.22KiB/s ETA 00:07 (frag 168/244)
2026-01-03 18:47:50,297 [DEBUG] [download]  69.3% of ~  19.92MiB at  939.22KiB/s ETA 00:07 (frag 168/244)
2026-01-03 18:47:50,300 [DEBUG] [download]  69.3% of ~  19.94MiB at  939.22KiB/s ETA 00:07 (frag 168/244)
2026-01-03 18:47:50,301 [DEBUG] [download]  69.4% of ~  19.96MiB at  939.22KiB/s ETA 00:07 (frag 168/244)
2026-01-03 18:47:50,302 [DEBUG] [download]  69.4% of ~  20.00MiB at  939.22KiB/s ETA 00:07 (frag 168/244)
2026-01-03 18:47:50,441 [DEBUG] [download]  68.9% of ~  20.15MiB at  939.22KiB/s ETA 00:07 (frag 169/244)
2026-01-03 18:47:50,442 [DEBUG] [download]  69.7% of ~  19.91MiB at  926.72KiB/s ETA 00:07 (frag 169/244)
2026-01-03 18:47:50,445 [DEBUG] [download]  69.7% of ~  19.91MiB at  926.72KiB/s ETA 00:07 (frag 169/244)
2026-01-03 18:47:50,446 [DEBUG] [download]  69.7% of ~  19.92MiB at  926.72KiB/s ETA 00:07 (frag 169/244)
2026-01-03 18:47:50,447 [DEBUG] [download]  69.7% of ~  19.92MiB at  926.72KiB/s ETA 00:07 (frag 169/244)
2026-01-03 18:47:50,448 [DEBUG] [download]  69.8% of ~  19.93MiB at  926.72KiB/s ETA 00:07 (frag 169/244)
2026-01-03 18:47:50,450 [DEBUG] [download]  69.8% of ~  19.96MiB at  926.72KiB/s ETA 00:07 (frag 169/244)
2026-01-03 18:47:50,451 [DEBUG] [download]  69.7% of ~  20.00MiB at  926.72KiB/s ETA 00:07 (frag 169/244)
2026-01-03 18:47:50,527 [DEBUG] [download]  69.3% of ~  20.12MiB at  926.72KiB/s ETA 00:07 (frag 170/244)
2026-01-03 18:47:50,527 [DEBUG] [download]  70.1% of ~  19.90MiB at  914.79KiB/s ETA 00:07 (frag 170/244)
2026-01-03 18:47:50,531 [DEBUG] [download]  70.1% of ~  19.90MiB at  914.79KiB/s ETA 00:07 (frag 170/244)
2026-01-03 18:47:50,531 [DEBUG] [download]  70.1% of ~  19.90MiB at  914.79KiB/s ETA 00:07 (frag 170/244)
2026-01-03 18:47:50,531 [DEBUG] [download]  70.1% of ~  19.91MiB at  914.79KiB/s ETA 00:07 (frag 170/244)
2026-01-03 18:47:50,576 [DEBUG] [download]  70.2% of ~  19.92MiB at  914.79KiB/s ETA 00:07 (frag 170/244)
2026-01-03 18:47:50,579 [DEBUG] [download]  70.2% of ~  19.94MiB at  914.79KiB/s ETA 00:07 (frag 170/244)
2026-01-03 18:47:50,579 [DEBUG] [download]  70.3% of ~  19.99MiB at  909.75KiB/s ETA 00:07 (frag 170/244)
2026-01-03 18:47:50,655 [DEBUG] [download]  69.5% of ~  20.21MiB at  909.75KiB/s ETA 00:07 (frag 171/244)
2026-01-03 18:47:50,656 [DEBUG] [download]  70.5% of ~  19.94MiB at  896.24KiB/s ETA 00:07 (frag 171/244)
2026-01-03 18:47:50,656 [DEBUG] [download]  70.5% of ~  19.94MiB at  896.24KiB/s ETA 00:07 (frag 171/244)
2026-01-03 18:47:50,657 [DEBUG] [download]  70.5% of ~  19.94MiB at  896.24KiB/s ETA 00:07 (frag 171/244)
2026-01-03 18:47:50,657 [DEBUG] [download]  70.5% of ~  19.95MiB at  896.24KiB/s ETA 00:07 (frag 171/244)
2026-01-03 18:47:50,663 [DEBUG] [download]  70.6% of ~  19.96MiB at  896.24KiB/s ETA 00:07 (frag 171/244)
2026-01-03 18:47:50,665 [DEBUG] [download]  70.6% of ~  19.98MiB at  896.24KiB/s ETA 00:07 (frag 171/244)
2026-01-03 18:47:50,665 [DEBUG] [download]  70.7% of ~  20.02MiB at  896.24KiB/s ETA 00:07 (frag 171/244)
2026-01-03 18:47:50,725 [DEBUG] [download]  70.0% of ~  20.21MiB at  896.24KiB/s ETA 00:07 (frag 172/244)
2026-01-03 18:47:50,725 [DEBUG] [download]  70.9% of ~  19.96MiB at  889.90KiB/s ETA 00:07 (frag 172/244)
2026-01-03 18:47:50,726 [DEBUG] [download]  70.9% of ~  19.96MiB at  889.90KiB/s ETA 00:07 (frag 172/244)
2026-01-03 18:47:50,726 [DEBUG] [download]  70.9% of ~  19.96MiB at  889.90KiB/s ETA 00:07 (frag 172/244)
2026-01-03 18:47:50,731 [DEBUG] [download]  70.9% of ~  19.97MiB at  889.90KiB/s ETA 00:07 (frag 172/244)
2026-01-03 18:47:50,735 [DEBUG] [download]  71.0% of ~  19.98MiB at  889.90KiB/s ETA 00:07 (frag 172/244)
2026-01-03 18:47:50,737 [DEBUG] [download]  71.1% of ~  20.00MiB at  889.90KiB/s ETA 00:07 (frag 172/244)
2026-01-03 18:47:50,737 [DEBUG] [download]  71.1% of ~  20.04MiB at  889.90KiB/s ETA 00:07 (frag 172/244)
2026-01-03 18:47:50,803 [DEBUG] [download]  70.4% of ~  20.25MiB at  889.90KiB/s ETA 00:07 (frag 173/244)
2026-01-03 18:47:50,803 [DEBUG] [download]  71.3% of ~  19.99MiB at  887.17KiB/s ETA 00:07 (frag 173/244)
2026-01-03 18:47:50,806 [DEBUG] [download]  71.3% of ~  19.99MiB at  887.17KiB/s ETA 00:07 (frag 173/244)
2026-01-03 18:47:50,807 [DEBUG] [download]  71.3% of ~  19.99MiB at  887.17KiB/s ETA 00:07 (frag 173/244)
2026-01-03 18:47:50,807 [DEBUG] [download]  71.4% of ~  20.00MiB at  887.17KiB/s ETA 00:07 (frag 173/244)
2026-01-03 18:47:50,808 [DEBUG] [download]  71.4% of ~  20.01MiB at  887.17KiB/s ETA 00:07 (frag 173/244)
2026-01-03 18:47:50,809 [DEBUG] [download]  71.5% of ~  20.03MiB at  887.17KiB/s ETA 00:07 (frag 173/244)
2026-01-03 18:47:50,876 [DEBUG] [download]  71.0% of ~  20.16MiB at  887.17KiB/s ETA 00:07 (frag 174/244)
2026-01-03 18:47:50,876 [DEBUG] [download]  71.7% of ~  19.96MiB at  883.01KiB/s ETA 00:07 (frag 174/244)
2026-01-03 18:47:50,877 [DEBUG] [download]  71.7% of ~  19.96MiB at  883.01KiB/s ETA 00:07 (frag 174/244)
2026-01-03 18:47:50,877 [DEBUG] [download]  71.7% of ~  19.96MiB at  883.01KiB/s ETA 00:07 (frag 174/244)
2026-01-03 18:47:50,878 [DEBUG] [download]  71.8% of ~  19.97MiB at  883.01KiB/s ETA 00:07 (frag 174/244)
2026-01-03 18:47:50,883 [DEBUG] [download]  71.8% of ~  19.98MiB at  883.01KiB/s ETA 00:07 (frag 174/244)
2026-01-03 18:47:50,883 [DEBUG] [download]  71.9% of ~  20.00MiB at  883.01KiB/s ETA 00:07 (frag 174/244)
2026-01-03 18:47:50,884 [DEBUG] [download]  71.7% of ~  20.05MiB at  883.01KiB/s ETA 00:07 (frag 174/244)
2026-01-03 18:47:50,951 [DEBUG] [download]  71.4% of ~  20.14MiB at  883.01KiB/s ETA 00:07 (frag 175/244)
2026-01-03 18:47:50,951 [DEBUG] [download]  72.1% of ~  19.94MiB at  878.49KiB/s ETA 00:07 (frag 175/244)
2026-01-03 18:47:50,952 [DEBUG] [download]  72.1% of ~  19.94MiB at  878.49KiB/s ETA 00:07 (frag 175/244)
2026-01-03 18:47:50,955 [DEBUG] [download]  72.2% of ~  19.94MiB at  878.49KiB/s ETA 00:07 (frag 175/244)
2026-01-03 18:47:50,956 [DEBUG] [download]  72.2% of ~  19.94MiB at  878.49KiB/s ETA 00:07 (frag 175/244)
2026-01-03 18:47:50,961 [DEBUG] [download]  72.2% of ~  19.96MiB at  878.49KiB/s ETA 00:07 (frag 175/244)
2026-01-03 18:47:50,961 [DEBUG] [download]  72.3% of ~  19.98MiB at  878.49KiB/s ETA 00:07 (frag 175/244)
2026-01-03 18:47:50,962 [DEBUG] [download]  72.2% of ~  20.02MiB at  878.49KiB/s ETA 00:07 (frag 175/244)
2026-01-03 18:47:51,027 [DEBUG] [download]  71.7% of ~  20.16MiB at  878.49KiB/s ETA 00:07 (frag 176/244)
2026-01-03 18:47:51,028 [DEBUG] [download]  72.5% of ~  19.93MiB at  881.24KiB/s ETA 00:06 (frag 176/244)
2026-01-03 18:47:51,031 [DEBUG] [download]  72.6% of ~  19.93MiB at  881.24KiB/s ETA 00:06 (frag 176/244)
2026-01-03 18:47:51,031 [DEBUG] [download]  72.6% of ~  19.94MiB at  881.24KiB/s ETA 00:06 (frag 176/244)
2026-01-03 18:47:51,031 [DEBUG] [download]  72.6% of ~  19.94MiB at  881.24KiB/s ETA 00:06 (frag 176/244)
2026-01-03 18:47:51,036 [DEBUG] [download]  72.6% of ~  19.95MiB at  881.24KiB/s ETA 00:06 (frag 176/244)
2026-01-03 18:47:51,039 [DEBUG] [download]  72.7% of ~  19.97MiB at  881.24KiB/s ETA 00:06 (frag 176/244)
2026-01-03 18:47:51,039 [DEBUG] [download]  72.7% of ~  20.02MiB at  881.24KiB/s ETA 00:06 (frag 176/244)
2026-01-03 18:47:51,111 [DEBUG] [download]  72.0% of ~  20.22MiB at  881.24KiB/s ETA 00:06 (frag 177/244)
2026-01-03 18:47:51,111 [DEBUG] [download]  73.0% of ~  19.96MiB at  887.48KiB/s ETA 00:06 (frag 177/244)
2026-01-03 18:47:51,112 [DEBUG] [download]  73.0% of ~  19.96MiB at  887.48KiB/s ETA 00:06 (frag 177/244)
2026-01-03 18:47:51,112 [DEBUG] [download]  73.0% of ~  19.97MiB at  887.48KiB/s ETA 00:06 (frag 177/244)
2026-01-03 18:47:51,113 [DEBUG] [download]  73.0% of ~  19.97MiB at  887.48KiB/s ETA 00:06 (frag 177/244)
2026-01-03 18:47:51,114 [DEBUG] [download]  73.0% of ~  19.98MiB at  887.48KiB/s ETA 00:06 (frag 177/244)
2026-01-03 18:47:51,114 [DEBUG] [download]  73.1% of ~  20.00MiB at  887.48KiB/s ETA 00:06 (frag 177/244)
2026-01-03 18:47:51,115 [DEBUG] [download]  73.0% of ~  20.05MiB at  887.48KiB/s ETA 00:06 (frag 177/244)
2026-01-03 18:47:51,179 [DEBUG] [download]  72.6% of ~  20.18MiB at  887.48KiB/s ETA 00:06 (frag 178/244)
2026-01-03 18:47:51,179 [DEBUG] [download]  73.4% of ~  19.96MiB at  890.33KiB/s ETA 00:06 (frag 178/244)
2026-01-03 18:47:51,180 [DEBUG] [download]  73.4% of ~  19.96MiB at  890.33KiB/s ETA 00:06 (frag 178/244)
2026-01-03 18:47:51,180 [DEBUG] [download]  73.4% of ~  19.96MiB at  890.33KiB/s ETA 00:06 (frag 178/244)
2026-01-03 18:47:51,181 [DEBUG] [download]  73.4% of ~  19.97MiB at  890.33KiB/s ETA 00:06 (frag 178/244)
2026-01-03 18:47:51,182 [DEBUG] [download]  73.4% of ~  19.98MiB at  890.33KiB/s ETA 00:06 (frag 178/244)
2026-01-03 18:47:51,182 [DEBUG] [download]  73.5% of ~  20.00MiB at  890.33KiB/s ETA 00:06 (frag 178/244)
2026-01-03 18:47:51,251 [DEBUG] [download]  73.1% of ~  20.09MiB at  890.33KiB/s ETA 00:06 (frag 179/244)
2026-01-03 18:47:51,251 [DEBUG] [download]  73.8% of ~  19.92MiB at  886.39KiB/s ETA 00:06 (frag 179/244)
2026-01-03 18:47:51,252 [DEBUG] [download]  73.8% of ~  19.92MiB at  886.39KiB/s ETA 00:06 (frag 179/244)
2026-01-03 18:47:51,252 [DEBUG] [download]  73.8% of ~  19.92MiB at  886.39KiB/s ETA 00:06 (frag 179/244)
2026-01-03 18:47:51,262 [DEBUG] [download]  73.8% of ~  19.92MiB at  886.39KiB/s ETA 00:06 (frag 179/244)
2026-01-03 18:47:51,265 [DEBUG] [download]  73.8% of ~  19.94MiB at  886.39KiB/s ETA 00:06 (frag 179/244)
2026-01-03 18:47:51,267 [DEBUG] [download]  73.9% of ~  19.96MiB at  886.39KiB/s ETA 00:06 (frag 179/244)
2026-01-03 18:47:51,268 [DEBUG] [download]  74.0% of ~  20.00MiB at  886.39KiB/s ETA 00:06 (frag 179/244)
2026-01-03 18:47:51,327 [DEBUG] [download]  73.3% of ~  20.18MiB at  886.39KiB/s ETA 00:06 (frag 180/244)
2026-01-03 18:47:51,327 [DEBUG] [download]  74.2% of ~  19.94MiB at  888.89KiB/s ETA 00:06 (frag 180/244)
2026-01-03 18:47:51,331 [DEBUG] [download]  74.2% of ~  19.94MiB at  888.89KiB/s ETA 00:06 (frag 180/244)
2026-01-03 18:47:51,331 [DEBUG] [download]  74.2% of ~  19.94MiB at  888.89KiB/s ETA 00:06 (frag 180/244)
2026-01-03 18:47:51,331 [DEBUG] [download]  74.2% of ~  19.95MiB at  888.89KiB/s ETA 00:06 (frag 180/244)
2026-01-03 18:47:51,334 [DEBUG] [download]  74.3% of ~  19.96MiB at  888.89KiB/s ETA 00:06 (frag 180/244)
2026-01-03 18:47:51,342 [DEBUG] [download]  74.3% of ~  19.98MiB at  888.89KiB/s ETA 00:06 (frag 180/244)
2026-01-03 18:47:51,343 [DEBUG] [download]  74.4% of ~  20.02MiB at  888.89KiB/s ETA 00:06 (frag 180/244)
2026-01-03 18:47:51,403 [DEBUG] [download]  73.7% of ~  20.20MiB at  888.89KiB/s ETA 00:06 (frag 181/244)
2026-01-03 18:47:51,403 [DEBUG] [download]  74.6% of ~  19.96MiB at  892.77KiB/s ETA 00:06 (frag 181/244)
2026-01-03 18:47:51,404 [DEBUG] [download]  74.6% of ~  19.96MiB at  892.77KiB/s ETA 00:06 (frag 181/244)
2026-01-03 18:47:51,404 [DEBUG] [download]  74.6% of ~  19.96MiB at  892.77KiB/s ETA 00:06 (frag 181/244)
2026-01-03 18:47:51,411 [DEBUG] [download]  74.6% of ~  19.97MiB at  892.77KiB/s ETA 00:06 (frag 181/244)
2026-01-03 18:47:51,414 [DEBUG] [download]  74.7% of ~  19.98MiB at  892.77KiB/s ETA 00:06 (frag 181/244)
2026-01-03 18:47:51,424 [DEBUG] [download]  74.7% of ~  20.00MiB at  892.77KiB/s ETA 00:06 (frag 181/244)
2026-01-03 18:47:51,425 [DEBUG] [download]  74.8% of ~  20.04MiB at  892.77KiB/s ETA 00:06 (frag 181/244)
2026-01-03 18:47:51,475 [DEBUG] [download]  74.1% of ~  20.21MiB at  892.77KiB/s ETA 00:06 (frag 182/244)
2026-01-03 18:47:51,475 [DEBUG] [download]  75.0% of ~  19.97MiB at  894.12KiB/s ETA 00:06 (frag 182/244)
2026-01-03 18:47:51,483 [DEBUG] [download]  75.0% of ~  19.97MiB at  894.12KiB/s ETA 00:06 (frag 182/244)
2026-01-03 18:47:51,484 [DEBUG] [download]  75.0% of ~  19.98MiB at  894.12KiB/s ETA 00:06 (frag 182/244)
2026-01-03 18:47:51,489 [DEBUG] [download]  75.0% of ~  19.98MiB at  894.12KiB/s ETA 00:06 (frag 182/244)
2026-01-03 18:47:51,492 [DEBUG] [download]  75.1% of ~  19.99MiB at  894.12KiB/s ETA 00:06 (frag 182/244)
2026-01-03 18:47:51,493 [DEBUG] [download]  75.2% of ~  20.01MiB at  894.12KiB/s ETA 00:06 (frag 182/244)
2026-01-03 18:47:51,494 [DEBUG] [download]  75.2% of ~  20.06MiB at  894.12KiB/s ETA 00:06 (frag 182/244)
2026-01-03 18:47:51,551 [DEBUG] [download]  74.5% of ~  20.25MiB at  894.12KiB/s ETA 00:06 (frag 183/244)
2026-01-03 18:47:51,551 [DEBUG] [download]  75.4% of ~  20.00MiB at  899.15KiB/s ETA 00:06 (frag 183/244)
2026-01-03 18:47:51,552 [DEBUG] [download]  75.4% of ~  20.00MiB at  899.15KiB/s ETA 00:06 (frag 183/244)
2026-01-03 18:47:51,552 [DEBUG] [download]  75.4% of ~  20.00MiB at  899.15KiB/s ETA 00:06 (frag 183/244)
2026-01-03 18:47:51,557 [DEBUG] [download]  75.4% of ~  20.01MiB at  899.15KiB/s ETA 00:06 (frag 183/244)
2026-01-03 18:47:51,558 [DEBUG] [download]  75.5% of ~  20.02MiB at  899.15KiB/s ETA 00:06 (frag 183/244)
2026-01-03 18:47:51,561 [DEBUG] [download]  75.6% of ~  20.04MiB at  899.15KiB/s ETA 00:06 (frag 183/244)
2026-01-03 18:47:51,562 [DEBUG] [download]  75.5% of ~  20.08MiB at  899.15KiB/s ETA 00:06 (frag 183/244)
2026-01-03 18:47:51,743 [DEBUG] [download]  75.0% of ~  20.22MiB at  899.15KiB/s ETA 00:06 (frag 184/244)
2026-01-03 18:47:51,743 [DEBUG] [download]  75.8% of ~  20.00MiB at  900.50KiB/s ETA 00:06 (frag 184/244)
2026-01-03 18:47:51,743 [DEBUG] [download]  75.8% of ~  20.00MiB at  900.50KiB/s ETA 00:06 (frag 184/244)
2026-01-03 18:47:51,766 [DEBUG] [download]  75.8% of ~  20.01MiB at  900.50KiB/s ETA 00:06 (frag 184/244)
2026-01-03 18:47:51,767 [DEBUG] [download]  75.9% of ~  20.01MiB at  900.50KiB/s ETA 00:06 (frag 184/244)
2026-01-03 18:47:51,769 [DEBUG] [download]  75.9% of ~  20.02MiB at  900.50KiB/s ETA 00:06 (frag 184/244)
2026-01-03 18:47:51,773 [DEBUG] [download]  76.0% of ~  20.04MiB at  900.50KiB/s ETA 00:06 (frag 184/244)
2026-01-03 18:47:51,773 [DEBUG] [download]  76.1% of ~  20.08MiB at  900.50KiB/s ETA 00:06 (frag 184/244)
2026-01-03 18:47:51,947 [DEBUG] [download]  75.3% of ~  20.29MiB at  900.50KiB/s ETA 00:06 (frag 185/244)
2026-01-03 18:47:51,947 [DEBUG] [download]  76.2% of ~  20.04MiB at  906.48KiB/s ETA 00:06 (frag 185/244)
2026-01-03 18:47:51,948 [DEBUG] [download]  76.2% of ~  20.04MiB at  906.48KiB/s ETA 00:06 (frag 185/244)
2026-01-03 18:47:51,948 [DEBUG] [download]  76.2% of ~  20.04MiB at  906.48KiB/s ETA 00:06 (frag 185/244)
2026-01-03 18:47:51,949 [DEBUG] [download]  76.3% of ~  20.04MiB at  906.48KiB/s ETA 00:06 (frag 185/244)
2026-01-03 18:47:51,971 [DEBUG] [download]  76.3% of ~  20.06MiB at  906.48KiB/s ETA 00:06 (frag 185/244)
2026-01-03 18:47:51,971 [DEBUG] [download]  76.4% of ~  20.08MiB at  906.48KiB/s ETA 00:06 (frag 185/244)
2026-01-03 18:47:52,017 [DEBUG] [download]  76.0% of ~  20.18MiB at  906.48KiB/s ETA 00:06 (frag 186/244)
2026-01-03 18:47:52,017 [DEBUG] [download]  76.6% of ~  20.00MiB at  910.98KiB/s ETA 00:06 (frag 186/244)
2026-01-03 18:47:52,018 [DEBUG] [download]  76.6% of ~  20.00MiB at  910.98KiB/s ETA 00:06 (frag 186/244)
2026-01-03 18:47:52,020 [DEBUG] [download]  76.7% of ~  20.00MiB at  910.98KiB/s ETA 00:06 (frag 186/244)
2026-01-03 18:47:52,022 [DEBUG] [download]  76.7% of ~  20.01MiB at  910.98KiB/s ETA 00:06 (frag 186/244)
2026-01-03 18:47:52,032 [DEBUG] [download]  76.7% of ~  20.02MiB at  910.98KiB/s ETA 00:06 (frag 186/244)
2026-01-03 18:47:52,033 [DEBUG] [download]  76.8% of ~  20.04MiB at  910.98KiB/s ETA 00:06 (frag 186/244)
2026-01-03 18:47:52,034 [DEBUG] [download]  76.7% of ~  20.08MiB at  910.98KiB/s ETA 00:06 (frag 186/244)
2026-01-03 18:47:52,095 [DEBUG] [download]  76.3% of ~  20.19MiB at  910.98KiB/s ETA 00:06 (frag 187/244)
2026-01-03 18:47:52,095 [DEBUG] [download]  77.1% of ~  19.99MiB at  913.04KiB/s ETA 00:05 (frag 187/244)
2026-01-03 18:47:52,096 [DEBUG] [download]  77.1% of ~  19.99MiB at  913.04KiB/s ETA 00:05 (frag 187/244)
2026-01-03 18:47:52,097 [DEBUG] [download]  77.1% of ~  19.99MiB at  913.04KiB/s ETA 00:05 (frag 187/244)
2026-01-03 18:47:52,100 [DEBUG] [download]  77.1% of ~  20.00MiB at  913.04KiB/s ETA 00:05 (frag 187/244)
2026-01-03 18:47:52,103 [DEBUG] [download]  77.1% of ~  20.01MiB at  913.04KiB/s ETA 00:05 (frag 187/244)
2026-01-03 18:47:52,103 [DEBUG] [download]  77.2% of ~  20.03MiB at  913.04KiB/s ETA 00:05 (frag 187/244)
2026-01-03 18:47:52,104 [DEBUG] [download]  77.2% of ~  20.07MiB at  913.04KiB/s ETA 00:05 (frag 187/244)
2026-01-03 18:47:52,185 [DEBUG] [download]  76.6% of ~  20.20MiB at  913.04KiB/s ETA 00:05 (frag 188/244)
2026-01-03 18:47:52,186 [DEBUG] [download]  77.5% of ~  19.99MiB at  909.97KiB/s ETA 00:05 (frag 188/244)
2026-01-03 18:47:52,186 [DEBUG] [download]  77.5% of ~  19.99MiB at  909.97KiB/s ETA 00:05 (frag 188/244)
2026-01-03 18:47:52,187 [DEBUG] [download]  77.5% of ~  19.99MiB at  909.97KiB/s ETA 00:05 (frag 188/244)
2026-01-03 18:47:52,187 [DEBUG] [download]  77.5% of ~  20.00MiB at  909.97KiB/s ETA 00:05 (frag 188/244)
2026-01-03 18:47:52,190 [DEBUG] [download]  77.5% of ~  20.01MiB at  909.97KiB/s ETA 00:05 (frag 188/244)
2026-01-03 18:47:52,191 [DEBUG] [download]  77.6% of ~  20.03MiB at  909.97KiB/s ETA 00:05 (frag 188/244)
2026-01-03 18:47:52,191 [DEBUG] [download]  77.6% of ~  20.07MiB at  909.97KiB/s ETA 00:05 (frag 188/244)
2026-01-03 18:47:52,255 [DEBUG] [download]  77.0% of ~  20.22MiB at  909.97KiB/s ETA 00:05 (frag 189/244)
2026-01-03 18:47:52,255 [DEBUG] [download]  77.9% of ~  20.00MiB at  907.39KiB/s ETA 00:05 (frag 189/244)
2026-01-03 18:47:52,259 [DEBUG] [download]  77.9% of ~  20.00MiB at  907.39KiB/s ETA 00:05 (frag 189/244)
2026-01-03 18:47:52,260 [DEBUG] [download]  77.9% of ~  20.00MiB at  907.39KiB/s ETA 00:05 (frag 189/244)
2026-01-03 18:47:52,260 [DEBUG] [download]  77.9% of ~  20.01MiB at  907.39KiB/s ETA 00:05 (frag 189/244)
2026-01-03 18:47:52,260 [DEBUG] [download]  77.9% of ~  20.02MiB at  907.39KiB/s ETA 00:05 (frag 189/244)
2026-01-03 18:47:52,260 [DEBUG] [download]  78.0% of ~  20.04MiB at  907.39KiB/s ETA 00:05 (frag 189/244)
2026-01-03 18:47:52,318 [DEBUG] [download]  77.6% of ~  20.12MiB at  907.39KiB/s ETA 00:05 (frag 190/244)
2026-01-03 18:47:52,319 [DEBUG] [download]  78.3% of ~  19.95MiB at  901.95KiB/s ETA 00:05 (frag 190/244)
2026-01-03 18:47:52,319 [DEBUG] [download]  78.3% of ~  19.95MiB at  901.95KiB/s ETA 00:05 (frag 190/244)
2026-01-03 18:47:52,320 [DEBUG] [download]  78.3% of ~  19.96MiB at  901.95KiB/s ETA 00:05 (frag 190/244)
2026-01-03 18:47:52,322 [DEBUG] [download]  78.3% of ~  19.96MiB at  901.95KiB/s ETA 00:05 (frag 190/244)
2026-01-03 18:47:52,324 [DEBUG] [download]  78.4% of ~  19.97MiB at  901.95KiB/s ETA 00:05 (frag 190/244)
2026-01-03 18:47:52,325 [DEBUG] [download]  78.4% of ~  19.99MiB at  901.95KiB/s ETA 00:05 (frag 190/244)
2026-01-03 18:47:52,330 [DEBUG] [download]  78.3% of ~  20.03MiB at  901.95KiB/s ETA 00:05 (frag 190/244)
2026-01-03 18:47:52,395 [DEBUG] [download]  77.9% of ~  20.12MiB at  901.95KiB/s ETA 00:05 (frag 191/244)
2026-01-03 18:47:52,395 [DEBUG] [download]  78.7% of ~  19.93MiB at  893.94KiB/s ETA 00:05 (frag 191/244)
2026-01-03 18:47:52,396 [DEBUG] [download]  78.7% of ~  19.93MiB at  893.94KiB/s ETA 00:05 (frag 191/244)
2026-01-03 18:47:52,398 [DEBUG] [download]  78.7% of ~  19.94MiB at  893.94KiB/s ETA 00:05 (frag 191/244)
2026-01-03 18:47:52,400 [DEBUG] [download]  78.7% of ~  19.94MiB at  893.94KiB/s ETA 00:05 (frag 191/244)
2026-01-03 18:47:52,401 [DEBUG] [download]  78.8% of ~  19.95MiB at  893.94KiB/s ETA 00:05 (frag 191/244)
2026-01-03 18:47:52,402 [DEBUG] [download]  78.8% of ~  19.97MiB at  893.94KiB/s ETA 00:05 (frag 191/244)
2026-01-03 18:47:52,471 [DEBUG] [download]  78.5% of ~  20.05MiB at  893.94KiB/s ETA 00:05 (frag 192/244)
2026-01-03 18:47:52,471 [DEBUG] [download]  79.1% of ~  19.89MiB at  887.08KiB/s ETA 00:05 (frag 192/244)
2026-01-03 18:47:52,472 [DEBUG] [download]  79.1% of ~  19.89MiB at  887.08KiB/s ETA 00:05 (frag 192/244)
2026-01-03 18:47:52,473 [DEBUG] [download]  79.1% of ~  19.89MiB at  887.08KiB/s ETA 00:05 (frag 192/244)
2026-01-03 18:47:52,474 [DEBUG] [download]  79.1% of ~  19.90MiB at  887.08KiB/s ETA 00:05 (frag 192/244)
2026-01-03 18:47:52,478 [DEBUG] [download]  79.2% of ~  19.91MiB at  887.08KiB/s ETA 00:05 (frag 192/244)
2026-01-03 18:47:52,479 [DEBUG] [download]  79.3% of ~  19.93MiB at  887.08KiB/s ETA 00:05 (frag 192/244)
2026-01-03 18:47:52,479 [DEBUG] [download]  79.1% of ~  19.97MiB at  887.08KiB/s ETA 00:05 (frag 192/244)
2026-01-03 18:47:52,542 [DEBUG] [download]  78.7% of ~  20.07MiB at  887.08KiB/s ETA 00:05 (frag 193/244)
2026-01-03 18:47:52,542 [DEBUG] [download]  79.5% of ~  19.88MiB at  884.28KiB/s ETA 00:05 (frag 193/244)
2026-01-03 18:47:52,543 [DEBUG] [download]  79.5% of ~  19.88MiB at  884.28KiB/s ETA 00:05 (frag 193/244)
2026-01-03 18:47:52,546 [DEBUG] [download]  79.5% of ~  19.88MiB at  884.28KiB/s ETA 00:05 (frag 193/244)
2026-01-03 18:47:52,547 [DEBUG] [download]  79.5% of ~  19.88MiB at  884.28KiB/s ETA 00:05 (frag 193/244)
2026-01-03 18:47:52,548 [DEBUG] [download]  79.6% of ~  19.89MiB at  884.28KiB/s ETA 00:05 (frag 193/244)
2026-01-03 18:47:52,549 [DEBUG] [download]  79.6% of ~  19.91MiB at  884.28KiB/s ETA 00:05 (frag 193/244)
2026-01-03 18:47:52,619 [DEBUG] [download]  79.3% of ~  19.99MiB at  884.28KiB/s ETA 00:05 (frag 194/244)
2026-01-03 18:47:52,619 [DEBUG] [download]  79.9% of ~  19.83MiB at  876.24KiB/s ETA 00:05 (frag 194/244)
2026-01-03 18:47:52,620 [DEBUG] [download]  79.9% of ~  19.83MiB at  876.24KiB/s ETA 00:05 (frag 194/244)
2026-01-03 18:47:52,620 [DEBUG] [download]  79.9% of ~  19.84MiB at  876.24KiB/s ETA 00:05 (frag 194/244)
2026-01-03 18:47:52,621 [DEBUG] [download]  80.0% of ~  19.84MiB at  876.24KiB/s ETA 00:05 (frag 194/244)
2026-01-03 18:47:52,625 [DEBUG] [download]  80.0% of ~  19.85MiB at  876.24KiB/s ETA 00:05 (frag 194/244)
2026-01-03 18:47:52,631 [DEBUG] [download]  80.1% of ~  19.87MiB at  876.24KiB/s ETA 00:05 (frag 194/244)
2026-01-03 18:47:52,632 [DEBUG] [download]  80.2% of ~  19.91MiB at  876.24KiB/s ETA 00:05 (frag 194/244)
2026-01-03 18:47:52,691 [DEBUG] [download]  79.4% of ~  20.10MiB at  876.24KiB/s ETA 00:05 (frag 195/244)
2026-01-03 18:47:52,691 [DEBUG] [download]  80.3% of ~  19.87MiB at  876.23KiB/s ETA 00:05 (frag 195/244)
2026-01-03 18:47:52,692 [DEBUG] [download]  80.3% of ~  19.87MiB at  876.23KiB/s ETA 00:05 (frag 195/244)
2026-01-03 18:47:52,726 [DEBUG] [download]  80.3% of ~  19.87MiB at  876.23KiB/s ETA 00:05 (frag 195/244)
2026-01-03 18:47:52,728 [DEBUG] [download]  80.4% of ~  19.87MiB at  876.23KiB/s ETA 00:05 (frag 195/244)
2026-01-03 18:47:52,731 [DEBUG] [download]  80.4% of ~  19.88MiB at  876.23KiB/s ETA 00:05 (frag 195/244)
2026-01-03 18:47:52,731 [DEBUG] [download]  80.5% of ~  19.90MiB at  876.23KiB/s ETA 00:05 (frag 195/244)
2026-01-03 18:47:52,732 [DEBUG] [download]  80.4% of ~  19.94MiB at  876.23KiB/s ETA 00:05 (frag 195/244)
2026-01-03 18:47:52,798 [DEBUG] [download]  80.0% of ~  20.04MiB at  876.23KiB/s ETA 00:05 (frag 196/244)
2026-01-03 18:47:52,798 [DEBUG] [download]  80.7% of ~  19.85MiB at  873.72KiB/s ETA 00:05 (frag 196/244)
2026-01-03 18:47:52,799 [DEBUG] [download]  80.7% of ~  19.85MiB at  873.72KiB/s ETA 00:05 (frag 196/244)
2026-01-03 18:47:52,802 [DEBUG] [download]  80.8% of ~  19.86MiB at  873.72KiB/s ETA 00:05 (frag 196/244)
2026-01-03 18:47:52,803 [DEBUG] [download]  80.8% of ~  19.86MiB at  873.72KiB/s ETA 00:05 (frag 196/244)
2026-01-03 18:47:52,804 [DEBUG] [download]  80.8% of ~  19.87MiB at  873.72KiB/s ETA 00:05 (frag 196/244)
2026-01-03 18:47:52,804 [DEBUG] [download]  80.8% of ~  19.89MiB at  873.72KiB/s ETA 00:05 (frag 196/244)
2026-01-03 18:47:52,874 [DEBUG] [download]  80.5% of ~  19.97MiB at  873.72KiB/s ETA 00:05 (frag 197/244)
2026-01-03 18:47:52,875 [DEBUG] [download]  81.2% of ~  19.81MiB at  869.12KiB/s ETA 00:05 (frag 197/244)
2026-01-03 18:47:52,875 [DEBUG] [download]  81.2% of ~  19.81MiB at  869.12KiB/s ETA 00:05 (frag 197/244)
2026-01-03 18:47:52,876 [DEBUG] [download]  81.2% of ~  19.81MiB at  869.12KiB/s ETA 00:05 (frag 197/244)
2026-01-03 18:47:52,877 [DEBUG] [download]  81.2% of ~  19.82MiB at  869.12KiB/s ETA 00:05 (frag 197/244)
2026-01-03 18:47:52,880 [DEBUG] [download]  81.2% of ~  19.83MiB at  869.12KiB/s ETA 00:05 (frag 197/244)
2026-01-03 18:47:52,887 [DEBUG] [download]  81.3% of ~  19.85MiB at  869.12KiB/s ETA 00:05 (frag 197/244)
2026-01-03 18:47:52,888 [DEBUG] [download]  81.4% of ~  19.89MiB at  869.12KiB/s ETA 00:05 (frag 197/244)
2026-01-03 18:47:52,951 [DEBUG] [download]  80.6% of ~  20.08MiB at  869.12KiB/s ETA 00:05 (frag 198/244)
2026-01-03 18:47:52,952 [DEBUG] [download]  81.6% of ~  19.84MiB at  867.66KiB/s ETA 00:05 (frag 198/244)
2026-01-03 18:47:52,953 [DEBUG] [download]  81.6% of ~  19.85MiB at  867.66KiB/s ETA 00:05 (frag 198/244)
2026-01-03 18:47:52,954 [DEBUG] [download]  81.6% of ~  19.85MiB at  867.66KiB/s ETA 00:05 (frag 198/244)
2026-01-03 18:47:52,955 [DEBUG] [download]  81.6% of ~  19.85MiB at  867.66KiB/s ETA 00:05 (frag 198/244)
2026-01-03 18:47:52,956 [DEBUG] [download]  81.6% of ~  19.86MiB at  867.66KiB/s ETA 00:05 (frag 198/244)
2026-01-03 18:47:52,956 [DEBUG] [download]  81.7% of ~  19.88MiB at  867.66KiB/s ETA 00:05 (frag 198/244)
2026-01-03 18:47:53,024 [DEBUG] [download]  81.3% of ~  19.97MiB at  867.66KiB/s ETA 00:05 (frag 199/244)
2026-01-03 18:47:53,026 [DEBUG] [download]  82.0% of ~  19.81MiB at  866.74KiB/s ETA 00:05 (frag 199/244)
2026-01-03 18:47:53,027 [DEBUG] [download]  82.0% of ~  19.81MiB at  866.74KiB/s ETA 00:05 (frag 199/244)
2026-01-03 18:47:53,028 [DEBUG] [download]  82.0% of ~  19.81MiB at  866.74KiB/s ETA 00:05 (frag 199/244)
2026-01-03 18:47:53,031 [DEBUG] [download]  82.0% of ~  19.82MiB at  866.74KiB/s ETA 00:05 (frag 199/244)
2026-01-03 18:47:53,033 [DEBUG] [download]  82.0% of ~  19.82MiB at  866.74KiB/s ETA 00:05 (frag 199/244)
2026-01-03 18:47:53,034 [DEBUG] [download]  82.1% of ~  19.84MiB at  866.74KiB/s ETA 00:05 (frag 199/244)
2026-01-03 18:47:53,035 [DEBUG] [download]  82.1% of ~  19.88MiB at  866.74KiB/s ETA 00:05 (frag 199/244)
2026-01-03 18:47:53,227 [DEBUG] [download]  81.5% of ~  20.03MiB at  866.74KiB/s ETA 00:05 (frag 200/244)
2026-01-03 18:47:53,227 [DEBUG] [download]  82.4% of ~  19.82MiB at  872.09KiB/s ETA 00:04 (frag 200/244)
2026-01-03 18:47:53,228 [DEBUG] [download]  82.4% of ~  19.82MiB at  872.09KiB/s ETA 00:04 (frag 200/244)
2026-01-03 18:47:53,230 [DEBUG] [download]  82.4% of ~  19.82MiB at  872.09KiB/s ETA 00:04 (frag 200/244)
2026-01-03 18:47:53,232 [DEBUG] [download]  82.4% of ~  19.83MiB at  872.09KiB/s ETA 00:04 (frag 200/244)
2026-01-03 18:47:53,234 [DEBUG] [download]  82.5% of ~  19.84MiB at  872.09KiB/s ETA 00:04 (frag 200/244)
2026-01-03 18:47:53,234 [DEBUG] [download]  82.5% of ~  19.86MiB at  872.09KiB/s ETA 00:04 (frag 200/244)
2026-01-03 18:47:53,415 [DEBUG] [download]  82.1% of ~  19.94MiB at  872.09KiB/s ETA 00:04 (frag 201/244)
2026-01-03 18:47:53,415 [DEBUG] [download]  82.8% of ~  19.78MiB at  869.01KiB/s ETA 00:04 (frag 201/244)
2026-01-03 18:47:53,416 [DEBUG] [download]  82.8% of ~  19.78MiB at  869.01KiB/s ETA 00:04 (frag 201/244)
2026-01-03 18:47:53,417 [DEBUG] [download]  82.8% of ~  19.78MiB at  869.01KiB/s ETA 00:04 (frag 201/244)
2026-01-03 18:47:53,418 [DEBUG] [download]  82.8% of ~  19.79MiB at  869.01KiB/s ETA 00:04 (frag 201/244)
2026-01-03 18:47:53,420 [DEBUG] [download]  82.9% of ~  19.80MiB at  869.01KiB/s ETA 00:04 (frag 201/244)
2026-01-03 18:47:53,424 [DEBUG] [download]  82.9% of ~  19.82MiB at  869.01KiB/s ETA 00:04 (frag 201/244)
2026-01-03 18:47:53,424 [DEBUG] [download]  83.0% of ~  19.85MiB at  869.01KiB/s ETA 00:04 (frag 201/244)
2026-01-03 18:47:53,487 [DEBUG] [download]  82.2% of ~  20.04MiB at  869.01KiB/s ETA 00:04 (frag 202/244)
2026-01-03 18:47:53,487 [DEBUG] [download]  83.2% of ~  19.81MiB at  871.71KiB/s ETA 00:04 (frag 202/244)
2026-01-03 18:47:53,488 [DEBUG] [download]  83.2% of ~  19.81MiB at  871.71KiB/s ETA 00:04 (frag 202/244)
2026-01-03 18:47:53,488 [DEBUG] [download]  83.2% of ~  19.82MiB at  871.71KiB/s ETA 00:04 (frag 202/244)
2026-01-03 18:47:53,492 [DEBUG] [download]  83.2% of ~  19.82MiB at  871.71KiB/s ETA 00:04 (frag 202/244)
2026-01-03 18:47:53,499 [DEBUG] [download]  83.3% of ~  19.83MiB at  871.71KiB/s ETA 00:04 (frag 202/244)
2026-01-03 18:47:53,499 [DEBUG] [download]  83.4% of ~  19.85MiB at  871.71KiB/s ETA 00:04 (frag 202/244)
2026-01-03 18:47:53,499 [DEBUG] [download]  83.2% of ~  19.89MiB at  871.71KiB/s ETA 00:04 (frag 202/244)
2026-01-03 18:47:53,561 [DEBUG] [download]  82.9% of ~  19.96MiB at  871.71KiB/s ETA 00:04 (frag 203/244)
2026-01-03 18:47:53,561 [DEBUG] [download]  83.6% of ~  19.79MiB at  867.09KiB/s ETA 00:04 (frag 203/244)
2026-01-03 18:47:53,566 [DEBUG] [download]  83.6% of ~  19.79MiB at  867.09KiB/s ETA 00:04 (frag 203/244)
2026-01-03 18:47:53,567 [DEBUG] [download]  83.6% of ~  19.79MiB at  867.09KiB/s ETA 00:04 (frag 203/244)
2026-01-03 18:47:53,571 [DEBUG] [download]  83.6% of ~  19.80MiB at  867.09KiB/s ETA 00:04 (frag 203/244)
2026-01-03 18:47:53,574 [DEBUG] [download]  83.7% of ~  19.81MiB at  867.09KiB/s ETA 00:04 (frag 203/244)
2026-01-03 18:47:53,576 [DEBUG] [download]  83.8% of ~  19.83MiB at  867.09KiB/s ETA 00:04 (frag 203/244)
2026-01-03 18:47:53,576 [DEBUG] [download]  83.8% of ~  19.86MiB at  867.09KiB/s ETA 00:04 (frag 203/244)
2026-01-03 18:47:53,638 [DEBUG] [download]  83.1% of ~  20.05MiB at  867.09KiB/s ETA 00:04 (frag 204/244)
2026-01-03 18:47:53,638 [DEBUG] [download]  84.0% of ~  19.82MiB at  874.88KiB/s ETA 00:04 (frag 204/244)
2026-01-03 18:47:53,640 [DEBUG] [download]  84.0% of ~  19.82MiB at  874.88KiB/s ETA 00:04 (frag 204/244)
2026-01-03 18:47:53,641 [DEBUG] [download]  84.0% of ~  19.83MiB at  874.88KiB/s ETA 00:04 (frag 204/244)
2026-01-03 18:47:53,644 [DEBUG] [download]  84.1% of ~  19.83MiB at  874.88KiB/s ETA 00:04 (frag 204/244)
2026-01-03 18:47:53,647 [DEBUG] [download]  84.1% of ~  19.84MiB at  874.88KiB/s ETA 00:04 (frag 204/244)
2026-01-03 18:47:53,648 [DEBUG] [download]  84.2% of ~  19.86MiB at  874.88KiB/s ETA 00:04 (frag 204/244)
2026-01-03 18:47:53,715 [DEBUG] [download]  83.7% of ~  19.96MiB at  874.88KiB/s ETA 00:04 (frag 205/244)
2026-01-03 18:47:53,715 [DEBUG] [download]  84.4% of ~  19.79MiB at  875.62KiB/s ETA 00:04 (frag 205/244)
2026-01-03 18:47:53,716 [DEBUG] [download]  84.4% of ~  19.80MiB at  875.62KiB/s ETA 00:04 (frag 205/244)
2026-01-03 18:47:53,717 [DEBUG] [download]  84.4% of ~  19.80MiB at  875.62KiB/s ETA 00:04 (frag 205/244)
2026-01-03 18:47:53,720 [DEBUG] [download]  84.5% of ~  19.80MiB at  875.62KiB/s ETA 00:04 (frag 205/244)
2026-01-03 18:47:53,720 [DEBUG] [download]  84.5% of ~  19.81MiB at  875.62KiB/s ETA 00:04 (frag 205/244)
2026-01-03 18:47:53,721 [DEBUG] [download]  84.5% of ~  19.83MiB at  875.62KiB/s ETA 00:04 (frag 205/244)
2026-01-03 18:47:53,787 [DEBUG] [download]  84.2% of ~  19.91MiB at  875.62KiB/s ETA 00:04 (frag 206/244)
2026-01-03 18:47:53,787 [DEBUG] [download]  84.8% of ~  19.75MiB at  870.80KiB/s ETA 00:04 (frag 206/244)
2026-01-03 18:47:53,787 [DEBUG] [download]  84.8% of ~  19.76MiB at  870.80KiB/s ETA 00:04 (frag 206/244)
2026-01-03 18:47:53,792 [DEBUG] [download]  84.9% of ~  19.76MiB at  870.80KiB/s ETA 00:04 (frag 206/244)
2026-01-03 18:47:53,795 [DEBUG] [download]  84.9% of ~  19.76MiB at  870.80KiB/s ETA 00:04 (frag 206/244)
2026-01-03 18:47:53,798 [DEBUG] [download]  84.9% of ~  19.77MiB at  870.80KiB/s ETA 00:04 (frag 206/244)
2026-01-03 18:47:53,800 [DEBUG] [download]  85.0% of ~  19.79MiB at  870.80KiB/s ETA 00:04 (frag 206/244)
2026-01-03 18:47:53,801 [DEBUG] [download]  85.0% of ~  19.83MiB at  870.80KiB/s ETA 00:04 (frag 206/244)
2026-01-03 18:47:53,863 [DEBUG] [download]  84.3% of ~  20.00MiB at  870.80KiB/s ETA 00:04 (frag 207/244)
2026-01-03 18:47:53,863 [DEBUG] [download]  85.3% of ~  19.78MiB at  871.48KiB/s ETA 00:04 (frag 207/244)
2026-01-03 18:47:53,864 [DEBUG] [download]  85.3% of ~  19.78MiB at  871.48KiB/s ETA 00:04 (frag 207/244)
2026-01-03 18:47:53,865 [DEBUG] [download]  85.3% of ~  19.79MiB at  871.48KiB/s ETA 00:04 (frag 207/244)
2026-01-03 18:47:53,867 [DEBUG] [download]  85.3% of ~  19.79MiB at  871.48KiB/s ETA 00:04 (frag 207/244)
2026-01-03 18:47:53,869 [DEBUG] [download]  85.3% of ~  19.80MiB at  871.48KiB/s ETA 00:04 (frag 207/244)
2026-01-03 18:47:53,869 [DEBUG] [download]  85.4% of ~  19.82MiB at  871.48KiB/s ETA 00:04 (frag 207/244)
2026-01-03 18:47:53,870 [DEBUG] [download]  85.2% of ~  19.85MiB at  871.48KiB/s ETA 00:04 (frag 207/244)
2026-01-03 18:47:53,935 [DEBUG] [download]  84.9% of ~  19.93MiB at  871.48KiB/s ETA 00:04 (frag 208/244)
2026-01-03 18:47:53,935 [DEBUG] [download]  85.7% of ~  19.76MiB at  872.09KiB/s ETA 00:04 (frag 208/244)
2026-01-03 18:47:53,936 [DEBUG] [download]  85.7% of ~  19.76MiB at  872.09KiB/s ETA 00:04 (frag 208/244)
2026-01-03 18:47:53,936 [DEBUG] [download]  85.7% of ~  19.76MiB at  872.09KiB/s ETA 00:04 (frag 208/244)
2026-01-03 18:47:53,936 [DEBUG] [download]  85.7% of ~  19.77MiB at  872.09KiB/s ETA 00:04 (frag 208/244)
2026-01-03 18:47:53,940 [DEBUG] [download]  85.7% of ~  19.78MiB at  872.09KiB/s ETA 00:04 (frag 208/244)
2026-01-03 18:47:53,945 [DEBUG] [download]  85.8% of ~  19.79MiB at  872.09KiB/s ETA 00:04 (frag 208/244)
2026-01-03 18:47:53,946 [DEBUG] [download]  85.8% of ~  19.83MiB at  872.09KiB/s ETA 00:04 (frag 208/244)
2026-01-03 18:47:54,013 [DEBUG] [download]  85.2% of ~  19.99MiB at  872.09KiB/s ETA 00:04 (frag 209/244)
2026-01-03 18:47:54,014 [DEBUG] [download]  86.1% of ~  19.78MiB at  874.15KiB/s ETA 00:04 (frag 209/244)
2026-01-03 18:47:54,014 [DEBUG] [download]  86.1% of ~  19.78MiB at  874.15KiB/s ETA 00:04 (frag 209/244)
2026-01-03 18:47:54,015 [DEBUG] [download]  86.1% of ~  19.78MiB at  874.15KiB/s ETA 00:04 (frag 209/244)
2026-01-03 18:47:54,020 [DEBUG] [download]  86.1% of ~  19.79MiB at  874.15KiB/s ETA 00:04 (frag 209/244)
2026-01-03 18:47:54,023 [DEBUG] [download]  86.1% of ~  19.80MiB at  874.15KiB/s ETA 00:04 (frag 209/244)
2026-01-03 18:47:54,025 [DEBUG] [download]  86.2% of ~  19.81MiB at  874.15KiB/s ETA 00:04 (frag 209/244)
2026-01-03 18:47:54,026 [DEBUG] [download]  86.3% of ~  19.85MiB at  874.15KiB/s ETA 00:04 (frag 209/244)
2026-01-03 18:47:54,086 [DEBUG] [download]  85.5% of ~  20.02MiB at  874.15KiB/s ETA 00:04 (frag 210/244)
2026-01-03 18:47:54,086 [DEBUG] [download]  86.5% of ~  19.81MiB at  876.86KiB/s ETA 00:03 (frag 210/244)
2026-01-03 18:47:54,087 [DEBUG] [download]  86.5% of ~  19.81MiB at  876.86KiB/s ETA 00:03 (frag 210/244)
2026-01-03 18:47:54,087 [DEBUG] [download]  86.5% of ~  19.81MiB at  876.86KiB/s ETA 00:03 (frag 210/244)
2026-01-03 18:47:54,111 [DEBUG] [download]  86.5% of ~  19.81MiB at  876.86KiB/s ETA 00:03 (frag 210/244)
2026-01-03 18:47:54,112 [DEBUG] [download]  86.6% of ~  19.82MiB at  876.86KiB/s ETA 00:03 (frag 210/244)
2026-01-03 18:47:54,112 [DEBUG] [download]  86.6% of ~  19.84MiB at  876.86KiB/s ETA 00:03 (frag 210/244)
2026-01-03 18:47:54,160 [DEBUG] [download]  86.2% of ~  19.91MiB at  876.86KiB/s ETA 00:03 (frag 211/244)
2026-01-03 18:47:54,160 [DEBUG] [download]  86.9% of ~  19.77MiB at  874.75KiB/s ETA 00:03 (frag 211/244)
2026-01-03 18:47:54,161 [DEBUG] [download]  86.9% of ~  19.77MiB at  874.75KiB/s ETA 00:03 (frag 211/244)
2026-01-03 18:47:54,161 [DEBUG] [download]  86.9% of ~  19.77MiB at  874.75KiB/s ETA 00:03 (frag 211/244)
2026-01-03 18:47:54,162 [DEBUG] [download]  86.9% of ~  19.78MiB at  874.75KiB/s ETA 00:03 (frag 211/244)
2026-01-03 18:47:54,170 [DEBUG] [download]  87.0% of ~  19.78MiB at  874.75KiB/s ETA 00:03 (frag 211/244)
2026-01-03 18:47:54,171 [DEBUG] [download]  87.0% of ~  19.80MiB at  874.75KiB/s ETA 00:03 (frag 211/244)
2026-01-03 18:47:54,172 [DEBUG] [download]  87.1% of ~  19.84MiB at  874.75KiB/s ETA 00:03 (frag 211/244)
2026-01-03 18:47:54,235 [DEBUG] [download]  86.4% of ~  19.99MiB at  874.75KiB/s ETA 00:03 (frag 212/244)
2026-01-03 18:47:54,235 [DEBUG] [download]  87.3% of ~  19.79MiB at  878.16KiB/s ETA 00:03 (frag 212/244)
2026-01-03 18:47:54,235 [DEBUG] [download]  87.3% of ~  19.79MiB at  878.16KiB/s ETA 00:03 (frag 212/244)
2026-01-03 18:47:54,236 [DEBUG] [download]  87.3% of ~  19.79MiB at  878.16KiB/s ETA 00:03 (frag 212/244)
2026-01-03 18:47:54,236 [DEBUG] [download]  87.3% of ~  19.80MiB at  878.16KiB/s ETA 00:03 (frag 212/244)
2026-01-03 18:47:54,239 [DEBUG] [download]  87.4% of ~  19.80MiB at  878.16KiB/s ETA 00:03 (frag 212/244)
2026-01-03 18:47:54,240 [DEBUG] [download]  87.4% of ~  19.82MiB at  878.16KiB/s ETA 00:03 (frag 212/244)
2026-01-03 18:47:54,310 [DEBUG] [download]  87.1% of ~  19.89MiB at  878.16KiB/s ETA 00:03 (frag 213/244)
2026-01-03 18:47:54,311 [DEBUG] [download]  87.7% of ~  19.75MiB at  875.32KiB/s ETA 00:03 (frag 213/244)
2026-01-03 18:47:54,311 [DEBUG] [download]  87.7% of ~  19.75MiB at  875.32KiB/s ETA 00:03 (frag 213/244)
2026-01-03 18:47:54,312 [DEBUG] [download]  87.7% of ~  19.75MiB at  875.32KiB/s ETA 00:03 (frag 213/244)
2026-01-03 18:47:54,312 [DEBUG] [download]  87.7% of ~  19.76MiB at  875.32KiB/s ETA 00:03 (frag 213/244)
2026-01-03 18:47:54,317 [DEBUG] [download]  87.8% of ~  19.76MiB at  875.32KiB/s ETA 00:03 (frag 213/244)
2026-01-03 18:47:54,318 [DEBUG] [download]  87.9% of ~  19.78MiB at  875.32KiB/s ETA 00:03 (frag 213/244)
2026-01-03 18:47:54,319 [DEBUG] [download]  87.8% of ~  19.82MiB at  875.32KiB/s ETA 00:03 (frag 213/244)
2026-01-03 18:47:54,387 [DEBUG] [download]  87.3% of ~  19.94MiB at  875.32KiB/s ETA 00:03 (frag 214/244)
2026-01-03 18:47:54,387 [DEBUG] [download]  88.1% of ~  19.75MiB at  871.77KiB/s ETA 00:03 (frag 214/244)
2026-01-03 18:47:54,388 [DEBUG] [download]  88.1% of ~  19.75MiB at  871.77KiB/s ETA 00:03 (frag 214/244)
2026-01-03 18:47:54,388 [DEBUG] [download]  88.1% of ~  19.75MiB at  871.77KiB/s ETA 00:03 (frag 214/244)
2026-01-03 18:47:54,389 [DEBUG] [download]  88.2% of ~  19.76MiB at  871.77KiB/s ETA 00:03 (frag 214/244)
2026-01-03 18:47:54,391 [DEBUG] [download]  88.2% of ~  19.77MiB at  871.77KiB/s ETA 00:03 (frag 214/244)
2026-01-03 18:47:54,400 [DEBUG] [download]  88.3% of ~  19.78MiB at  871.77KiB/s ETA 00:03 (frag 214/244)
2026-01-03 18:47:54,401 [DEBUG] [download]  88.4% of ~  19.82MiB at  871.77KiB/s ETA 00:03 (frag 214/244)
2026-01-03 18:47:54,459 [DEBUG] [download]  87.6% of ~  20.00MiB at  871.77KiB/s ETA 00:03 (frag 215/244)
2026-01-03 18:47:54,459 [DEBUG] [download]  88.5% of ~  19.78MiB at  870.85KiB/s ETA 00:03 (frag 215/244)
2026-01-03 18:47:54,460 [DEBUG] [download]  88.5% of ~  19.78MiB at  870.85KiB/s ETA 00:03 (frag 215/244)
2026-01-03 18:47:54,461 [DEBUG] [download]  88.5% of ~  19.79MiB at  870.85KiB/s ETA 00:03 (frag 215/244)
2026-01-03 18:47:54,464 [DEBUG] [download]  88.6% of ~  19.79MiB at  870.85KiB/s ETA 00:03 (frag 215/244)
2026-01-03 18:47:54,468 [DEBUG] [download]  88.6% of ~  19.80MiB at  870.85KiB/s ETA 00:03 (frag 215/244)
2026-01-03 18:47:54,469 [DEBUG] [download]  88.7% of ~  19.82MiB at  870.85KiB/s ETA 00:03 (frag 215/244)
2026-01-03 18:47:54,469 [DEBUG] [download]  88.6% of ~  19.85MiB at  870.85KiB/s ETA 00:03 (frag 215/244)
2026-01-03 18:47:54,698 [DEBUG] [download]  88.1% of ~  19.97MiB at  870.85KiB/s ETA 00:03 (frag 216/244)
2026-01-03 18:47:54,699 [DEBUG] [download]  88.9% of ~  19.78MiB at  862.03KiB/s ETA 00:03 (frag 216/244)
2026-01-03 18:47:54,699 [DEBUG] [download]  88.9% of ~  19.78MiB at  862.03KiB/s ETA 00:03 (frag 216/244)
2026-01-03 18:47:54,699 [DEBUG] [download]  89.0% of ~  19.79MiB at  862.03KiB/s ETA 00:03 (frag 216/244)
2026-01-03 18:47:54,700 [DEBUG] [download]  89.0% of ~  19.79MiB at  862.03KiB/s ETA 00:03 (frag 216/244)
2026-01-03 18:47:54,706 [DEBUG] [download]  89.0% of ~  19.80MiB at  862.03KiB/s ETA 00:03 (frag 216/244)
2026-01-03 18:47:54,708 [DEBUG] [download]  89.1% of ~  19.82MiB at  862.03KiB/s ETA 00:03 (frag 216/244)
2026-01-03 18:47:54,708 [DEBUG] [download]  89.1% of ~  19.85MiB at  862.03KiB/s ETA 00:03 (frag 216/244)
2026-01-03 18:47:54,849 [DEBUG] [download]  88.4% of ~  20.01MiB at  862.03KiB/s ETA 00:03 (frag 217/244)
2026-01-03 18:47:54,849 [DEBUG] [download]  89.3% of ~  19.80MiB at  859.53KiB/s ETA 00:03 (frag 217/244)
2026-01-03 18:47:54,850 [DEBUG] [download]  89.4% of ~  19.80MiB at  859.53KiB/s ETA 00:03 (frag 217/244)
2026-01-03 18:47:54,850 [DEBUG] [download]  89.4% of ~  19.81MiB at  859.53KiB/s ETA 00:03 (frag 217/244)
2026-01-03 18:47:54,854 [DEBUG] [download]  89.4% of ~  19.81MiB at  859.53KiB/s ETA 00:03 (frag 217/244)
2026-01-03 18:47:54,857 [DEBUG] [download]  89.4% of ~  19.82MiB at  859.53KiB/s ETA 00:03 (frag 217/244)
2026-01-03 18:47:54,861 [DEBUG] [download]  89.5% of ~  19.84MiB at  859.53KiB/s ETA 00:03 (frag 217/244)
2026-01-03 18:47:54,861 [DEBUG] [download]  89.6% of ~  19.87MiB at  859.53KiB/s ETA 00:03 (frag 217/244)
2026-01-03 18:47:54,947 [DEBUG] [download]  88.8% of ~  20.04MiB at  859.53KiB/s ETA 00:03 (frag 218/244)
2026-01-03 18:47:54,947 [DEBUG] [download]  89.8% of ~  19.83MiB at  860.59KiB/s ETA 00:03 (frag 218/244)
2026-01-03 18:47:54,948 [DEBUG] [download]  89.8% of ~  19.83MiB at  860.59KiB/s ETA 00:03 (frag 218/244)
2026-01-03 18:47:54,949 [DEBUG] [download]  89.8% of ~  19.83MiB at  860.59KiB/s ETA 00:03 (frag 218/244)
2026-01-03 18:47:54,949 [DEBUG] [download]  89.8% of ~  19.84MiB at  860.59KiB/s ETA 00:03 (frag 218/244)
2026-01-03 18:47:54,955 [DEBUG] [download]  89.8% of ~  19.85MiB at  860.59KiB/s ETA 00:03 (frag 218/244)
2026-01-03 18:47:54,955 [DEBUG] [download]  89.9% of ~  19.86MiB at  860.59KiB/s ETA 00:03 (frag 218/244)
2026-01-03 18:47:54,960 [DEBUG] [download]  89.9% of ~  19.90MiB at  860.59KiB/s ETA 00:03 (frag 218/244)
2026-01-03 18:47:55,002 [DEBUG] [download]  89.3% of ~  20.02MiB at  860.59KiB/s ETA 00:03 (frag 219/244)
2026-01-03 18:47:55,002 [DEBUG] [download]  90.2% of ~  19.83MiB at  865.44KiB/s ETA 00:03 (frag 219/244)
2026-01-03 18:47:55,003 [DEBUG] [download]  90.2% of ~  19.84MiB at  865.44KiB/s ETA 00:03 (frag 219/244)
2026-01-03 18:47:55,004 [DEBUG] [download]  90.2% of ~  19.84MiB at  865.44KiB/s ETA 00:03 (frag 219/244)
2026-01-03 18:47:55,005 [DEBUG] [download]  90.2% of ~  19.84MiB at  865.44KiB/s ETA 00:03 (frag 219/244)
2026-01-03 18:47:55,007 [DEBUG] [download]  90.2% of ~  19.85MiB at  865.44KiB/s ETA 00:03 (frag 219/244)
2026-01-03 18:47:55,008 [DEBUG] [download]  90.3% of ~  19.87MiB at  865.44KiB/s ETA 00:03 (frag 219/244)
2026-01-03 18:47:55,074 [DEBUG] [download]  89.9% of ~  19.96MiB at  865.44KiB/s ETA 00:03 (frag 220/244)
2026-01-03 18:47:55,075 [DEBUG] [download]  90.6% of ~  19.81MiB at  867.74KiB/s ETA 00:03 (frag 220/244)
2026-01-03 18:47:55,075 [DEBUG] [download]  90.6% of ~  19.81MiB at  867.74KiB/s ETA 00:03 (frag 220/244)
2026-01-03 18:47:55,076 [DEBUG] [download]  90.6% of ~  19.81MiB at  867.74KiB/s ETA 00:03 (frag 220/244)
2026-01-03 18:47:55,078 [DEBUG] [download]  90.6% of ~  19.82MiB at  867.74KiB/s ETA 00:03 (frag 220/244)
2026-01-03 18:47:55,117 [DEBUG] [download]  90.7% of ~  19.82MiB at  867.74KiB/s ETA 00:03 (frag 220/244)
2026-01-03 18:47:55,122 [DEBUG] [download]  90.7% of ~  19.84MiB at  867.74KiB/s ETA 00:03 (frag 220/244)
2026-01-03 18:47:55,123 [DEBUG] [download]  90.8% of ~  19.88MiB at  867.74KiB/s ETA 00:03 (frag 220/244)
2026-01-03 18:47:55,191 [DEBUG] [download]  90.0% of ~  20.05MiB at  867.74KiB/s ETA 00:03 (frag 221/244)
2026-01-03 18:47:55,192 [DEBUG] [download]  91.0% of ~  19.84MiB at  866.60KiB/s ETA 00:02 (frag 221/244)
2026-01-03 18:47:55,192 [DEBUG] [download]  91.0% of ~  19.84MiB at  866.60KiB/s ETA 00:02 (frag 221/244)
2026-01-03 18:47:55,197 [DEBUG] [download]  91.0% of ~  19.84MiB at  866.60KiB/s ETA 00:02 (frag 221/244)
2026-01-03 18:47:55,197 [DEBUG] [download]  91.0% of ~  19.85MiB at  866.60KiB/s ETA 00:02 (frag 221/244)
2026-01-03 18:47:55,200 [DEBUG] [download]  91.1% of ~  19.85MiB at  866.60KiB/s ETA 00:02 (frag 221/244)
2026-01-03 18:47:55,204 [DEBUG] [download]  91.1% of ~  19.87MiB at  866.60KiB/s ETA 00:02 (frag 221/244)
2026-01-03 18:47:55,204 [DEBUG] [download]  91.2% of ~  19.91MiB at  866.60KiB/s ETA 00:02 (frag 221/244)
2026-01-03 18:47:55,265 [DEBUG] [download]  90.5% of ~  20.07MiB at  866.60KiB/s ETA 00:02 (frag 222/244)
2026-01-03 18:47:55,266 [DEBUG] [download]  91.4% of ~  19.87MiB at  871.09KiB/s ETA 00:02 (frag 222/244)
2026-01-03 18:47:55,266 [DEBUG] [download]  91.4% of ~  19.87MiB at  871.09KiB/s ETA 00:02 (frag 222/244)
2026-01-03 18:47:55,267 [DEBUG] [download]  91.4% of ~  19.87MiB at  871.09KiB/s ETA 00:02 (frag 222/244)
2026-01-03 18:47:55,268 [DEBUG] [download]  91.4% of ~  19.87MiB at  871.09KiB/s ETA 00:02 (frag 222/244)
2026-01-03 18:47:55,275 [DEBUG] [download]  91.5% of ~  19.88MiB at  871.09KiB/s ETA 00:02 (frag 222/244)
2026-01-03 18:47:55,278 [DEBUG] [download]  91.6% of ~  19.90MiB at  871.09KiB/s ETA 00:02 (frag 222/244)
2026-01-03 18:47:55,279 [DEBUG] [download]  91.6% of ~  19.93MiB at  871.09KiB/s ETA 00:02 (frag 222/244)
2026-01-03 18:47:55,343 [DEBUG] [download]  90.9% of ~  20.10MiB at  871.09KiB/s ETA 00:02 (frag 223/244)
2026-01-03 18:47:55,343 [DEBUG] [download]  91.8% of ~  19.89MiB at  878.29KiB/s ETA 00:02 (frag 223/244)
2026-01-03 18:47:55,347 [DEBUG] [download]  91.8% of ~  19.89MiB at  878.29KiB/s ETA 00:02 (frag 223/244)
2026-01-03 18:47:55,347 [DEBUG] [download]  91.8% of ~  19.90MiB at  878.29KiB/s ETA 00:02 (frag 223/244)
2026-01-03 18:47:55,347 [DEBUG] [download]  91.8% of ~  19.90MiB at  878.29KiB/s ETA 00:02 (frag 223/244)
2026-01-03 18:47:55,350 [DEBUG] [download]  91.9% of ~  19.91MiB at  878.29KiB/s ETA 00:02 (frag 223/244)
2026-01-03 18:47:55,352 [DEBUG] [download]  92.0% of ~  19.93MiB at  878.29KiB/s ETA 00:02 (frag 223/244)
2026-01-03 18:47:55,353 [DEBUG] [download]  92.0% of ~  19.96MiB at  878.29KiB/s ETA 00:02 (frag 223/244)
2026-01-03 18:47:55,417 [DEBUG] [download]  91.3% of ~  20.13MiB at  878.29KiB/s ETA 00:02 (frag 224/244)
2026-01-03 18:47:55,418 [DEBUG] [download]  92.2% of ~  19.92MiB at  889.73KiB/s ETA 00:02 (frag 224/244)
2026-01-03 18:47:55,419 [DEBUG] [download]  92.2% of ~  19.92MiB at  889.73KiB/s ETA 00:02 (frag 224/244)
2026-01-03 18:47:55,420 [DEBUG] [download]  92.2% of ~  19.92MiB at  889.73KiB/s ETA 00:02 (frag 224/244)
2026-01-03 18:47:55,422 [DEBUG] [download]  92.3% of ~  19.93MiB at  889.73KiB/s ETA 00:02 (frag 224/244)
2026-01-03 18:47:55,427 [DEBUG] [download]  92.3% of ~  19.94MiB at  889.73KiB/s ETA 00:02 (frag 224/244)
2026-01-03 18:47:55,432 [DEBUG] [download]  92.4% of ~  19.95MiB at  889.73KiB/s ETA 00:02 (frag 224/244)
2026-01-03 18:47:55,433 [DEBUG] [download]  92.4% of ~  19.99MiB at  889.73KiB/s ETA 00:02 (frag 224/244)
2026-01-03 18:47:55,491 [DEBUG] [download]  91.7% of ~  20.16MiB at  889.73KiB/s ETA 00:02 (frag 225/244)
2026-01-03 18:47:55,491 [DEBUG] [download]  92.6% of ~  19.95MiB at  901.45KiB/s ETA 00:02 (frag 225/244)
2026-01-03 18:47:55,492 [DEBUG] [download]  92.6% of ~  19.95MiB at  901.45KiB/s ETA 00:02 (frag 225/244)
2026-01-03 18:47:55,492 [DEBUG] [download]  92.6% of ~  19.95MiB at  901.45KiB/s ETA 00:02 (frag 225/244)
2026-01-03 18:47:55,493 [DEBUG] [download]  92.7% of ~  19.96MiB at  901.45KiB/s ETA 00:02 (frag 225/244)
2026-01-03 18:47:55,495 [DEBUG] [download]  92.7% of ~  19.97MiB at  901.45KiB/s ETA 00:02 (frag 225/244)
2026-01-03 18:47:55,496 [DEBUG] [download]  92.8% of ~  19.98MiB at  901.45KiB/s ETA 00:02 (frag 225/244)
2026-01-03 18:47:55,565 [DEBUG] [download]  92.3% of ~  20.07MiB at  901.45KiB/s ETA 00:02 (frag 226/244)
2026-01-03 18:47:55,565 [DEBUG] [download]  93.0% of ~  19.92MiB at  911.04KiB/s ETA 00:02 (frag 226/244)
2026-01-03 18:47:55,566 [DEBUG] [download]  93.0% of ~  19.92MiB at  911.04KiB/s ETA 00:02 (frag 226/244)
2026-01-03 18:47:55,567 [DEBUG] [download]  93.1% of ~  19.93MiB at  911.04KiB/s ETA 00:02 (frag 226/244)
2026-01-03 18:47:55,574 [DEBUG] [download]  93.1% of ~  19.93MiB at  911.04KiB/s ETA 00:02 (frag 226/244)
2026-01-03 18:47:55,577 [DEBUG] [download]  93.1% of ~  19.94MiB at  911.04KiB/s ETA 00:02 (frag 226/244)
2026-01-03 18:47:55,580 [DEBUG] [download]  93.2% of ~  19.96MiB at  911.04KiB/s ETA 00:02 (frag 226/244)
2026-01-03 18:47:55,581 [DEBUG] [download]  93.3% of ~  19.99MiB at  911.04KiB/s ETA 00:02 (frag 226/244)
2026-01-03 18:47:55,642 [DEBUG] [download]  92.5% of ~  20.16MiB at  911.04KiB/s ETA 00:02 (frag 227/244)
2026-01-03 18:47:55,643 [DEBUG] [download]  93.4% of ~  19.95MiB at  917.25KiB/s ETA 00:02 (frag 227/244)
2026-01-03 18:47:55,643 [DEBUG] [download]  93.5% of ~  19.95MiB at  917.25KiB/s ETA 00:02 (frag 227/244)
2026-01-03 18:47:55,644 [DEBUG] [download]  93.5% of ~  19.96MiB at  917.25KiB/s ETA 00:02 (frag 227/244)
2026-01-03 18:47:55,645 [DEBUG] [download]  93.5% of ~  19.96MiB at  917.25KiB/s ETA 00:02 (frag 227/244)
2026-01-03 18:47:55,646 [DEBUG] [download]  93.5% of ~  19.97MiB at  917.25KiB/s ETA 00:02 (frag 227/244)
2026-01-03 18:47:55,646 [DEBUG] [download]  93.5% of ~  19.98MiB at  917.25KiB/s ETA 00:02 (frag 227/244)
2026-01-03 18:47:55,715 [DEBUG] [download]  93.2% of ~  20.06MiB at  917.25KiB/s ETA 00:02 (frag 228/244)
2026-01-03 18:47:55,715 [DEBUG] [download]  93.9% of ~  19.92MiB at  922.76KiB/s ETA 00:02 (frag 228/244)
2026-01-03 18:47:55,716 [DEBUG] [download]  93.9% of ~  19.92MiB at  922.76KiB/s ETA 00:02 (frag 228/244)
2026-01-03 18:47:55,716 [DEBUG] [download]  93.9% of ~  19.92MiB at  922.76KiB/s ETA 00:02 (frag 228/244)
2026-01-03 18:47:55,718 [DEBUG] [download]  93.9% of ~  19.93MiB at  922.76KiB/s ETA 00:02 (frag 228/244)
2026-01-03 18:47:55,727 [DEBUG] [download]  93.9% of ~  19.93MiB at  922.76KiB/s ETA 00:02 (frag 228/244)
2026-01-03 18:47:55,730 [DEBUG] [download]  94.0% of ~  19.95MiB at  922.76KiB/s ETA 00:02 (frag 228/244)
2026-01-03 18:47:55,731 [DEBUG] [download]  94.0% of ~  19.98MiB at  922.76KiB/s ETA 00:02 (frag 228/244)
2026-01-03 18:47:55,789 [DEBUG] [download]  93.4% of ~  20.13MiB at  922.76KiB/s ETA 00:02 (frag 229/244)
2026-01-03 18:47:55,790 [DEBUG] [download]  94.3% of ~  19.94MiB at  929.94KiB/s ETA 00:02 (frag 229/244)
2026-01-03 18:47:55,790 [DEBUG] [download]  94.3% of ~  19.94MiB at  929.94KiB/s ETA 00:02 (frag 229/244)
2026-01-03 18:47:55,793 [DEBUG] [download]  94.3% of ~  19.94MiB at  929.94KiB/s ETA 00:02 (frag 229/244)
2026-01-03 18:47:55,794 [DEBUG] [download]  94.3% of ~  19.95MiB at  929.94KiB/s ETA 00:02 (frag 229/244)
2026-01-03 18:47:55,799 [DEBUG] [download]  94.3% of ~  19.95MiB at  929.94KiB/s ETA 00:02 (frag 229/244)
2026-01-03 18:47:55,801 [DEBUG] [download]  94.4% of ~  19.97MiB at  929.94KiB/s ETA 00:02 (frag 229/244)
2026-01-03 18:47:55,802 [DEBUG] [download]  94.5% of ~  20.00MiB at  929.94KiB/s ETA 00:02 (frag 229/244)
2026-01-03 18:47:55,867 [DEBUG] [download]  93.7% of ~  20.17MiB at  929.94KiB/s ETA 00:02 (frag 230/244)
2026-01-03 18:47:55,867 [DEBUG] [download]  94.7% of ~  19.97MiB at  941.23KiB/s ETA 00:02 (frag 230/244)
2026-01-03 18:47:55,867 [DEBUG] [download]  94.7% of ~  19.97MiB at  941.23KiB/s ETA 00:02 (frag 230/244)
2026-01-03 18:47:55,868 [DEBUG] [download]  94.7% of ~  19.97MiB at  941.23KiB/s ETA 00:02 (frag 230/244)
2026-01-03 18:47:55,868 [DEBUG] [download]  94.7% of ~  19.97MiB at  941.23KiB/s ETA 00:02 (frag 230/244)
2026-01-03 18:47:55,876 [DEBUG] [download]  94.8% of ~  19.98MiB at  941.23KiB/s ETA 00:02 (frag 230/244)
2026-01-03 18:47:55,879 [DEBUG] [download]  94.8% of ~  20.00MiB at  941.23KiB/s ETA 00:02 (frag 230/244)
2026-01-03 18:47:55,881 [DEBUG] [download]  94.9% of ~  20.03MiB at  941.23KiB/s ETA 00:02 (frag 230/244)
2026-01-03 18:47:55,943 [DEBUG] [download]  94.2% of ~  20.18MiB at  941.23KiB/s ETA 00:02 (frag 231/244)
2026-01-03 18:47:55,944 [DEBUG] [download]  95.1% of ~  19.99MiB at  948.22KiB/s ETA 00:01 (frag 231/244)
2026-01-03 18:47:55,944 [DEBUG] [download]  95.1% of ~  19.99MiB at  948.22KiB/s ETA 00:01 (frag 231/244)
2026-01-03 18:47:55,945 [DEBUG] [download]  95.1% of ~  19.99MiB at  948.22KiB/s ETA 00:01 (frag 231/244)
2026-01-03 18:47:55,951 [DEBUG] [download]  95.1% of ~  19.99MiB at  948.22KiB/s ETA 00:01 (frag 231/244)
2026-01-03 18:47:55,959 [DEBUG] [download]  95.2% of ~  20.00MiB at  948.22KiB/s ETA 00:01 (frag 231/244)
2026-01-03 18:47:55,963 [DEBUG] [download]  95.2% of ~  20.02MiB at  948.22KiB/s ETA 00:01 (frag 231/244)
2026-01-03 18:47:55,964 [DEBUG] [download]  95.3% of ~  20.05MiB at  948.22KiB/s ETA 00:01 (frag 231/244)
2026-01-03 18:47:56,171 [DEBUG] [download]  94.6% of ~  20.21MiB at  948.22KiB/s ETA 00:01 (frag 232/244)
2026-01-03 18:47:56,171 [DEBUG] [download]  95.5% of ~  20.01MiB at  954.07KiB/s ETA 00:01 (frag 232/244)
2026-01-03 18:47:56,172 [DEBUG] [download]  95.5% of ~  20.01MiB at  954.07KiB/s ETA 00:01 (frag 232/244)
2026-01-03 18:47:56,174 [DEBUG] [download]  95.5% of ~  20.01MiB at  954.07KiB/s ETA 00:01 (frag 232/244)
2026-01-03 18:47:56,175 [DEBUG] [download]  95.5% of ~  20.02MiB at  954.07KiB/s ETA 00:01 (frag 232/244)
2026-01-03 18:47:56,175 [DEBUG] [download]  95.6% of ~  20.03MiB at  954.07KiB/s ETA 00:01 (frag 232/244)
2026-01-03 18:47:56,176 [DEBUG] [download]  95.6% of ~  20.04MiB at  954.07KiB/s ETA 00:01 (frag 232/244)
2026-01-03 18:47:56,177 [DEBUG] [download]  95.6% of ~  20.07MiB at  954.07KiB/s ETA 00:01 (frag 232/244)
2026-01-03 18:47:56,333 [DEBUG] [download]  95.1% of ~  20.19MiB at  954.07KiB/s ETA 00:01 (frag 233/244)
2026-01-03 18:47:56,333 [DEBUG] [download]  95.9% of ~  20.01MiB at  964.35KiB/s ETA 00:01 (frag 233/244)
2026-01-03 18:47:56,334 [DEBUG] [download]  95.9% of ~  20.01MiB at  964.35KiB/s ETA 00:01 (frag 233/244)
2026-01-03 18:47:56,334 [DEBUG] [download]  95.9% of ~  20.02MiB at  964.35KiB/s ETA 00:01 (frag 233/244)
2026-01-03 18:47:56,336 [DEBUG] [download]  95.9% of ~  20.02MiB at  964.35KiB/s ETA 00:01 (frag 233/244)
2026-01-03 18:47:56,343 [DEBUG] [download]  96.0% of ~  20.03MiB at  964.35KiB/s ETA 00:01 (frag 233/244)
2026-01-03 18:47:56,347 [DEBUG] [download]  96.1% of ~  20.04MiB at  964.35KiB/s ETA 00:01 (frag 233/244)
2026-01-03 18:47:56,347 [DEBUG] [download]  96.1% of ~  20.08MiB at  964.35KiB/s ETA 00:01 (frag 233/244)
2026-01-03 18:47:56,409 [DEBUG] [download]  95.4% of ~  20.21MiB at  964.35KiB/s ETA 00:01 (frag 234/244)
2026-01-03 18:47:56,409 [DEBUG] [download]  96.3% of ~  20.03MiB at  973.77KiB/s ETA 00:01 (frag 234/244)
2026-01-03 18:47:56,409 [DEBUG] [download]  96.3% of ~  20.03MiB at  973.77KiB/s ETA 00:01 (frag 234/244)
2026-01-03 18:47:56,412 [DEBUG] [download]  96.3% of ~  20.03MiB at  973.77KiB/s ETA 00:01 (frag 234/244)
2026-01-03 18:47:56,413 [DEBUG] [download]  96.4% of ~  20.03MiB at  973.77KiB/s ETA 00:01 (frag 234/244)
2026-01-03 18:47:56,419 [DEBUG] [download]  96.4% of ~  20.04MiB at  973.77KiB/s ETA 00:01 (frag 234/244)
2026-01-03 18:47:56,422 [DEBUG] [download]  96.5% of ~  20.06MiB at  973.77KiB/s ETA 00:01 (frag 234/244)
2026-01-03 18:47:56,423 [DEBUG] [download]  96.5% of ~  20.09MiB at  973.77KiB/s ETA 00:01 (frag 234/244)
2026-01-03 18:47:56,483 [DEBUG] [download]  95.8% of ~  20.25MiB at  973.77KiB/s ETA 00:01 (frag 235/244)
2026-01-03 18:47:56,484 [DEBUG] [download]  96.7% of ~  20.05MiB at  980.29KiB/s ETA 00:01 (frag 235/244)
2026-01-03 18:47:56,484 [DEBUG] [download]  96.7% of ~  20.05MiB at  980.29KiB/s ETA 00:01 (frag 235/244)
2026-01-03 18:47:56,485 [DEBUG] [download]  96.7% of ~  20.06MiB at  980.29KiB/s ETA 00:01 (frag 235/244)
2026-01-03 18:47:56,491 [DEBUG] [download]  96.8% of ~  20.06MiB at  980.29KiB/s ETA 00:01 (frag 235/244)
2026-01-03 18:47:56,495 [DEBUG] [download]  96.8% of ~  20.07MiB at  980.29KiB/s ETA 00:01 (frag 235/244)
2026-01-03 18:47:56,500 [DEBUG] [download]  96.9% of ~  20.08MiB at  980.29KiB/s ETA 00:01 (frag 235/244)
2026-01-03 18:47:56,500 [DEBUG] [download]  97.0% of ~  20.12MiB at  980.29KiB/s ETA 00:01 (frag 235/244)
2026-01-03 18:47:56,559 [DEBUG] [download]  96.2% of ~  20.28MiB at  980.29KiB/s ETA 00:01 (frag 236/244)
2026-01-03 18:47:56,559 [DEBUG] [download]  97.1% of ~  20.08MiB at  989.40KiB/s ETA 00:01 (frag 236/244)
2026-01-03 18:47:56,560 [DEBUG] [download]  97.1% of ~  20.08MiB at  989.40KiB/s ETA 00:01 (frag 236/244)
2026-01-03 18:47:56,563 [DEBUG] [download]  97.2% of ~  20.08MiB at  989.40KiB/s ETA 00:01 (frag 236/244)
2026-01-03 18:47:56,564 [DEBUG] [download]  97.2% of ~  20.09MiB at  989.40KiB/s ETA 00:01 (frag 236/244)
2026-01-03 18:47:56,568 [DEBUG] [download]  97.2% of ~  20.10MiB at  989.40KiB/s ETA 00:01 (frag 236/244)
2026-01-03 18:47:56,570 [DEBUG] [download]  97.3% of ~  20.11MiB at  989.40KiB/s ETA 00:01 (frag 236/244)
2026-01-03 18:47:56,571 [DEBUG] [download]  97.2% of ~  20.14MiB at  989.40KiB/s ETA 00:01 (frag 236/244)
2026-01-03 18:47:56,635 [DEBUG] [download]  96.7% of ~  20.24MiB at  989.40KiB/s ETA 00:01 (frag 237/244)
2026-01-03 18:47:56,635 [DEBUG] [download]  97.5% of ~  20.08MiB at  992.65KiB/s ETA 00:01 (frag 237/244)
2026-01-03 18:47:56,638 [DEBUG] [download]  97.6% of ~  20.08MiB at  992.65KiB/s ETA 00:01 (frag 237/244)
2026-01-03 18:47:56,639 [DEBUG] [download]  97.6% of ~  20.08MiB at  992.65KiB/s ETA 00:01 (frag 237/244)
2026-01-03 18:47:56,642 [DEBUG] [download]  97.6% of ~  20.08MiB at  992.65KiB/s ETA 00:01 (frag 237/244)
2026-01-03 18:47:56,648 [DEBUG] [download]  97.6% of ~  20.09MiB at  992.65KiB/s ETA 00:01 (frag 237/244)
2026-01-03 18:47:56,652 [DEBUG] [download]  97.7% of ~  20.11MiB at  992.65KiB/s ETA 00:01 (frag 237/244)
2026-01-03 18:47:56,653 [DEBUG] [download]  97.6% of ~  20.14MiB at  992.65KiB/s ETA 00:01 (frag 237/244)
2026-01-03 18:47:56,712 [DEBUG] [download]  97.2% of ~  20.23MiB at  992.65KiB/s ETA 00:01 (frag 238/244)
2026-01-03 18:47:56,712 [DEBUG] [download]  98.0% of ~  20.07MiB at  996.83KiB/s ETA 00:01 (frag 238/244)
2026-01-03 18:47:56,718 [DEBUG] [download]  98.0% of ~  20.07MiB at  996.83KiB/s ETA 00:01 (frag 238/244)
2026-01-03 18:47:56,718 [DEBUG] [download]  98.0% of ~  20.07MiB at  996.83KiB/s ETA 00:01 (frag 238/244)
2026-01-03 18:47:56,718 [DEBUG] [download]  98.0% of ~  20.08MiB at  996.83KiB/s ETA 00:01 (frag 238/244)
2026-01-03 18:47:56,718 [DEBUG] [download]  98.0% of ~  20.08MiB at  996.83KiB/s ETA 00:01 (frag 238/244)
2026-01-03 18:47:56,718 [DEBUG] [download]  98.1% of ~  20.10MiB at  996.83KiB/s ETA 00:01 (frag 238/244)
2026-01-03 18:47:56,718 [DEBUG] [download]  98.1% of ~  20.13MiB at  996.83KiB/s ETA 00:01 (frag 238/244)
2026-01-03 18:47:56,782 [DEBUG] [download]  97.5% of ~  20.24MiB at  996.83KiB/s ETA 00:01 (frag 239/244)
2026-01-03 18:47:56,782 [DEBUG] [download]  98.4% of ~  20.07MiB at 1003.58KiB/s ETA 00:01 (frag 239/244)
2026-01-03 18:47:56,786 [DEBUG] [download]  98.4% of ~  20.07MiB at 1003.58KiB/s ETA 00:01 (frag 239/244)
2026-01-03 18:47:56,787 [DEBUG] [download]  98.4% of ~  20.07MiB at 1003.58KiB/s ETA 00:01 (frag 239/244)
2026-01-03 18:47:56,791 [DEBUG] [download]  98.4% of ~  20.08MiB at 1003.58KiB/s ETA 00:01 (frag 239/244)
2026-01-03 18:47:56,792 [DEBUG] [download]  98.4% of ~  20.08MiB at 1003.58KiB/s ETA 00:01 (frag 239/244)
2026-01-03 18:47:56,793 [DEBUG] [download]  98.4% of ~  20.10MiB at 1003.58KiB/s ETA 00:01 (frag 239/244)
2026-01-03 18:47:56,862 [DEBUG] [download]  98.1% of ~  20.17MiB at 1003.58KiB/s ETA 00:01 (frag 240/244)
2026-01-03 18:47:56,862 [DEBUG] [download]  98.8% of ~  20.04MiB at 1002.22KiB/s ETA 00:01 (frag 240/244)
2026-01-03 18:47:56,863 [DEBUG] [download]  98.8% of ~  20.04MiB at 1002.22KiB/s ETA 00:01 (frag 240/244)
2026-01-03 18:47:56,863 [DEBUG] [download]  98.8% of ~  20.04MiB at 1002.22KiB/s ETA 00:01 (frag 240/244)
2026-01-03 18:47:56,866 [DEBUG] [download]  98.8% of ~  20.04MiB at 1002.22KiB/s ETA 00:01 (frag 240/244)
2026-01-03 18:47:56,869 [DEBUG] [download]  98.8% of ~  20.05MiB at 1002.22KiB/s ETA 00:01 (frag 240/244)
2026-01-03 18:47:56,872 [DEBUG] [download]  98.9% of ~  20.07MiB at 1002.22KiB/s ETA 00:01 (frag 240/244)
2026-01-03 18:47:56,872 [DEBUG] [download]  99.0% of ~  20.10MiB at 1002.22KiB/s ETA 00:01 (frag 240/244)
2026-01-03 18:47:56,932 [DEBUG] [download]  98.2% of ~  20.25MiB at 1002.22KiB/s ETA 00:01 (frag 241/244)
2026-01-03 18:47:56,933 [DEBUG] [download]  99.2% of ~  20.06MiB at 1006.11KiB/s ETA 00:00 (frag 241/244)
2026-01-03 18:47:56,933 [DEBUG] [download]  99.2% of ~  20.06MiB at 1006.11KiB/s ETA 00:00 (frag 241/244)
2026-01-03 18:47:56,934 [DEBUG] [download]  99.2% of ~  20.06MiB at 1006.11KiB/s ETA 00:00 (frag 241/244)
2026-01-03 18:47:56,938 [DEBUG] [download]  99.2% of ~  20.07MiB at 1006.11KiB/s ETA 00:00 (frag 241/244)
2026-01-03 18:47:56,941 [DEBUG] [download]  99.3% of ~  20.08MiB at 1006.11KiB/s ETA 00:00 (frag 241/244)
2026-01-03 18:47:56,944 [DEBUG] [download]  99.3% of ~  20.09MiB at 1006.11KiB/s ETA 00:00 (frag 241/244)
2026-01-03 18:47:56,945 [DEBUG] [download]  99.4% of ~  20.12MiB at 1006.11KiB/s ETA 00:00 (frag 241/244)
2026-01-03 18:47:57,007 [DEBUG] [download]  98.7% of ~  20.26MiB at 1006.11KiB/s ETA 00:00 (frag 242/244)
2026-01-03 18:47:57,007 [DEBUG] [download]  99.6% of ~  20.08MiB at 1009.49KiB/s ETA 00:00 (frag 242/244)
2026-01-03 18:47:57,010 [DEBUG] [download]  99.6% of ~  20.08MiB at 1009.49KiB/s ETA 00:00 (frag 242/244)
2026-01-03 18:47:57,011 [DEBUG] [download]  99.6% of ~  20.08MiB at 1009.49KiB/s ETA 00:00 (frag 242/244)
2026-01-03 18:47:57,031 [DEBUG] [download]  99.6% of ~  20.09MiB at 1009.49KiB/s ETA 00:00 (frag 242/244)
2026-01-03 18:47:57,036 [DEBUG] [download]  99.7% of ~  20.09MiB at 1009.49KiB/s ETA 00:00 (frag 242/244)
2026-01-03 18:47:57,040 [DEBUG] [download]  99.7% of ~  20.11MiB at 1009.49KiB/s ETA 00:00 (frag 242/244)
2026-01-03 18:47:57,041 [DEBUG] [download]  99.7% of ~  20.14MiB at 1009.49KiB/s ETA 00:00 (frag 242/244)
2026-01-03 18:47:57,107 [DEBUG] [download]  99.1% of ~  20.26MiB at 1009.49KiB/s ETA 00:00 (frag 243/244)
2026-01-03 18:47:57,107 [DEBUG] [download] 100.0% of ~  20.09MiB at 1010.17KiB/s ETA 00:00 (frag 243/244)
2026-01-03 18:47:57,108 [DEBUG] [download] 100.0% of ~  20.09MiB at 1010.17KiB/s ETA 00:00 (frag 243/244)
2026-01-03 18:47:57,110 [DEBUG] [download] 100.0% of ~  20.09MiB at 1010.17KiB/s ETA 00:00 (frag 243/244)
2026-01-03 18:47:57,111 [DEBUG] [download] 100.0% of ~  20.10MiB at 1010.17KiB/s ETA 00:00 (frag 243/244)
2026-01-03 18:47:57,113 [DEBUG] [download] 100.0% of ~  20.12MiB at 1010.17KiB/s ETA 00:00 (frag 243/244)
2026-01-03 18:47:57,118 [DEBUG] [download] 100.0% of ~  20.15MiB at 1010.17KiB/s ETA 00:00 (frag 243/244)
2026-01-03 18:47:57,118 [DEBUG] [download] 100.0% of ~  20.20MiB at 1010.17KiB/s ETA 00:00 (frag 243/244)
2026-01-03 18:47:57,122 [DEBUG] [download]  99.5% of ~  20.31MiB at 1010.17KiB/s ETA 00:00 (frag 244/244)
2026-01-03 18:47:57,122 [DEBUG] [download] 100% of   20.20MiB in 00:00:22 at 910.60KiB/s
2026-01-03 18:47:57,281 [DEBUG] [ExtractAudio] Destination: /home/simon/Documents/coding/github/ytdown/src/How to speedrun fixing typos [rS4-dTxIHes].mp3
2026-01-03 18:48:05,698 [DEBUG] Deleting original file /home/simon/Documents/coding/github/ytdown/src/How to speedrun fixing typos [rS4-dTxIHes].mp4 (pass -k to keep)
